water_type,wavelength_nm,quantity,value_per_m,unit,status,note
IB,300,a,0.149,1/m,model_extrapolation,実測点は412-715 nmのみ。この波長はモデルによる外挿
IB,300,b,0.178,1/m,model_extrapolation,実測点は412-715 nmのみ。この波長はモデルによる外挿
IB,301,a,0.147,1/m,model_extrapolation,実測点は412-715 nmのみ。この波長はモデルによる外挿
IB,301,b,0.177,1/m,model_extrapolation,実測点は412-715 nmのみ。この波長はモデルによる外挿
IB,302,a,0.145,1/m,model_extrapolation,実測点は412-715 nmのみ。この波長はモデルによる外挿
IB,302,b,0.177,1/m,model_extrapolation,実測点は412-715 nmのみ。この波長はモデルによる外挿
IB,303,a,0.143,1/m,model_extrapolation,実測点は412-715 nmのみ。この波長はモデルによる外挿
IB,303,b,0.176,1/m,model_extrapolation,実測点は412-715 nmのみ。この波長はモデルによる外挿
IB,304,a,0.14,1/m,model_extrapolation,実測点は412-715 nmのみ。この波長はモデルによる外挿
IB,304,b,0.176,1/m,model_extrapolation,実測点は412-715 nmのみ。この波長はモデルによる外挿
IB,305,a,0.139,1/m,model_extrapolation,実測点は412-715 nmのみ。この波長はモデルによる外挿
IB,305,b,0.175,1/m,model_extrapolation,実測点は412-715 nmのみ。この波長はモデルによる外挿
IB,306,a,0.137,1/m,model_extrapolation,実測点は412-715 nmのみ。この波長はモデルによる外挿
IB,306,b,0.174,1/m,model_extrapolation,実測点は412-715 nmのみ。この波長はモデルによる外挿
IB,307,a,0.135,1/m,model_extrapolation,実測点は412-715 nmのみ。この波長はモデルによる外挿
IB,307,b,0.174,1/m,model_extrapolation,実測点は412-715 nmのみ。この波長はモデルによる外挿
IB,308,a,0.133,1/m,model_extrapolation,実測点は412-715 nmのみ。この波長はモデルによる外挿
IB,308,b,0.173,1/m,model_extrapolation,実測点は412-715 nmのみ。この波長はモデルによる外挿
IB,309,a,0.131,1/m,model_extrapolation,実測点は412-715 nmのみ。この波長はモデルによる外挿
IB,309,b,0.173,1/m,model_extrapolation,実測点は412-715 nmのみ。この波長はモデルによる外挿
IB,310,a,0.129,1/m,model_extrapolation,実測点は412-715 nmのみ。この波長はモデルによる外挿
IB,310,b,0.172,1/m,model_extrapolation,実測点は412-715 nmのみ。この波長はモデルによる外挿
IB,311,a,0.127,1/m,model_extrapolation,実測点は412-715 nmのみ。この波長はモデルによる外挿
IB,311,b,0.172,1/m,model_extrapolation,実測点は412-715 nmのみ。この波長はモデルによる外挿
IB,312,a,0.125,1/m,model_extrapolation,実測点は412-715 nmのみ。この波長はモデルによる外挿
IB,312,b,0.172,1/m,model_extrapolation,実測点は412-715 nmのみ。この波長はモデルによる外挿
IB,313,a,0.124,1/m,model_extrapolation,実測点は412-715 nmのみ。この波長はモデルによる外挿
IB,313,b,0.171,1/m,model_extrapolation,実測点は412-715 nmのみ。この波長はモデルによる外挿
IB,314,a,0.122,1/m,model_extrapolation,実測点は412-715 nmのみ。この波長はモデルによる外挿
IB,314,b,0.171,1/m,model_extrapolation,実測点は412-715 nmのみ。この波長はモデルによる外挿
IB,315,a,0.12,1/m,model_extrapolation,実測点は412-715 nmのみ。この波長はモデルによる外挿
IB,315,b,0.17,1/m,model_extrapolation,実測点は412-715 nmのみ。この波長はモデルによる外挿
IB,316,a,0.119,1/m,model_extrapolation,実測点は412-715 nmのみ。この波長はモデルによる外挿
IB,316,b,0.17,1/m,model_extrapolation,実測点は412-715 nmのみ。この波長はモデルによる外挿
IB,317,a,0.117,1/m,model_extrapolation,実測点は412-715 nmのみ。この波長はモデルによる外挿
IB,317,b,0.169,1/m,model_extrapolation,実測点は412-715 nmのみ。この波長はモデルによる外挿
IB,318,a,0.115,1/m,model_extrapolation,実測点は412-715 nmのみ。この波長はモデルによる外挿
IB,318,b,0.169,1/m,model_extrapolation,実測点は412-715 nmのみ。この波長はモデルによる外挿
IB,319,a,0.114,1/m,model_extrapolation,実測点は412-715 nmのみ。この波長はモデルによる外挿
IB,319,b,0.168,1/m,model_extrapolation,実測点は412-715 nmのみ。この波長はモデルによる外挿
IB,320,a,0.112,1/m,model_extrapolation,実測点は412-715 nmのみ。この波長はモデルによる外挿
IB,320,b,0.168,1/m,model_extrapolation,実測点は412-715 nmのみ。この波長はモデルによる外挿
IB,321,a,0.111,1/m,model_extrapolation,実測点は412-715 nmのみ。この波長はモデルによる外挿
IB,321,b,0.167,1/m,model_extrapolation,実測点は412-715 nmのみ。この波長はモデルによる外挿
IB,322,a,0.109,1/m,model_extrapolation,実測点は412-715 nmのみ。この波長はモデルによる外挿
IB,322,b,0.167,1/m,model_extrapolation,実測点は412-715 nmのみ。この波長はモデルによる外挿
IB,323,a,0.108,1/m,model_extrapolation,実測点は412-715 nmのみ。この波長はモデルによる外挿
IB,323,b,0.167,1/m,model_extrapolation,実測点は412-715 nmのみ。この波長はモデルによる外挿
IB,324,a,0.106,1/m,model_extrapolation,実測点は412-715 nmのみ。この波長はモデルによる外挿
IB,324,b,0.166,1/m,model_extrapolation,実測点は412-715 nmのみ。この波長はモデルによる外挿
IB,325,a,0.105,1/m,model_extrapolation,実測点は412-715 nmのみ。この波長はモデルによる外挿
IB,325,b,0.166,1/m,model_extrapolation,実測点は412-715 nmのみ。この波長はモデルによる外挿
IB,326,a,0.103,1/m,model_extrapolation,実測点は412-715 nmのみ。この波長はモデルによる外挿
IB,326,b,0.165,1/m,model_extrapolation,実測点は412-715 nmのみ。この波長はモデルによる外挿
IB,327,a,0.102,1/m,model_extrapolation,実測点は412-715 nmのみ。この波長はモデルによる外挿
IB,327,b,0.165,1/m,model_extrapolation,実測点は412-715 nmのみ。この波長はモデルによる外挿
IB,328,a,0.1,1/m,model_extrapolation,実測点は412-715 nmのみ。この波長はモデルによる外挿
IB,328,b,0.165,1/m,model_extrapolation,実測点は412-715 nmのみ。この波長はモデルによる外挿
IB,329,a,0.0989,1/m,model_extrapolation,実測点は412-715 nmのみ。この波長はモデルによる外挿
IB,329,b,0.164,1/m,model_extrapolation,実測点は412-715 nmのみ。この波長はモデルによる外挿
IB,330,a,0.0975,1/m,model_extrapolation,実測点は412-715 nmのみ。この波長はモデルによる外挿
IB,330,b,0.164,1/m,model_extrapolation,実測点は412-715 nmのみ。この波長はモデルによる外挿
IB,331,a,0.0961,1/m,model_extrapolation,実測点は412-715 nmのみ。この波長はモデルによる外挿
IB,331,b,0.163,1/m,model_extrapolation,実測点は412-715 nmのみ。この波長はモデルによる外挿
IB,332,a,0.0948,1/m,model_extrapolation,実測点は412-715 nmのみ。この波長はモデルによる外挿
IB,332,b,0.163,1/m,model_extrapolation,実測点は412-715 nmのみ。この波長はモデルによる外挿
IB,333,a,0.0934,1/m,model_extrapolation,実測点は412-715 nmのみ。この波長はモデルによる外挿
IB,333,b,0.163,1/m,model_extrapolation,実測点は412-715 nmのみ。この波長はモデルによる外挿
IB,334,a,0.092,1/m,model_extrapolation,実測点は412-715 nmのみ。この波長はモデルによる外挿
IB,334,b,0.162,1/m,model_extrapolation,実測点は412-715 nmのみ。この波長はモデルによる外挿
IB,335,a,0.0907,1/m,model_extrapolation,実測点は412-715 nmのみ。この波長はモデルによる外挿
IB,335,b,0.162,1/m,model_extrapolation,実測点は412-715 nmのみ。この波長はモデルによる外挿
IB,336,a,0.0894,1/m,model_extrapolation,実測点は412-715 nmのみ。この波長はモデルによる外挿
IB,336,b,0.161,1/m,model_extrapolation,実測点は412-715 nmのみ。この波長はモデルによる外挿
IB,337,a,0.0881,1/m,model_extrapolation,実測点は412-715 nmのみ。この波長はモデルによる外挿
IB,337,b,0.161,1/m,model_extrapolation,実測点は412-715 nmのみ。この波長はモデルによる外挿
IB,338,a,0.0868,1/m,model_extrapolation,実測点は412-715 nmのみ。この波長はモデルによる外挿
IB,338,b,0.161,1/m,model_extrapolation,実測点は412-715 nmのみ。この波長はモデルによる外挿
IB,339,a,0.0854,1/m,model_extrapolation,実測点は412-715 nmのみ。この波長はモデルによる外挿
IB,339,b,0.16,1/m,model_extrapolation,実測点は412-715 nmのみ。この波長はモデルによる外挿
IB,340,a,0.0841,1/m,model_extrapolation,実測点は412-715 nmのみ。この波長はモデルによる外挿
IB,340,b,0.16,1/m,model_extrapolation,実測点は412-715 nmのみ。この波長はモデルによる外挿
IB,341,a,0.0828,1/m,model_extrapolation,実測点は412-715 nmのみ。この波長はモデルによる外挿
IB,341,b,0.16,1/m,model_extrapolation,実測点は412-715 nmのみ。この波長はモデルによる外挿
IB,342,a,0.0815,1/m,model_extrapolation,実測点は412-715 nmのみ。この波長はモデルによる外挿
IB,342,b,0.159,1/m,model_extrapolation,実測点は412-715 nmのみ。この波長はモデルによる外挿
IB,343,a,0.0802,1/m,model_extrapolation,実測点は412-715 nmのみ。この波長はモデルによる外挿
IB,343,b,0.159,1/m,model_extrapolation,実測点は412-715 nmのみ。この波長はモデルによる外挿
IB,344,a,0.0789,1/m,model_extrapolation,実測点は412-715 nmのみ。この波長はモデルによる外挿
IB,344,b,0.159,1/m,model_extrapolation,実測点は412-715 nmのみ。この波長はモデルによる外挿
IB,345,a,0.0776,1/m,model_extrapolation,実測点は412-715 nmのみ。この波長はモデルによる外挿
IB,345,b,0.158,1/m,model_extrapolation,実測点は412-715 nmのみ。この波長はモデルによる外挿
IB,346,a,0.0763,1/m,model_extrapolation,実測点は412-715 nmのみ。この波長はモデルによる外挿
IB,346,b,0.158,1/m,model_extrapolation,実測点は412-715 nmのみ。この波長はモデルによる外挿
IB,347,a,0.075,1/m,model_extrapolation,実測点は412-715 nmのみ。この波長はモデルによる外挿
IB,347,b,0.158,1/m,model_extrapolation,実測点は412-715 nmのみ。この波長はモデルによる外挿
IB,348,a,0.0738,1/m,model_extrapolation,実測点は412-715 nmのみ。この波長はモデルによる外挿
IB,348,b,0.157,1/m,model_extrapolation,実測点は412-715 nmのみ。この波長はモデルによる外挿
IB,349,a,0.0726,1/m,model_extrapolation,実測点は412-715 nmのみ。この波長はモデルによる外挿
IB,349,b,0.157,1/m,model_extrapolation,実測点は412-715 nmのみ。この波長はモデルによる外挿
IB,350,a,0.0714,1/m,model_extrapolation,実測点は412-715 nmのみ。この波長はモデルによる外挿
IB,350,b,0.157,1/m,model_extrapolation,実測点は412-715 nmのみ。この波長はモデルによる外挿
IB,351,a,0.0702,1/m,model_extrapolation,実測点は412-715 nmのみ。この波長はモデルによる外挿
IB,351,b,0.156,1/m,model_extrapolation,実測点は412-715 nmのみ。この波長はモデルによる外挿
IB,352,a,0.0691,1/m,model_extrapolation,実測点は412-715 nmのみ。この波長はモデルによる外挿
IB,352,b,0.156,1/m,model_extrapolation,実測点は412-715 nmのみ。この波長はモデルによる外挿
IB,353,a,0.068,1/m,model_extrapolation,実測点は412-715 nmのみ。この波長はモデルによる外挿
IB,353,b,0.156,1/m,model_extrapolation,実測点は412-715 nmのみ。この波長はモデルによる外挿
IB,354,a,0.067,1/m,model_extrapolation,実測点は412-715 nmのみ。この波長はモデルによる外挿
IB,354,b,0.155,1/m,model_extrapolation,実測点は412-715 nmのみ。この波長はモデルによる外挿
IB,355,a,0.066,1/m,model_extrapolation,実測点は412-715 nmのみ。この波長はモデルによる外挿
IB,355,b,0.155,1/m,model_extrapolation,実測点は412-715 nmのみ。この波長はモデルによる外挿
IB,356,a,0.0651,1/m,model_extrapolation,実測点は412-715 nmのみ。この波長はモデルによる外挿
IB,356,b,0.155,1/m,model_extrapolation,実測点は412-715 nmのみ。この波長はモデルによる外挿
IB,357,a,0.0642,1/m,model_extrapolation,実測点は412-715 nmのみ。この波長はモデルによる外挿
IB,357,b,0.154,1/m,model_extrapolation,実測点は412-715 nmのみ。この波長はモデルによる外挿
IB,358,a,0.0634,1/m,model_extrapolation,実測点は412-715 nmのみ。この波長はモデルによる外挿
IB,358,b,0.154,1/m,model_extrapolation,実測点は412-715 nmのみ。この波長はモデルによる外挿
IB,359,a,0.0625,1/m,model_extrapolation,実測点は412-715 nmのみ。この波長はモデルによる外挿
IB,359,b,0.154,1/m,model_extrapolation,実測点は412-715 nmのみ。この波長はモデルによる外挿
IB,360,a,0.0617,1/m,model_extrapolation,実測点は412-715 nmのみ。この波長はモデルによる外挿
IB,360,b,0.154,1/m,model_extrapolation,実測点は412-715 nmのみ。この波長はモデルによる外挿
IB,361,a,0.061,1/m,model_extrapolation,実測点は412-715 nmのみ。この波長はモデルによる外挿
IB,361,b,0.153,1/m,model_extrapolation,実測点は412-715 nmのみ。この波長はモデルによる外挿
IB,362,a,0.0603,1/m,model_extrapolation,実測点は412-715 nmのみ。この波長はモデルによる外挿
IB,362,b,0.153,1/m,model_extrapolation,実測点は412-715 nmのみ。この波長はモデルによる外挿
IB,363,a,0.0597,1/m,model_extrapolation,実測点は412-715 nmのみ。この波長はモデルによる外挿
IB,363,b,0.153,1/m,model_extrapolation,実測点は412-715 nmのみ。この波長はモデルによる外挿
IB,364,a,0.059,1/m,model_extrapolation,実測点は412-715 nmのみ。この波長はモデルによる外挿
IB,364,b,0.152,1/m,model_extrapolation,実測点は412-715 nmのみ。この波長はモデルによる外挿
IB,365,a,0.0584,1/m,model_extrapolation,実測点は412-715 nmのみ。この波長はモデルによる外挿
IB,365,b,0.152,1/m,model_extrapolation,実測点は412-715 nmのみ。この波長はモデルによる外挿
IB,366,a,0.0578,1/m,model_extrapolation,実測点は412-715 nmのみ。この波長はモデルによる外挿
IB,366,b,0.152,1/m,model_extrapolation,実測点は412-715 nmのみ。この波長はモデルによる外挿
IB,367,a,0.0573,1/m,model_extrapolation,実測点は412-715 nmのみ。この波長はモデルによる外挿
IB,367,b,0.152,1/m,model_extrapolation,実測点は412-715 nmのみ。この波長はモデルによる外挿
IB,368,a,0.0567,1/m,model_extrapolation,実測点は412-715 nmのみ。この波長はモデルによる外挿
IB,368,b,0.151,1/m,model_extrapolation,実測点は412-715 nmのみ。この波長はモデルによる外挿
IB,369,a,0.0561,1/m,model_extrapolation,実測点は412-715 nmのみ。この波長はモデルによる外挿
IB,369,b,0.151,1/m,model_extrapolation,実測点は412-715 nmのみ。この波長はモデルによる外挿
IB,370,a,0.0556,1/m,model_extrapolation,実測点は412-715 nmのみ。この波長はモデルによる外挿
IB,370,b,0.151,1/m,model_extrapolation,実測点は412-715 nmのみ。この波長はモデルによる外挿
IB,371,a,0.055,1/m,model_extrapolation,実測点は412-715 nmのみ。この波長はモデルによる外挿
IB,371,b,0.151,1/m,model_extrapolation,実測点は412-715 nmのみ。この波長はモデルによる外挿
IB,372,a,0.0545,1/m,model_extrapolation,実測点は412-715 nmのみ。この波長はモデルによる外挿
IB,372,b,0.15,1/m,model_extrapolation,実測点は412-715 nmのみ。この波長はモデルによる外挿
IB,373,a,0.0541,1/m,model_extrapolation,実測点は412-715 nmのみ。この波長はモデルによる外挿
IB,373,b,0.15,1/m,model_extrapolation,実測点は412-715 nmのみ。この波長はモデルによる外挿
IB,374,a,0.0537,1/m,model_extrapolation,実測点は412-715 nmのみ。この波長はモデルによる外挿
IB,374,b,0.15,1/m,model_extrapolation,実測点は412-715 nmのみ。この波長はモデルによる外挿
IB,375,a,0.0532,1/m,model_extrapolation,実測点は412-715 nmのみ。この波長はモデルによる外挿
IB,375,b,0.149,1/m,model_extrapolation,実測点は412-715 nmのみ。この波長はモデルによる外挿
IB,376,a,0.0528,1/m,model_extrapolation,実測点は412-715 nmのみ。この波長はモデルによる外挿
IB,376,b,0.149,1/m,model_extrapolation,実測点は412-715 nmのみ。この波長はモデルによる外挿
IB,377,a,0.0524,1/m,model_extrapolation,実測点は412-715 nmのみ。この波長はモデルによる外挿
IB,377,b,0.149,1/m,model_extrapolation,実測点は412-715 nmのみ。この波長はモデルによる外挿
IB,378,a,0.052,1/m,model_extrapolation,実測点は412-715 nmのみ。この波長はモデルによる外挿
IB,378,b,0.149,1/m,model_extrapolation,実測点は412-715 nmのみ。この波長はモデルによる外挿
IB,379,a,0.0515,1/m,model_extrapolation,実測点は412-715 nmのみ。この波長はモデルによる外挿
IB,379,b,0.148,1/m,model_extrapolation,実測点は412-715 nmのみ。この波長はモデルによる外挿
IB,380,a,0.0511,1/m,model_extrapolation,実測点は412-715 nmのみ。この波長はモデルによる外挿
IB,380,b,0.148,1/m,model_extrapolation,実測点は412-715 nmのみ。この波長はモデルによる外挿
IB,381,a,0.0508,1/m,model_extrapolation,実測点は412-715 nmのみ。この波長はモデルによる外挿
IB,381,b,0.148,1/m,model_extrapolation,実測点は412-715 nmのみ。この波長はモデルによる外挿
IB,382,a,0.0504,1/m,model_extrapolation,実測点は412-715 nmのみ。この波長はモデルによる外挿
IB,382,b,0.148,1/m,model_extrapolation,実測点は412-715 nmのみ。この波長はモデルによる外挿
IB,383,a,0.05,1/m,model_extrapolation,実測点は412-715 nmのみ。この波長はモデルによる外挿
IB,383,b,0.147,1/m,model_extrapolation,実測点は412-715 nmのみ。この波長はモデルによる外挿
IB,384,a,0.0496,1/m,model_extrapolation,実測点は412-715 nmのみ。この波長はモデルによる外挿
IB,384,b,0.147,1/m,model_extrapolation,実測点は412-715 nmのみ。この波長はモデルによる外挿
IB,385,a,0.0493,1/m,model_extrapolation,実測点は412-715 nmのみ。この波長はモデルによる外挿
IB,385,b,0.147,1/m,model_extrapolation,実測点は412-715 nmのみ。この波長はモデルによる外挿
IB,386,a,0.0489,1/m,model_extrapolation,実測点は412-715 nmのみ。この波長はモデルによる外挿
IB,386,b,0.147,1/m,model_extrapolation,実測点は412-715 nmのみ。この波長はモデルによる外挿
IB,387,a,0.0485,1/m,model_extrapolation,実測点は412-715 nmのみ。この波長はモデルによる外挿
IB,387,b,0.147,1/m,model_extrapolation,実測点は412-715 nmのみ。この波長はモデルによる外挿
IB,388,a,0.0482,1/m,model_extrapolation,実測点は412-715 nmのみ。この波長はモデルによる外挿
IB,388,b,0.146,1/m,model_extrapolation,実測点は412-715 nmのみ。この波長はモデルによる外挿
IB,389,a,0.0479,1/m,model_extrapolation,実測点は412-715 nmのみ。この波長はモデルによる外挿
IB,389,b,0.146,1/m,model_extrapolation,実測点は412-715 nmのみ。この波長はモデルによる外挿
IB,390,a,0.0476,1/m,model_extrapolation,実測点は412-715 nmのみ。この波長はモデルによる外挿
IB,390,b,0.146,1/m,model_extrapolation,実測点は412-715 nmのみ。この波長はモデルによる外挿
IB,391,a,0.0472,1/m,model_extrapolation,実測点は412-715 nmのみ。この波長はモデルによる外挿
IB,391,b,0.146,1/m,model_extrapolation,実測点は412-715 nmのみ。この波長はモデルによる外挿
IB,392,a,0.0469,1/m,model_extrapolation,実測点は412-715 nmのみ。この波長はモデルによる外挿
IB,392,b,0.145,1/m,model_extrapolation,実測点は412-715 nmのみ。この波長はモデルによる外挿
IB,393,a,0.0465,1/m,model_extrapolation,実測点は412-715 nmのみ。この波長はモデルによる外挿
IB,393,b,0.145,1/m,model_extrapolation,実測点は412-715 nmのみ。この波長はモデルによる外挿
IB,394,a,0.0462,1/m,model_extrapolation,実測点は412-715 nmのみ。この波長はモデルによる外挿
IB,394,b,0.145,1/m,model_extrapolation,実測点は412-715 nmのみ。この波長はモデルによる外挿
IB,395,a,0.0459,1/m,model_extrapolation,実測点は412-715 nmのみ。この波長はモデルによる外挿
IB,395,b,0.145,1/m,model_extrapolation,実測点は412-715 nmのみ。この波長はモデルによる外挿
IB,396,a,0.0456,1/m,model_extrapolation,実測点は412-715 nmのみ。この波長はモデルによる外挿
IB,396,b,0.144,1/m,model_extrapolation,実測点は412-715 nmのみ。この波長はモデルによる外挿
IB,397,a,0.0454,1/m,model_extrapolation,実測点は412-715 nmのみ。この波長はモデルによる外挿
IB,397,b,0.144,1/m,model_extrapolation,実測点は412-715 nmのみ。この波長はモデルによる外挿
IB,398,a,0.0451,1/m,model_extrapolation,実測点は412-715 nmのみ。この波長はモデルによる外挿
IB,398,b,0.144,1/m,model_extrapolation,実測点は412-715 nmのみ。この波長はモデルによる外挿
IB,399,a,0.045,1/m,model_extrapolation,実測点は412-715 nmのみ。この波長はモデルによる外挿
IB,399,b,0.144,1/m,model_extrapolation,実測点は412-715 nmのみ。この波長はモデルによる外挿
IB,400,a,0.0448,1/m,model_extrapolation,実測点は412-715 nmのみ。この波長はモデルによる外挿
IB,400,b,0.144,1/m,model_extrapolation,実測点は412-715 nmのみ。この波長はモデルによる外挿
IB,401,a,0.0446,1/m,model_extrapolation,実測点は412-715 nmのみ。この波長はモデルによる外挿
IB,401,b,0.143,1/m,model_extrapolation,実測点は412-715 nmのみ。この波長はモデルによる外挿
IB,402,a,0.0444,1/m,model_extrapolation,実測点は412-715 nmのみ。この波長はモデルによる外挿
IB,402,b,0.143,1/m,model_extrapolation,実測点は412-715 nmのみ。この波長はモデルによる外挿
IB,403,a,0.0442,1/m,model_extrapolation,実測点は412-715 nmのみ。この波長はモデルによる外挿
IB,403,b,0.143,1/m,model_extrapolation,実測点は412-715 nmのみ。この波長はモデルによる外挿
IB,404,a,0.0441,1/m,model_extrapolation,実測点は412-715 nmのみ。この波長はモデルによる外挿
IB,404,b,0.143,1/m,model_extrapolation,実測点は412-715 nmのみ。この波長はモデルによる外挿
IB,405,a,0.044,1/m,model_extrapolation,実測点は412-715 nmのみ。この波長はモデルによる外挿
IB,405,b,0.143,1/m,model_extrapolation,実測点は412-715 nmのみ。この波長はモデルによる外挿
IB,406,a,0.0439,1/m,model_extrapolation,実測点は412-715 nmのみ。この波長はモデルによる外挿
IB,406,b,0.142,1/m,model_extrapolation,実測点は412-715 nmのみ。この波長はモデルによる外挿
IB,407,a,0.0438,1/m,model_extrapolation,実測点は412-715 nmのみ。この波長はモデルによる外挿
IB,407,b,0.142,1/m,model_extrapolation,実測点は412-715 nmのみ。この波長はモデルによる外挿
IB,408,a,0.0437,1/m,model_extrapolation,実測点は412-715 nmのみ。この波長はモデルによる外挿
IB,408,b,0.142,1/m,model_extrapolation,実測点は412-715 nmのみ。この波長はモデルによる外挿
IB,409,a,0.0436,1/m,model_extrapolation,実測点は412-715 nmのみ。この波長はモデルによる外挿
IB,409,b,0.142,1/m,model_extrapolation,実測点は412-715 nmのみ。この波長はモデルによる外挿
IB,410,a,0.0436,1/m,model_extrapolation,実測点は412-715 nmのみ。この波長はモデルによる外挿
IB,410,b,0.142,1/m,model_extrapolation,実測点は412-715 nmのみ。この波長はモデルによる外挿
IB,411,a,0.0435,1/m,model_extrapolation,実測点は412-715 nmのみ。この波長はモデルによる外挿
IB,411,b,0.141,1/m,model_extrapolation,実測点は412-715 nmのみ。この波長はモデルによる外挿
IB,412,a,0.0434,1/m,ok,
IB,412,b,0.141,1/m,ok,
IB,413,a,0.0434,1/m,ok,
IB,413,b,0.141,1/m,ok,
IB,414,a,0.0434,1/m,ok,
IB,414,b,0.141,1/m,ok,
IB,415,a,0.0433,1/m,ok,
IB,415,b,0.141,1/m,ok,
IB,416,a,0.0432,1/m,ok,
IB,416,b,0.14,1/m,ok,
IB,417,a,0.0431,1/m,ok,
IB,417,b,0.14,1/m,ok,
IB,418,a,0.0431,1/m,ok,
IB,418,b,0.14,1/m,ok,
IB,419,a,0.043,1/m,ok,
IB,419,b,0.14,1/m,ok,
IB,420,a,0.043,1/m,ok,
IB,420,b,0.14,1/m,ok,
IB,421,a,0.043,1/m,ok,
IB,421,b,0.139,1/m,ok,
IB,422,a,0.0429,1/m,ok,
IB,422,b,0.139,1/m,ok,
IB,423,a,0.0429,1/m,ok,
IB,423,b,0.139,1/m,ok,
IB,424,a,0.0428,1/m,ok,
IB,424,b,0.139,1/m,ok,
IB,425,a,0.0428,1/m,ok,
IB,425,b,0.139,1/m,ok,
IB,426,a,0.0428,1/m,ok,
IB,426,b,0.139,1/m,ok,
IB,427,a,0.0427,1/m,ok,
IB,427,b,0.138,1/m,ok,
IB,428,a,0.0427,1/m,ok,
IB,428,b,0.138,1/m,ok,
IB,429,a,0.0427,1/m,ok,
IB,429,b,0.138,1/m,ok,
IB,430,a,0.0426,1/m,ok,
IB,430,b,0.138,1/m,ok,
IB,431,a,0.0426,1/m,ok,
IB,431,b,0.138,1/m,ok,
IB,432,a,0.0426,1/m,ok,
IB,432,b,0.137,1/m,ok,
IB,433,a,0.0426,1/m,ok,
IB,433,b,0.137,1/m,ok,
IB,434,a,0.0426,1/m,ok,
IB,434,b,0.137,1/m,ok,
IB,435,a,0.0426,1/m,ok,
IB,435,b,0.137,1/m,ok,
IB,436,a,0.0425,1/m,ok,
IB,436,b,0.137,1/m,ok,
IB,437,a,0.0425,1/m,ok,
IB,437,b,0.137,1/m,ok,
IB,438,a,0.0425,1/m,ok,
IB,438,b,0.136,1/m,ok,
IB,439,a,0.0424,1/m,ok,
IB,439,b,0.136,1/m,ok,
IB,440,a,0.0423,1/m,ok,
IB,440,b,0.136,1/m,ok,
IB,441,a,0.0422,1/m,ok,
IB,441,b,0.136,1/m,ok,
IB,442,a,0.0421,1/m,ok,
IB,442,b,0.136,1/m,ok,
IB,443,a,0.0419,1/m,ok,
IB,443,b,0.136,1/m,ok,
IB,444,a,0.0418,1/m,ok,
IB,444,b,0.135,1/m,ok,
IB,445,a,0.0416,1/m,ok,
IB,445,b,0.135,1/m,ok,
IB,446,a,0.0414,1/m,ok,
IB,446,b,0.135,1/m,ok,
IB,447,a,0.0413,1/m,ok,
IB,447,b,0.135,1/m,ok,
IB,448,a,0.0411,1/m,ok,
IB,448,b,0.135,1/m,ok,
IB,449,a,0.0409,1/m,ok,
IB,449,b,0.135,1/m,ok,
IB,450,a,0.0407,1/m,ok,
IB,450,b,0.135,1/m,ok,
IB,451,a,0.0405,1/m,ok,
IB,451,b,0.134,1/m,ok,
IB,452,a,0.0403,1/m,ok,
IB,452,b,0.134,1/m,ok,
IB,453,a,0.0402,1/m,ok,
IB,453,b,0.134,1/m,ok,
IB,454,a,0.04,1/m,ok,
IB,454,b,0.134,1/m,ok,
IB,455,a,0.0398,1/m,ok,
IB,455,b,0.134,1/m,ok,
IB,456,a,0.0397,1/m,ok,
IB,456,b,0.134,1/m,ok,
IB,457,a,0.0395,1/m,ok,
IB,457,b,0.133,1/m,ok,
IB,458,a,0.0393,1/m,ok,
IB,458,b,0.133,1/m,ok,
IB,459,a,0.0392,1/m,ok,
IB,459,b,0.133,1/m,ok,
IB,460,a,0.039,1/m,ok,
IB,460,b,0.133,1/m,ok,
IB,461,a,0.0389,1/m,ok,
IB,461,b,0.133,1/m,ok,
IB,462,a,0.0387,1/m,ok,
IB,462,b,0.133,1/m,ok,
IB,463,a,0.0385,1/m,ok,
IB,463,b,0.133,1/m,ok,
IB,464,a,0.0384,1/m,ok,
IB,464,b,0.132,1/m,ok,
IB,465,a,0.0383,1/m,ok,
IB,465,b,0.132,1/m,ok,
IB,466,a,0.0381,1/m,ok,
IB,466,b,0.132,1/m,ok,
IB,467,a,0.038,1/m,ok,
IB,467,b,0.132,1/m,ok,
IB,468,a,0.0379,1/m,ok,
IB,468,b,0.132,1/m,ok,
IB,469,a,0.0378,1/m,ok,
IB,469,b,0.132,1/m,ok,
IB,470,a,0.0376,1/m,ok,
IB,470,b,0.132,1/m,ok,
IB,471,a,0.0375,1/m,ok,
IB,471,b,0.131,1/m,ok,
IB,472,a,0.0375,1/m,ok,
IB,472,b,0.131,1/m,ok,
IB,473,a,0.0374,1/m,ok,
IB,473,b,0.131,1/m,ok,
IB,474,a,0.0373,1/m,ok,
IB,474,b,0.131,1/m,ok,
IB,475,a,0.0372,1/m,ok,
IB,475,b,0.131,1/m,ok,
IB,476,a,0.0371,1/m,ok,
IB,476,b,0.131,1/m,ok,
IB,477,a,0.0371,1/m,ok,
IB,477,b,0.131,1/m,ok,
IB,478,a,0.0371,1/m,ok,
IB,478,b,0.13,1/m,ok,
IB,479,a,0.037,1/m,ok,
IB,479,b,0.13,1/m,ok,
IB,480,a,0.037,1/m,ok,
IB,480,b,0.13,1/m,ok,
IB,481,a,0.037,1/m,ok,
IB,481,b,0.13,1/m,ok,
IB,482,a,0.037,1/m,ok,
IB,482,b,0.13,1/m,ok,
IB,483,a,0.037,1/m,ok,
IB,483,b,0.13,1/m,ok,
IB,484,a,0.037,1/m,ok,
IB,484,b,0.13,1/m,ok,
IB,485,a,0.037,1/m,ok,
IB,485,b,0.13,1/m,ok,
IB,486,a,0.037,1/m,ok,
IB,486,b,0.129,1/m,ok,
IB,487,a,0.0371,1/m,ok,
IB,487,b,0.129,1/m,ok,
IB,488,a,0.0372,1/m,ok,
IB,488,b,0.129,1/m,ok,
IB,489,a,0.0372,1/m,ok,
IB,489,b,0.129,1/m,ok,
IB,490,a,0.0373,1/m,ok,
IB,490,b,0.129,1/m,ok,
IB,491,a,0.0374,1/m,ok,
IB,491,b,0.129,1/m,ok,
IB,492,a,0.0375,1/m,ok,
IB,492,b,0.129,1/m,ok,
IB,493,a,0.0377,1/m,ok,
IB,493,b,0.129,1/m,ok,
IB,494,a,0.0378,1/m,ok,
IB,494,b,0.128,1/m,ok,
IB,495,a,0.038,1/m,ok,
IB,495,b,0.128,1/m,ok,
IB,496,a,0.0383,1/m,ok,
IB,496,b,0.128,1/m,ok,
IB,497,a,0.0386,1/m,ok,
IB,497,b,0.128,1/m,ok,
IB,498,a,0.039,1/m,ok,
IB,498,b,0.128,1/m,ok,
IB,499,a,0.0394,1/m,ok,
IB,499,b,0.128,1/m,ok,
IB,500,a,0.0398,1/m,ok,
IB,500,b,0.128,1/m,ok,
IB,501,a,0.0403,1/m,ok,
IB,501,b,0.128,1/m,ok,
IB,502,a,0.0409,1/m,ok,
IB,502,b,0.127,1/m,ok,
IB,503,a,0.0414,1/m,ok,
IB,503,b,0.127,1/m,ok,
IB,504,a,0.042,1/m,ok,
IB,504,b,0.127,1/m,ok,
IB,505,a,0.0426,1/m,ok,
IB,505,b,0.127,1/m,ok,
IB,506,a,0.0432,1/m,ok,
IB,506,b,0.127,1/m,ok,
IB,507,a,0.0439,1/m,ok,
IB,507,b,0.127,1/m,ok,
IB,508,a,0.0445,1/m,ok,
IB,508,b,0.127,1/m,ok,
IB,509,a,0.0452,1/m,ok,
IB,509,b,0.127,1/m,ok,
IB,510,a,0.0459,1/m,ok,
IB,510,b,0.127,1/m,ok,
IB,511,a,0.0466,1/m,ok,
IB,511,b,0.126,1/m,ok,
IB,512,a,0.0473,1/m,ok,
IB,512,b,0.126,1/m,ok,
IB,513,a,0.048,1/m,ok,
IB,513,b,0.126,1/m,ok,
IB,514,a,0.0487,1/m,ok,
IB,514,b,0.126,1/m,ok,
IB,515,a,0.0494,1/m,ok,
IB,515,b,0.126,1/m,ok,
IB,516,a,0.0501,1/m,ok,
IB,516,b,0.126,1/m,ok,
IB,517,a,0.0508,1/m,ok,
IB,517,b,0.126,1/m,ok,
IB,518,a,0.0514,1/m,ok,
IB,518,b,0.126,1/m,ok,
IB,519,a,0.0515,1/m,ok,
IB,519,b,0.126,1/m,ok,
IB,520,a,0.0515,1/m,ok,
IB,520,b,0.125,1/m,ok,
IB,521,a,0.0517,1/m,ok,
IB,521,b,0.125,1/m,ok,
IB,522,a,0.0519,1/m,ok,
IB,522,b,0.125,1/m,ok,
IB,523,a,0.0513,1/m,ok,
IB,523,b,0.125,1/m,ok,
IB,524,a,0.0508,1/m,ok,
IB,524,b,0.125,1/m,ok,
IB,525,a,0.0516,1/m,ok,
IB,525,b,0.125,1/m,ok,
IB,526,a,0.0523,1/m,ok,
IB,526,b,0.125,1/m,ok,
IB,527,a,0.052,1/m,ok,
IB,527,b,0.125,1/m,ok,
IB,528,a,0.0516,1/m,ok,
IB,528,b,0.125,1/m,ok,
IB,529,a,0.0518,1/m,ok,
IB,529,b,0.124,1/m,ok,
IB,530,a,0.0519,1/m,ok,
IB,530,b,0.124,1/m,ok,
IB,531,a,0.0526,1/m,ok,
IB,531,b,0.124,1/m,ok,
IB,532,a,0.0532,1/m,ok,
IB,532,b,0.124,1/m,ok,
IB,533,a,0.0536,1/m,ok,
IB,533,b,0.124,1/m,ok,
IB,534,a,0.054,1/m,ok,
IB,534,b,0.124,1/m,ok,
IB,535,a,0.0546,1/m,ok,
IB,535,b,0.124,1/m,ok,
IB,536,a,0.0552,1/m,ok,
IB,536,b,0.124,1/m,ok,
IB,537,a,0.0556,1/m,ok,
IB,537,b,0.124,1/m,ok,
IB,538,a,0.0559,1/m,ok,
IB,538,b,0.124,1/m,ok,
IB,539,a,0.0566,1/m,ok,
IB,539,b,0.123,1/m,ok,
IB,540,a,0.0572,1/m,ok,
IB,540,b,0.123,1/m,ok,
IB,541,a,0.0575,1/m,ok,
IB,541,b,0.123,1/m,ok,
IB,542,a,0.0578,1/m,ok,
IB,542,b,0.123,1/m,ok,
IB,543,a,0.0589,1/m,ok,
IB,543,b,0.123,1/m,ok,
IB,544,a,0.06,1/m,ok,
IB,544,b,0.123,1/m,ok,
IB,545,a,0.0607,1/m,ok,
IB,545,b,0.123,1/m,ok,
IB,546,a,0.0615,1/m,ok,
IB,546,b,0.123,1/m,ok,
IB,547,a,0.0624,1/m,ok,
IB,547,b,0.123,1/m,ok,
IB,548,a,0.0633,1/m,ok,
IB,548,b,0.123,1/m,ok,
IB,549,a,0.0644,1/m,ok,
IB,549,b,0.122,1/m,ok,
IB,550,a,0.0655,1/m,ok,
IB,550,b,0.122,1/m,ok,
IB,551,a,0.0665,1/m,ok,
IB,551,b,0.122,1/m,ok,
IB,552,a,0.0676,1/m,ok,
IB,552,b,0.122,1/m,ok,
IB,553,a,0.0685,1/m,ok,
IB,553,b,0.122,1/m,ok,
IB,554,a,0.0694,1/m,ok,
IB,554,b,0.122,1/m,ok,
IB,555,a,0.0701,1/m,ok,
IB,555,b,0.122,1/m,ok,
IB,556,a,0.0707,1/m,ok,
IB,556,b,0.122,1/m,ok,
IB,557,a,0.0712,1/m,ok,
IB,557,b,0.122,1/m,ok,
IB,558,a,0.0718,1/m,ok,
IB,558,b,0.122,1/m,ok,
IB,559,a,0.0724,1/m,ok,
IB,559,b,0.121,1/m,ok,
IB,560,a,0.073,1/m,ok,
IB,560,b,0.121,1/m,ok,
IB,561,a,0.0737,1/m,ok,
IB,561,b,0.121,1/m,ok,
IB,562,a,0.0743,1/m,ok,
IB,562,b,0.121,1/m,ok,
IB,563,a,0.0749,1/m,ok,
IB,563,b,0.121,1/m,ok,
IB,564,a,0.0754,1/m,ok,
IB,564,b,0.121,1/m,ok,
IB,565,a,0.0763,1/m,ok,
IB,565,b,0.121,1/m,ok,
IB,566,a,0.0772,1/m,ok,
IB,566,b,0.121,1/m,ok,
IB,567,a,0.0779,1/m,ok,
IB,567,b,0.121,1/m,ok,
IB,568,a,0.0787,1/m,ok,
IB,568,b,0.121,1/m,ok,
IB,569,a,0.0799,1/m,ok,
IB,569,b,0.121,1/m,ok,
IB,570,a,0.0811,1/m,ok,
IB,570,b,0.12,1/m,ok,
IB,571,a,0.0824,1/m,ok,
IB,571,b,0.12,1/m,ok,
IB,572,a,0.0838,1/m,ok,
IB,572,b,0.12,1/m,ok,
IB,573,a,0.0853,1/m,ok,
IB,573,b,0.12,1/m,ok,
IB,574,a,0.0869,1/m,ok,
IB,574,b,0.12,1/m,ok,
IB,575,a,0.0888,1/m,ok,
IB,575,b,0.12,1/m,ok,
IB,576,a,0.0907,1/m,ok,
IB,576,b,0.12,1/m,ok,
IB,577,a,0.0926,1/m,ok,
IB,577,b,0.12,1/m,ok,
IB,578,a,0.0944,1/m,ok,
IB,578,b,0.12,1/m,ok,
IB,579,a,0.0972,1/m,ok,
IB,579,b,0.12,1/m,ok,
IB,580,a,0.1,1/m,ok,
IB,580,b,0.12,1/m,ok,
IB,581,a,0.102,1/m,ok,
IB,581,b,0.119,1/m,ok,
IB,582,a,0.105,1/m,ok,
IB,582,b,0.119,1/m,ok,
IB,583,a,0.109,1/m,ok,
IB,583,b,0.119,1/m,ok,
IB,584,a,0.113,1/m,ok,
IB,584,b,0.119,1/m,ok,
IB,585,a,0.117,1/m,ok,
IB,585,b,0.119,1/m,ok,
IB,586,a,0.12,1/m,ok,
IB,586,b,0.119,1/m,ok,
IB,587,a,0.125,1/m,ok,
IB,587,b,0.119,1/m,ok,
IB,588,a,0.13,1/m,ok,
IB,588,b,0.119,1/m,ok,
IB,589,a,0.135,1/m,ok,
IB,589,b,0.119,1/m,ok,
IB,590,a,0.14,1/m,ok,
IB,590,b,0.119,1/m,ok,
IB,591,a,0.145,1/m,ok,
IB,591,b,0.119,1/m,ok,
IB,592,a,0.15,1/m,ok,
IB,592,b,0.119,1/m,ok,
IB,593,a,0.156,1/m,ok,
IB,593,b,0.118,1/m,ok,
IB,594,a,0.161,1/m,ok,
IB,594,b,0.118,1/m,ok,
IB,595,a,0.168,1/m,ok,
IB,595,b,0.118,1/m,ok,
IB,596,a,0.174,1/m,ok,
IB,596,b,0.118,1/m,ok,
IB,597,a,0.182,1/m,ok,
IB,597,b,0.118,1/m,ok,
IB,598,a,0.19,1/m,ok,
IB,598,b,0.118,1/m,ok,
IB,599,a,0.208,1/m,ok,
IB,599,b,0.118,1/m,ok,
IB,600,a,0.227,1/m,ok,
IB,600,b,0.118,1/m,ok,
IB,601,a,0.234,1/m,ok,
IB,601,b,0.118,1/m,ok,
IB,602,a,0.241,1/m,ok,
IB,602,b,0.118,1/m,ok,
IB,603,a,0.245,1/m,ok,
IB,603,b,0.118,1/m,ok,
IB,604,a,0.249,1/m,ok,
IB,604,b,0.118,1/m,ok,
IB,605,a,0.256,1/m,ok,
IB,605,b,0.117,1/m,ok,
IB,606,a,0.263,1/m,ok,
IB,606,b,0.117,1/m,ok,
IB,607,a,0.266,1/m,ok,
IB,607,b,0.117,1/m,ok,
IB,608,a,0.269,1/m,ok,
IB,608,b,0.117,1/m,ok,
IB,609,a,0.271,1/m,ok,
IB,609,b,0.117,1/m,ok,
IB,610,a,0.273,1/m,ok,
IB,610,b,0.117,1/m,ok,
IB,611,a,0.274,1/m,ok,
IB,611,b,0.117,1/m,ok,
IB,612,a,0.275,1/m,ok,
IB,612,b,0.117,1/m,ok,
IB,613,a,0.276,1/m,ok,
IB,613,b,0.117,1/m,ok,
IB,614,a,0.278,1/m,ok,
IB,614,b,0.117,1/m,ok,
IB,615,a,0.279,1/m,ok,
IB,615,b,0.117,1/m,ok,
IB,616,a,0.28,1/m,ok,
IB,616,b,0.117,1/m,ok,
IB,617,a,0.281,1/m,ok,
IB,617,b,0.117,1/m,ok,
IB,618,a,0.282,1/m,ok,
IB,618,b,0.116,1/m,ok,
IB,619,a,0.283,1/m,ok,
IB,619,b,0.116,1/m,ok,
IB,620,a,0.285,1/m,ok,
IB,620,b,0.116,1/m,ok,
IB,621,a,0.286,1/m,ok,
IB,621,b,0.116,1/m,ok,
IB,622,a,0.287,1/m,ok,
IB,622,b,0.116,1/m,ok,
IB,623,a,0.289,1/m,ok,
IB,623,b,0.116,1/m,ok,
IB,624,a,0.29,1/m,ok,
IB,624,b,0.116,1/m,ok,
IB,625,a,0.291,1/m,ok,
IB,625,b,0.116,1/m,ok,
IB,626,a,0.293,1/m,ok,
IB,626,b,0.116,1/m,ok,
IB,627,a,0.294,1/m,ok,
IB,627,b,0.116,1/m,ok,
IB,628,a,0.296,1/m,ok,
IB,628,b,0.116,1/m,ok,
IB,629,a,0.297,1/m,ok,
IB,629,b,0.116,1/m,ok,
IB,630,a,0.299,1/m,ok,
IB,630,b,0.116,1/m,ok,
IB,631,a,0.301,1/m,ok,
IB,631,b,0.115,1/m,ok,
IB,632,a,0.302,1/m,ok,
IB,632,b,0.115,1/m,ok,
IB,633,a,0.303,1/m,ok,
IB,633,b,0.115,1/m,ok,
IB,634,a,0.304,1/m,ok,
IB,634,b,0.115,1/m,ok,
IB,635,a,0.306,1/m,ok,
IB,635,b,0.115,1/m,ok,
IB,636,a,0.307,1/m,ok,
IB,636,b,0.115,1/m,ok,
IB,637,a,0.309,1/m,ok,
IB,637,b,0.115,1/m,ok,
IB,638,a,0.311,1/m,ok,
IB,638,b,0.115,1/m,ok,
IB,639,a,0.313,1/m,ok,
IB,639,b,0.115,1/m,ok,
IB,640,a,0.314,1/m,ok,
IB,640,b,0.115,1/m,ok,
IB,641,a,0.316,1/m,ok,
IB,641,b,0.115,1/m,ok,
IB,642,a,0.318,1/m,ok,
IB,642,b,0.115,1/m,ok,
IB,643,a,0.32,1/m,ok,
IB,643,b,0.115,1/m,ok,
IB,644,a,0.321,1/m,ok,
IB,644,b,0.115,1/m,ok,
IB,645,a,0.324,1/m,ok,
IB,645,b,0.114,1/m,ok,
IB,646,a,0.326,1/m,ok,
IB,646,b,0.114,1/m,ok,
IB,647,a,0.328,1/m,ok,
IB,647,b,0.114,1/m,ok,
IB,648,a,0.33,1/m,ok,
IB,648,b,0.114,1/m,ok,
IB,649,a,0.332,1/m,ok,
IB,649,b,0.114,1/m,ok,
IB,650,a,0.335,1/m,ok,
IB,650,b,0.114,1/m,ok,
IB,651,a,0.337,1/m,ok,
IB,651,b,0.114,1/m,ok,
IB,652,a,0.34,1/m,ok,
IB,652,b,0.114,1/m,ok,
IB,653,a,0.343,1/m,ok,
IB,653,b,0.114,1/m,ok,
IB,654,a,0.346,1/m,ok,
IB,654,b,0.114,1/m,ok,
IB,655,a,0.35,1/m,ok,
IB,655,b,0.114,1/m,ok,
IB,656,a,0.354,1/m,ok,
IB,656,b,0.114,1/m,ok,
IB,657,a,0.361,1/m,ok,
IB,657,b,0.114,1/m,ok,
IB,658,a,0.367,1/m,ok,
IB,658,b,0.114,1/m,ok,
IB,659,a,0.375,1/m,ok,
IB,659,b,0.113,1/m,ok,
IB,660,a,0.383,1/m,ok,
IB,660,b,0.113,1/m,ok,
IB,661,a,0.39,1/m,ok,
IB,661,b,0.113,1/m,ok,
IB,662,a,0.397,1/m,ok,
IB,662,b,0.113,1/m,ok,
IB,663,a,0.402,1/m,ok,
IB,663,b,0.113,1/m,ok,
IB,664,a,0.406,1/m,ok,
IB,664,b,0.113,1/m,ok,
IB,665,a,0.409,1/m,ok,
IB,665,b,0.113,1/m,ok,
IB,666,a,0.412,1/m,ok,
IB,666,b,0.113,1/m,ok,
IB,667,a,0.413,1/m,ok,
IB,667,b,0.113,1/m,ok,
IB,668,a,0.414,1/m,ok,
IB,668,b,0.113,1/m,ok,
IB,669,a,0.416,1/m,ok,
IB,669,b,0.113,1/m,ok,
IB,670,a,0.417,1/m,ok,
IB,670,b,0.113,1/m,ok,
IB,671,a,0.419,1/m,ok,
IB,671,b,0.113,1/m,ok,
IB,672,a,0.42,1/m,ok,
IB,672,b,0.113,1/m,ok,
IB,673,a,0.421,1/m,ok,
IB,673,b,0.113,1/m,ok,
IB,674,a,0.422,1/m,ok,
IB,674,b,0.112,1/m,ok,
IB,675,a,0.425,1/m,ok,
IB,675,b,0.112,1/m,ok,
IB,676,a,0.427,1/m,ok,
IB,676,b,0.112,1/m,ok,
IB,677,a,0.429,1/m,ok,
IB,677,b,0.112,1/m,ok,
IB,678,a,0.432,1/m,ok,
IB,678,b,0.112,1/m,ok,
IB,679,a,0.434,1/m,ok,
IB,679,b,0.112,1/m,ok,
IB,680,a,0.436,1/m,ok,
IB,680,b,0.112,1/m,ok,
IB,681,a,0.439,1/m,ok,
IB,681,b,0.112,1/m,ok,
IB,682,a,0.442,1/m,ok,
IB,682,b,0.112,1/m,ok,
IB,683,a,0.446,1/m,ok,
IB,683,b,0.112,1/m,ok,
IB,684,a,0.449,1/m,ok,
IB,684,b,0.112,1/m,ok,
IB,685,a,0.453,1/m,ok,
IB,685,b,0.112,1/m,ok,
IB,686,a,0.457,1/m,ok,
IB,686,b,0.112,1/m,ok,
IB,687,a,0.462,1/m,ok,
IB,687,b,0.112,1/m,ok,
IB,688,a,0.467,1/m,ok,
IB,688,b,0.112,1/m,ok,
IB,689,a,0.473,1/m,ok,
IB,689,b,0.112,1/m,ok,
IB,690,a,0.478,1/m,ok,
IB,690,b,0.111,1/m,ok,
IB,691,a,0.485,1/m,ok,
IB,691,b,0.111,1/m,ok,
IB,692,a,0.492,1/m,ok,
IB,692,b,0.111,1/m,ok,
IB,693,a,0.5,1/m,ok,
IB,693,b,0.111,1/m,ok,
IB,694,a,0.509,1/m,ok,
IB,694,b,0.111,1/m,ok,
IB,695,a,0.517,1/m,ok,
IB,695,b,0.111,1/m,ok,
IB,696,a,0.526,1/m,ok,
IB,696,b,0.111,1/m,ok,
IB,697,a,0.537,1/m,ok,
IB,697,b,0.111,1/m,ok,
IB,698,a,0.548,1/m,ok,
IB,698,b,0.111,1/m,ok,
IB,699,a,0.561,1/m,ok,
IB,699,b,0.111,1/m,ok,
IB,700,a,0.573,1/m,ok,
IB,700,b,0.111,1/m,ok,
IB,701,a,0.587,1/m,ok,
IB,701,b,0.111,1/m,ok,
IB,702,a,0.601,1/m,ok,
IB,702,b,0.111,1/m,ok,
IB,703,a,0.616,1/m,ok,
IB,703,b,0.111,1/m,ok,
IB,704,a,0.631,1/m,ok,
IB,704,b,0.111,1/m,ok,
IB,705,a,0.648,1/m,ok,
IB,705,b,0.111,1/m,ok,
IB,706,a,0.664,1/m,ok,
IB,706,b,0.11,1/m,ok,
IB,707,a,0.682,1/m,ok,
IB,707,b,0.11,1/m,ok,
IB,708,a,0.7,1/m,ok,
IB,708,b,0.11,1/m,ok,
IB,709,a,0.721,1/m,ok,
IB,709,b,0.11,1/m,ok,
IB,710,a,0.742,1/m,ok,
IB,710,b,0.11,1/m,ok,
IB,711,a,0.766,1/m,ok,
IB,711,b,0.11,1/m,ok,
IB,712,a,0.79,1/m,ok,
IB,712,b,0.11,1/m,ok,
IB,713,a,0.818,1/m,ok,
IB,713,b,0.11,1/m,ok,
IB,714,a,0.845,1/m,ok,
IB,714,b,0.11,1/m,ok,
IB,715,a,0.878,1/m,ok,
IB,715,b,0.11,1/m,ok,
IB,716,a,0.912,1/m,model_extrapolation,実測点は412-715 nmのみ。この波長はモデルによる外挿
IB,716,b,0.11,1/m,model_extrapolation,実測点は412-715 nmのみ。この波長はモデルによる外挿
IB,717,a,0.95,1/m,model_extrapolation,実測点は412-715 nmのみ。この波長はモデルによる外挿
IB,717,b,0.11,1/m,model_extrapolation,実測点は412-715 nmのみ。この波長はモデルによる外挿
IB,718,a,0.988,1/m,model_extrapolation,実測点は412-715 nmのみ。この波長はモデルによる外挿
IB,718,b,0.11,1/m,model_extrapolation,実測点は412-715 nmのみ。この波長はモデルによる外挿
IB,719,a,1.03,1/m,model_extrapolation,実測点は412-715 nmのみ。この波長はモデルによる外挿
IB,719,b,0.11,1/m,model_extrapolation,実測点は412-715 nmのみ。この波長はモデルによる外挿
IB,720,a,1.07,1/m,model_extrapolation,実測点は412-715 nmのみ。この波長はモデルによる外挿
IB,720,b,0.11,1/m,model_extrapolation,実測点は412-715 nmのみ。この波長はモデルによる外挿
IB,721,a,1.12,1/m,model_extrapolation,実測点は412-715 nmのみ。この波長はモデルによる外挿
IB,721,b,0.11,1/m,model_extrapolation,実測点は412-715 nmのみ。この波長はモデルによる外挿
IB,722,a,1.17,1/m,model_extrapolation,実測点は412-715 nmのみ。この波長はモデルによる外挿
IB,722,b,0.11,1/m,model_extrapolation,実測点は412-715 nmのみ。この波長はモデルによる外挿
IB,723,a,1.22,1/m,model_extrapolation,実測点は412-715 nmのみ。この波長はモデルによる外挿
IB,723,b,0.109,1/m,model_extrapolation,実測点は412-715 nmのみ。この波長はモデルによる外挿
IB,724,a,1.27,1/m,model_extrapolation,実測点は412-715 nmのみ。この波長はモデルによる外挿
IB,724,b,0.109,1/m,model_extrapolation,実測点は412-715 nmのみ。この波長はモデルによる外挿
IB,725,a,1.32,1/m,model_extrapolation,実測点は412-715 nmのみ。この波長はモデルによる外挿
IB,725,b,0.109,1/m,model_extrapolation,実測点は412-715 nmのみ。この波長はモデルによる外挿
IB,726,a,1.37,1/m,model_extrapolation,実測点は412-715 nmのみ。この波長はモデルによる外挿
IB,726,b,0.109,1/m,model_extrapolation,実測点は412-715 nmのみ。この波長はモデルによる外挿
IB,727,a,1.43,1/m,model_extrapolation,実測点は412-715 nmのみ。この波長はモデルによる外挿
IB,727,b,0.109,1/m,model_extrapolation,実測点は412-715 nmのみ。この波長はモデルによる外挿
IB,728,a,1.49,1/m,model_extrapolation,実測点は412-715 nmのみ。この波長はモデルによる外挿
IB,728,b,0.109,1/m,model_extrapolation,実測点は412-715 nmのみ。この波長はモデルによる外挿
IB,729,a,1.55,1/m,model_extrapolation,実測点は412-715 nmのみ。この波長はモデルによる外挿
IB,729,b,0.109,1/m,model_extrapolation,実測点は412-715 nmのみ。この波長はモデルによる外挿
IB,730,a,1.62,1/m,model_extrapolation,実測点は412-715 nmのみ。この波長はモデルによる外挿
IB,730,b,0.109,1/m,model_extrapolation,実測点は412-715 nmのみ。この波長はモデルによる外挿
IB,731,a,1.7,1/m,model_extrapolation,実測点は412-715 nmのみ。この波長はモデルによる外挿
IB,731,b,0.109,1/m,model_extrapolation,実測点は412-715 nmのみ。この波長はモデルによる外挿
IB,732,a,1.79,1/m,model_extrapolation,実測点は412-715 nmのみ。この波長はモデルによる外挿
IB,732,b,0.109,1/m,model_extrapolation,実測点は412-715 nmのみ。この波長はモデルによる外挿
IB,733,a,1.89,1/m,model_extrapolation,実測点は412-715 nmのみ。この波長はモデルによる外挿
IB,733,b,0.109,1/m,model_extrapolation,実測点は412-715 nmのみ。この波長はモデルによる外挿
IB,734,a,1.99,1/m,model_extrapolation,実測点は412-715 nmのみ。この波長はモデルによる外挿
IB,734,b,0.109,1/m,model_extrapolation,実測点は412-715 nmのみ。この波長はモデルによる外挿
IB,735,a,2.1,1/m,model_extrapolation,実測点は412-715 nmのみ。この波長はモデルによる外挿
IB,735,b,0.109,1/m,model_extrapolation,実測点は412-715 nmのみ。この波長はモデルによる外挿
IB,736,a,2.21,1/m,model_extrapolation,実測点は412-715 nmのみ。この波長はモデルによる外挿
IB,736,b,0.109,1/m,model_extrapolation,実測点は412-715 nmのみ。この波長はモデルによる外挿
IB,737,a,2.3,1/m,model_extrapolation,実測点は412-715 nmのみ。この波長はモデルによる外挿
IB,737,b,0.109,1/m,model_extrapolation,実測点は412-715 nmのみ。この波長はモデルによる外挿
IB,738,a,2.39,1/m,model_extrapolation,実測点は412-715 nmのみ。この波長はモデルによる外挿
IB,738,b,0.109,1/m,model_extrapolation,実測点は412-715 nmのみ。この波長はモデルによる外挿
IB,739,a,2.46,1/m,model_extrapolation,実測点は412-715 nmのみ。この波長はモデルによる外挿
IB,739,b,0.109,1/m,model_extrapolation,実測点は412-715 nmのみ。この波長はモデルによる外挿
IB,740,a,2.53,1/m,model_extrapolation,実測点は412-715 nmのみ。この波長はモデルによる外挿
IB,740,b,0.109,1/m,model_extrapolation,実測点は412-715 nmのみ。この波長はモデルによる外挿
IB,741,a,2.58,1/m,model_extrapolation,実測点は412-715 nmのみ。この波長はモデルによる外挿
IB,741,b,0.108,1/m,model_extrapolation,実測点は412-715 nmのみ。この波長はモデルによる外挿
IB,742,a,2.62,1/m,model_extrapolation,実測点は412-715 nmのみ。この波長はモデルによる外挿
IB,742,b,0.108,1/m,model_extrapolation,実測点は412-715 nmのみ。この波長はモデルによる外挿
IB,743,a,2.65,1/m,model_extrapolation,実測点は412-715 nmのみ。この波長はモデルによる外挿
IB,743,b,0.108,1/m,model_extrapolation,実測点は412-715 nmのみ。この波長はモデルによる外挿
IB,744,a,2.67,1/m,model_extrapolation,実測点は412-715 nmのみ。この波長はモデルによる外挿
IB,744,b,0.108,1/m,model_extrapolation,実測点は412-715 nmのみ。この波長はモデルによる外挿
IB,745,a,2.69,1/m,model_extrapolation,実測点は412-715 nmのみ。この波長はモデルによる外挿
IB,745,b,0.108,1/m,model_extrapolation,実測点は412-715 nmのみ。この波長はモデルによる外挿
IB,746,a,2.7,1/m,model_extrapolation,実測点は412-715 nmのみ。この波長はモデルによる外挿
IB,746,b,0.108,1/m,model_extrapolation,実測点は412-715 nmのみ。この波長はモデルによる外挿
IB,747,a,2.71,1/m,model_extrapolation,実測点は412-715 nmのみ。この波長はモデルによる外挿
IB,747,b,0.108,1/m,model_extrapolation,実測点は412-715 nmのみ。この波長はモデルによる外挿
IB,748,a,2.72,1/m,model_extrapolation,実測点は412-715 nmのみ。この波長はモデルによる外挿
IB,748,b,0.108,1/m,model_extrapolation,実測点は412-715 nmのみ。この波長はモデルによる外挿
IB,749,a,2.73,1/m,model_extrapolation,実測点は412-715 nmのみ。この波長はモデルによる外挿
IB,749,b,0.108,1/m,model_extrapolation,実測点は412-715 nmのみ。この波長はモデルによる外挿
IB,750,a,2.73,1/m,model_extrapolation,実測点は412-715 nmのみ。この波長はモデルによる外挿
IB,750,b,0.108,1/m,model_extrapolation,実測点は412-715 nmのみ。この波長はモデルによる外挿
IB,751,a,2.74,1/m,model_extrapolation,実測点は412-715 nmのみ。この波長はモデルによる外挿
IB,751,b,0.108,1/m,model_extrapolation,実測点は412-715 nmのみ。この波長はモデルによる外挿
IB,752,a,2.74,1/m,model_extrapolation,実測点は412-715 nmのみ。この波長はモデルによる外挿
IB,752,b,0.108,1/m,model_extrapolation,実測点は412-715 nmのみ。この波長はモデルによる外挿
IB,753,a,2.74,1/m,model_extrapolation,実測点は412-715 nmのみ。この波長はモデルによる外挿
IB,753,b,0.108,1/m,model_extrapolation,実測点は412-715 nmのみ。この波長はモデルによる外挿
IB,754,a,2.75,1/m,model_extrapolation,実測点は412-715 nmのみ。この波長はモデルによる外挿
IB,754,b,0.108,1/m,model_extrapolation,実測点は412-715 nmのみ。この波長はモデルによる外挿
IB,755,a,2.75,1/m,model_extrapolation,実測点は412-715 nmのみ。この波長はモデルによる外挿
IB,755,b,0.108,1/m,model_extrapolation,実測点は412-715 nmのみ。この波長はモデルによる外挿
IB,756,a,2.75,1/m,model_extrapolation,実測点は412-715 nmのみ。この波長はモデルによる外挿
IB,756,b,0.108,1/m,model_extrapolation,実測点は412-715 nmのみ。この波長はモデルによる外挿
IB,757,a,2.76,1/m,model_extrapolation,実測点は412-715 nmのみ。この波長はモデルによる外挿
IB,757,b,0.108,1/m,model_extrapolation,実測点は412-715 nmのみ。この波長はモデルによる外挿
IB,758,a,2.76,1/m,model_extrapolation,実測点は412-715 nmのみ。この波長はモデルによる外挿
IB,758,b,0.108,1/m,model_extrapolation,実測点は412-715 nmのみ。この波長はモデルによる外挿
IB,759,a,2.77,1/m,model_extrapolation,実測点は412-715 nmのみ。この波長はモデルによる外挿
IB,759,b,0.107,1/m,model_extrapolation,実測点は412-715 nmのみ。この波長はモデルによる外挿
IB,760,a,2.77,1/m,model_extrapolation,実測点は412-715 nmのみ。この波長はモデルによる外挿
IB,760,b,0.107,1/m,model_extrapolation,実測点は412-715 nmのみ。この波長はモデルによる外挿
IB,761,a,2.77,1/m,model_extrapolation,実測点は412-715 nmのみ。この波長はモデルによる外挿
IB,761,b,0.107,1/m,model_extrapolation,実測点は412-715 nmのみ。この波長はモデルによる外挿
IB,762,a,2.77,1/m,model_extrapolation,実測点は412-715 nmのみ。この波長はモデルによる外挿
IB,762,b,0.107,1/m,model_extrapolation,実測点は412-715 nmのみ。この波長はモデルによる外挿
IB,763,a,2.77,1/m,model_extrapolation,実測点は412-715 nmのみ。この波長はモデルによる外挿
IB,763,b,0.107,1/m,model_extrapolation,実測点は412-715 nmのみ。この波長はモデルによる外挿
IB,764,a,2.77,1/m,model_extrapolation,実測点は412-715 nmのみ。この波長はモデルによる外挿
IB,764,b,0.107,1/m,model_extrapolation,実測点は412-715 nmのみ。この波長はモデルによる外挿
IB,765,a,2.77,1/m,model_extrapolation,実測点は412-715 nmのみ。この波長はモデルによる外挿
IB,765,b,0.107,1/m,model_extrapolation,実測点は412-715 nmのみ。この波長はモデルによる外挿
IB,766,a,2.77,1/m,model_extrapolation,実測点は412-715 nmのみ。この波長はモデルによる外挿
IB,766,b,0.107,1/m,model_extrapolation,実測点は412-715 nmのみ。この波長はモデルによる外挿
IB,767,a,2.77,1/m,model_extrapolation,実測点は412-715 nmのみ。この波長はモデルによる外挿
IB,767,b,0.107,1/m,model_extrapolation,実測点は412-715 nmのみ。この波長はモデルによる外挿
IB,768,a,2.76,1/m,model_extrapolation,実測点は412-715 nmのみ。この波長はモデルによる外挿
IB,768,b,0.107,1/m,model_extrapolation,実測点は412-715 nmのみ。この波長はモデルによる外挿
IB,769,a,2.76,1/m,model_extrapolation,実測点は412-715 nmのみ。この波長はモデルによる外挿
IB,769,b,0.107,1/m,model_extrapolation,実測点は412-715 nmのみ。この波長はモデルによる外挿
IB,770,a,2.75,1/m,model_extrapolation,実測点は412-715 nmのみ。この波長はモデルによる外挿
IB,770,b,0.107,1/m,model_extrapolation,実測点は412-715 nmのみ。この波長はモデルによる外挿
IB,771,a,2.75,1/m,model_extrapolation,実測点は412-715 nmのみ。この波長はモデルによる外挿
IB,771,b,0.107,1/m,model_extrapolation,実測点は412-715 nmのみ。この波長はモデルによる外挿
IB,772,a,2.75,1/m,model_extrapolation,実測点は412-715 nmのみ。この波長はモデルによる外挿
IB,772,b,0.107,1/m,model_extrapolation,実測点は412-715 nmのみ。この波長はモデルによる外挿
IB,773,a,2.74,1/m,model_extrapolation,実測点は412-715 nmのみ。この波長はモデルによる外挿
IB,773,b,0.107,1/m,model_extrapolation,実測点は412-715 nmのみ。この波長はモデルによる外挿
IB,774,a,2.73,1/m,model_extrapolation,実測点は412-715 nmのみ。この波長はモデルによる外挿
IB,774,b,0.107,1/m,model_extrapolation,実測点は412-715 nmのみ。この波長はモデルによる外挿
IB,775,a,2.72,1/m,model_extrapolation,実測点は412-715 nmのみ。この波長はモデルによる外挿
IB,775,b,0.107,1/m,model_extrapolation,実測点は412-715 nmのみ。この波長はモデルによる外挿
IB,776,a,2.71,1/m,model_extrapolation,実測点は412-715 nmのみ。この波長はモデルによる外挿
IB,776,b,0.107,1/m,model_extrapolation,実測点は412-715 nmのみ。この波長はモデルによる外挿
IB,777,a,2.7,1/m,model_extrapolation,実測点は412-715 nmのみ。この波長はモデルによる外挿
IB,777,b,0.107,1/m,model_extrapolation,実測点は412-715 nmのみ。この波長はモデルによる外挿
IB,778,a,2.69,1/m,model_extrapolation,実測点は412-715 nmのみ。この波長はモデルによる外挿
IB,778,b,0.107,1/m,model_extrapolation,実測点は412-715 nmのみ。この波長はモデルによる外挿
IB,779,a,2.67,1/m,model_extrapolation,実測点は412-715 nmのみ。この波長はモデルによる外挿
IB,779,b,0.106,1/m,model_extrapolation,実測点は412-715 nmのみ。この波長はモデルによる外挿
IB,780,a,2.66,1/m,model_extrapolation,実測点は412-715 nmのみ。この波長はモデルによる外挿
IB,780,b,0.106,1/m,model_extrapolation,実測点は412-715 nmのみ。この波長はモデルによる外挿
IB,781,a,2.65,1/m,model_extrapolation,実測点は412-715 nmのみ。この波長はモデルによる外挿
IB,781,b,0.106,1/m,model_extrapolation,実測点は412-715 nmのみ。この波長はモデルによる外挿
IB,782,a,2.63,1/m,model_extrapolation,実測点は412-715 nmのみ。この波長はモデルによる外挿
IB,782,b,0.106,1/m,model_extrapolation,実測点は412-715 nmのみ。この波長はモデルによる外挿
IB,783,a,2.62,1/m,model_extrapolation,実測点は412-715 nmのみ。この波長はモデルによる外挿
IB,783,b,0.106,1/m,model_extrapolation,実測点は412-715 nmのみ。この波長はモデルによる外挿
IB,784,a,2.61,1/m,model_extrapolation,実測点は412-715 nmのみ。この波長はモデルによる外挿
IB,784,b,0.106,1/m,model_extrapolation,実測点は412-715 nmのみ。この波長はモデルによる外挿
IB,785,a,2.59,1/m,model_extrapolation,実測点は412-715 nmのみ。この波長はモデルによる外挿
IB,785,b,0.106,1/m,model_extrapolation,実測点は412-715 nmのみ。この波長はモデルによる外挿
IB,786,a,2.57,1/m,model_extrapolation,実測点は412-715 nmのみ。この波長はモデルによる外挿
IB,786,b,0.106,1/m,model_extrapolation,実測点は412-715 nmのみ。この波長はモデルによる外挿
IB,787,a,2.55,1/m,model_extrapolation,実測点は412-715 nmのみ。この波長はモデルによる外挿
IB,787,b,0.106,1/m,model_extrapolation,実測点は412-715 nmのみ。この波長はモデルによる外挿
IB,788,a,2.53,1/m,model_extrapolation,実測点は412-715 nmのみ。この波長はモデルによる外挿
IB,788,b,0.106,1/m,model_extrapolation,実測点は412-715 nmのみ。この波長はモデルによる外挿
IB,789,a,2.51,1/m,model_extrapolation,実測点は412-715 nmのみ。この波長はモデルによる外挿
IB,789,b,0.106,1/m,model_extrapolation,実測点は412-715 nmのみ。この波長はモデルによる外挿
IB,790,a,2.49,1/m,model_extrapolation,実測点は412-715 nmのみ。この波長はモデルによる外挿
IB,790,b,0.106,1/m,model_extrapolation,実測点は412-715 nmのみ。この波長はモデルによる外挿
IB,791,a,2.47,1/m,model_extrapolation,実測点は412-715 nmのみ。この波長はモデルによる外挿
IB,791,b,0.106,1/m,model_extrapolation,実測点は412-715 nmのみ。この波長はモデルによる外挿
IB,792,a,2.45,1/m,model_extrapolation,実測点は412-715 nmのみ。この波長はモデルによる外挿
IB,792,b,0.106,1/m,model_extrapolation,実測点は412-715 nmのみ。この波長はモデルによる外挿
IB,793,a,2.43,1/m,model_extrapolation,実測点は412-715 nmのみ。この波長はモデルによる外挿
IB,793,b,0.106,1/m,model_extrapolation,実測点は412-715 nmのみ。この波長はモデルによる外挿
IB,794,a,2.41,1/m,model_extrapolation,実測点は412-715 nmのみ。この波長はモデルによる外挿
IB,794,b,0.106,1/m,model_extrapolation,実測点は412-715 nmのみ。この波長はモデルによる外挿
IB,795,a,2.39,1/m,model_extrapolation,実測点は412-715 nmのみ。この波長はモデルによる外挿
IB,795,b,0.106,1/m,model_extrapolation,実測点は412-715 nmのみ。この波長はモデルによる外挿
IB,796,a,2.37,1/m,model_extrapolation,実測点は412-715 nmのみ。この波長はモデルによる外挿
IB,796,b,0.106,1/m,model_extrapolation,実測点は412-715 nmのみ。この波長はモデルによる外挿
IB,797,a,2.35,1/m,model_extrapolation,実測点は412-715 nmのみ。この波長はモデルによる外挿
IB,797,b,0.106,1/m,model_extrapolation,実測点は412-715 nmのみ。この波長はモデルによる外挿
IB,798,a,2.33,1/m,model_extrapolation,実測点は412-715 nmのみ。この波長はモデルによる外挿
IB,798,b,0.106,1/m,model_extrapolation,実測点は412-715 nmのみ。この波長はモデルによる外挿
IB,799,a,2.31,1/m,model_extrapolation,実測点は412-715 nmのみ。この波長はモデルによる外挿
IB,799,b,0.105,1/m,model_extrapolation,実測点は412-715 nmのみ。この波長はモデルによる外挿
IB,800,a,2.29,1/m,model_extrapolation,実測点は412-715 nmのみ。この波長はモデルによる外挿
IB,800,b,0.105,1/m,model_extrapolation,実測点は412-715 nmのみ。この波長はモデルによる外挿
II,300,a,0.219,1/m,model_extrapolation,実測点は412-715 nmのみ。この波長はモデルによる外挿
II,300,b,0.258,1/m,model_extrapolation,実測点は412-715 nmのみ。この波長はモデルによる外挿
II,301,a,0.216,1/m,model_extrapolation,実測点は412-715 nmのみ。この波長はモデルによる外挿
II,301,b,0.257,1/m,model_extrapolation,実測点は412-715 nmのみ。この波長はモデルによる外挿
II,302,a,0.214,1/m,model_extrapolation,実測点は412-715 nmのみ。この波長はモデルによる外挿
II,302,b,0.256,1/m,model_extrapolation,実測点は412-715 nmのみ。この波長はモデルによる外挿
II,303,a,0.211,1/m,model_extrapolation,実測点は412-715 nmのみ。この波長はモデルによる外挿
II,303,b,0.255,1/m,model_extrapolation,実測点は412-715 nmのみ。この波長はモデルによる外挿
II,304,a,0.209,1/m,model_extrapolation,実測点は412-715 nmのみ。この波長はモデルによる外挿
II,304,b,0.255,1/m,model_extrapolation,実測点は412-715 nmのみ。この波長はモデルによる外挿
II,305,a,0.206,1/m,model_extrapolation,実測点は412-715 nmのみ。この波長はモデルによる外挿
II,305,b,0.254,1/m,model_extrapolation,実測点は412-715 nmのみ。この波長はモデルによる外挿
II,306,a,0.204,1/m,model_extrapolation,実測点は412-715 nmのみ。この波長はモデルによる外挿
II,306,b,0.253,1/m,model_extrapolation,実測点は412-715 nmのみ。この波長はモデルによる外挿
II,307,a,0.201,1/m,model_extrapolation,実測点は412-715 nmのみ。この波長はモデルによる外挿
II,307,b,0.252,1/m,model_extrapolation,実測点は412-715 nmのみ。この波長はモデルによる外挿
II,308,a,0.199,1/m,model_extrapolation,実測点は412-715 nmのみ。この波長はモデルによる外挿
II,308,b,0.252,1/m,model_extrapolation,実測点は412-715 nmのみ。この波長はモデルによる外挿
II,309,a,0.197,1/m,model_extrapolation,実測点は412-715 nmのみ。この波長はモデルによる外挿
II,309,b,0.251,1/m,model_extrapolation,実測点は412-715 nmのみ。この波長はモデルによる外挿
II,310,a,0.194,1/m,model_extrapolation,実測点は412-715 nmのみ。この波長はモデルによる外挿
II,310,b,0.25,1/m,model_extrapolation,実測点は412-715 nmのみ。この波長はモデルによる外挿
II,311,a,0.192,1/m,model_extrapolation,実測点は412-715 nmのみ。この波長はモデルによる外挿
II,311,b,0.25,1/m,model_extrapolation,実測点は412-715 nmのみ。この波長はモデルによる外挿
II,312,a,0.19,1/m,model_extrapolation,実測点は412-715 nmのみ。この波長はモデルによる外挿
II,312,b,0.249,1/m,model_extrapolation,実測点は412-715 nmのみ。この波長はモデルによる外挿
II,313,a,0.187,1/m,model_extrapolation,実測点は412-715 nmのみ。この波長はモデルによる外挿
II,313,b,0.248,1/m,model_extrapolation,実測点は412-715 nmのみ。この波長はモデルによる外挿
II,314,a,0.185,1/m,model_extrapolation,実測点は412-715 nmのみ。この波長はモデルによる外挿
II,314,b,0.248,1/m,model_extrapolation,実測点は412-715 nmのみ。この波長はモデルによる外挿
II,315,a,0.183,1/m,model_extrapolation,実測点は412-715 nmのみ。この波長はモデルによる外挿
II,315,b,0.247,1/m,model_extrapolation,実測点は412-715 nmのみ。この波長はモデルによる外挿
II,316,a,0.181,1/m,model_extrapolation,実測点は412-715 nmのみ。この波長はモデルによる外挿
II,316,b,0.246,1/m,model_extrapolation,実測点は412-715 nmのみ。この波長はモデルによる外挿
II,317,a,0.179,1/m,model_extrapolation,実測点は412-715 nmのみ。この波長はモデルによる外挿
II,317,b,0.246,1/m,model_extrapolation,実測点は412-715 nmのみ。この波長はモデルによる外挿
II,318,a,0.177,1/m,model_extrapolation,実測点は412-715 nmのみ。この波長はモデルによる外挿
II,318,b,0.245,1/m,model_extrapolation,実測点は412-715 nmのみ。この波長はモデルによる外挿
II,319,a,0.175,1/m,model_extrapolation,実測点は412-715 nmのみ。この波長はモデルによる外挿
II,319,b,0.245,1/m,model_extrapolation,実測点は412-715 nmのみ。この波長はモデルによる外挿
II,320,a,0.173,1/m,model_extrapolation,実測点は412-715 nmのみ。この波長はモデルによる外挿
II,320,b,0.244,1/m,model_extrapolation,実測点は412-715 nmのみ。この波長はモデルによる外挿
II,321,a,0.171,1/m,model_extrapolation,実測点は412-715 nmのみ。この波長はモデルによる外挿
II,321,b,0.243,1/m,model_extrapolation,実測点は412-715 nmのみ。この波長はモデルによる外挿
II,322,a,0.169,1/m,model_extrapolation,実測点は412-715 nmのみ。この波長はモデルによる外挿
II,322,b,0.243,1/m,model_extrapolation,実測点は412-715 nmのみ。この波長はモデルによる外挿
II,323,a,0.167,1/m,model_extrapolation,実測点は412-715 nmのみ。この波長はモデルによる外挿
II,323,b,0.242,1/m,model_extrapolation,実測点は412-715 nmのみ。この波長はモデルによる外挿
II,324,a,0.165,1/m,model_extrapolation,実測点は412-715 nmのみ。この波長はモデルによる外挿
II,324,b,0.242,1/m,model_extrapolation,実測点は412-715 nmのみ。この波長はモデルによる外挿
II,325,a,0.163,1/m,model_extrapolation,実測点は412-715 nmのみ。この波長はモデルによる外挿
II,325,b,0.241,1/m,model_extrapolation,実測点は412-715 nmのみ。この波長はモデルによる外挿
II,326,a,0.161,1/m,model_extrapolation,実測点は412-715 nmのみ。この波長はモデルによる外挿
II,326,b,0.24,1/m,model_extrapolation,実測点は412-715 nmのみ。この波長はモデルによる外挿
II,327,a,0.159,1/m,model_extrapolation,実測点は412-715 nmのみ。この波長はモデルによる外挿
II,327,b,0.24,1/m,model_extrapolation,実測点は412-715 nmのみ。この波長はモデルによる外挿
II,328,a,0.157,1/m,model_extrapolation,実測点は412-715 nmのみ。この波長はモデルによる外挿
II,328,b,0.239,1/m,model_extrapolation,実測点は412-715 nmのみ。この波長はモデルによる外挿
II,329,a,0.155,1/m,model_extrapolation,実測点は412-715 nmのみ。この波長はモデルによる外挿
II,329,b,0.239,1/m,model_extrapolation,実測点は412-715 nmのみ。この波長はモデルによる外挿
II,330,a,0.153,1/m,model_extrapolation,実測点は412-715 nmのみ。この波長はモデルによる外挿
II,330,b,0.238,1/m,model_extrapolation,実測点は412-715 nmのみ。この波長はモデルによる外挿
II,331,a,0.151,1/m,model_extrapolation,実測点は412-715 nmのみ。この波長はモデルによる外挿
II,331,b,0.238,1/m,model_extrapolation,実測点は412-715 nmのみ。この波長はモデルによる外挿
II,332,a,0.149,1/m,model_extrapolation,実測点は412-715 nmのみ。この波長はモデルによる外挿
II,332,b,0.237,1/m,model_extrapolation,実測点は412-715 nmのみ。この波長はモデルによる外挿
II,333,a,0.147,1/m,model_extrapolation,実測点は412-715 nmのみ。この波長はモデルによる外挿
II,333,b,0.237,1/m,model_extrapolation,実測点は412-715 nmのみ。この波長はモデルによる外挿
II,334,a,0.145,1/m,model_extrapolation,実測点は412-715 nmのみ。この波長はモデルによる外挿
II,334,b,0.236,1/m,model_extrapolation,実測点は412-715 nmのみ。この波長はモデルによる外挿
II,335,a,0.143,1/m,model_extrapolation,実測点は412-715 nmのみ。この波長はモデルによる外挿
II,335,b,0.236,1/m,model_extrapolation,実測点は412-715 nmのみ。この波長はモデルによる外挿
II,336,a,0.141,1/m,model_extrapolation,実測点は412-715 nmのみ。この波長はモデルによる外挿
II,336,b,0.235,1/m,model_extrapolation,実測点は412-715 nmのみ。この波長はモデルによる外挿
II,337,a,0.14,1/m,model_extrapolation,実測点は412-715 nmのみ。この波長はモデルによる外挿
II,337,b,0.234,1/m,model_extrapolation,実測点は412-715 nmのみ。この波長はモデルによる外挿
II,338,a,0.138,1/m,model_extrapolation,実測点は412-715 nmのみ。この波長はモデルによる外挿
II,338,b,0.234,1/m,model_extrapolation,実測点は412-715 nmのみ。この波長はモデルによる外挿
II,339,a,0.136,1/m,model_extrapolation,実測点は412-715 nmのみ。この波長はモデルによる外挿
II,339,b,0.233,1/m,model_extrapolation,実測点は412-715 nmのみ。この波長はモデルによる外挿
II,340,a,0.134,1/m,model_extrapolation,実測点は412-715 nmのみ。この波長はモデルによる外挿
II,340,b,0.233,1/m,model_extrapolation,実測点は412-715 nmのみ。この波長はモデルによる外挿
II,341,a,0.132,1/m,model_extrapolation,実測点は412-715 nmのみ。この波長はモデルによる外挿
II,341,b,0.232,1/m,model_extrapolation,実測点は412-715 nmのみ。この波長はモデルによる外挿
II,342,a,0.13,1/m,model_extrapolation,実測点は412-715 nmのみ。この波長はモデルによる外挿
II,342,b,0.232,1/m,model_extrapolation,実測点は412-715 nmのみ。この波長はモデルによる外挿
II,343,a,0.128,1/m,model_extrapolation,実測点は412-715 nmのみ。この波長はモデルによる外挿
II,343,b,0.231,1/m,model_extrapolation,実測点は412-715 nmのみ。この波長はモデルによる外挿
II,344,a,0.126,1/m,model_extrapolation,実測点は412-715 nmのみ。この波長はモデルによる外挿
II,344,b,0.231,1/m,model_extrapolation,実測点は412-715 nmのみ。この波長はモデルによる外挿
II,345,a,0.124,1/m,model_extrapolation,実測点は412-715 nmのみ。この波長はモデルによる外挿
II,345,b,0.23,1/m,model_extrapolation,実測点は412-715 nmのみ。この波長はモデルによる外挿
II,346,a,0.123,1/m,model_extrapolation,実測点は412-715 nmのみ。この波長はモデルによる外挿
II,346,b,0.23,1/m,model_extrapolation,実測点は412-715 nmのみ。この波長はモデルによる外挿
II,347,a,0.121,1/m,model_extrapolation,実測点は412-715 nmのみ。この波長はモデルによる外挿
II,347,b,0.23,1/m,model_extrapolation,実測点は412-715 nmのみ。この波長はモデルによる外挿
II,348,a,0.119,1/m,model_extrapolation,実測点は412-715 nmのみ。この波長はモデルによる外挿
II,348,b,0.229,1/m,model_extrapolation,実測点は412-715 nmのみ。この波長はモデルによる外挿
II,349,a,0.117,1/m,model_extrapolation,実測点は412-715 nmのみ。この波長はモデルによる外挿
II,349,b,0.229,1/m,model_extrapolation,実測点は412-715 nmのみ。この波長はモデルによる外挿
II,350,a,0.115,1/m,model_extrapolation,実測点は412-715 nmのみ。この波長はモデルによる外挿
II,350,b,0.228,1/m,model_extrapolation,実測点は412-715 nmのみ。この波長はモデルによる外挿
II,351,a,0.114,1/m,model_extrapolation,実測点は412-715 nmのみ。この波長はモデルによる外挿
II,351,b,0.228,1/m,model_extrapolation,実測点は412-715 nmのみ。この波長はモデルによる外挿
II,352,a,0.112,1/m,model_extrapolation,実測点は412-715 nmのみ。この波長はモデルによる外挿
II,352,b,0.227,1/m,model_extrapolation,実測点は412-715 nmのみ。この波長はモデルによる外挿
II,353,a,0.11,1/m,model_extrapolation,実測点は412-715 nmのみ。この波長はモデルによる外挿
II,353,b,0.227,1/m,model_extrapolation,実測点は412-715 nmのみ。この波長はモデルによる外挿
II,354,a,0.109,1/m,model_extrapolation,実測点は412-715 nmのみ。この波長はモデルによる外挿
II,354,b,0.226,1/m,model_extrapolation,実測点は412-715 nmのみ。この波長はモデルによる外挿
II,355,a,0.107,1/m,model_extrapolation,実測点は412-715 nmのみ。この波長はモデルによる外挿
II,355,b,0.226,1/m,model_extrapolation,実測点は412-715 nmのみ。この波長はモデルによる外挿
II,356,a,0.106,1/m,model_extrapolation,実測点は412-715 nmのみ。この波長はモデルによる外挿
II,356,b,0.225,1/m,model_extrapolation,実測点は412-715 nmのみ。この波長はモデルによる外挿
II,357,a,0.105,1/m,model_extrapolation,実測点は412-715 nmのみ。この波長はモデルによる外挿
II,357,b,0.225,1/m,model_extrapolation,実測点は412-715 nmのみ。この波長はモデルによる外挿
II,358,a,0.103,1/m,model_extrapolation,実測点は412-715 nmのみ。この波長はモデルによる外挿
II,358,b,0.225,1/m,model_extrapolation,実測点は412-715 nmのみ。この波長はモデルによる外挿
II,359,a,0.102,1/m,model_extrapolation,実測点は412-715 nmのみ。この波長はモデルによる外挿
II,359,b,0.224,1/m,model_extrapolation,実測点は412-715 nmのみ。この波長はモデルによる外挿
II,360,a,0.101,1/m,model_extrapolation,実測点は412-715 nmのみ。この波長はモデルによる外挿
II,360,b,0.224,1/m,model_extrapolation,実測点は412-715 nmのみ。この波長はモデルによる外挿
II,361,a,0.1,1/m,model_extrapolation,実測点は412-715 nmのみ。この波長はモデルによる外挿
II,361,b,0.223,1/m,model_extrapolation,実測点は412-715 nmのみ。この波長はモデルによる外挿
II,362,a,0.099,1/m,model_extrapolation,実測点は412-715 nmのみ。この波長はモデルによる外挿
II,362,b,0.223,1/m,model_extrapolation,実測点は412-715 nmのみ。この波長はモデルによる外挿
II,363,a,0.098,1/m,model_extrapolation,実測点は412-715 nmのみ。この波長はモデルによる外挿
II,363,b,0.222,1/m,model_extrapolation,実測点は412-715 nmのみ。この波長はモデルによる外挿
II,364,a,0.097,1/m,model_extrapolation,実測点は412-715 nmのみ。この波長はモデルによる外挿
II,364,b,0.222,1/m,model_extrapolation,実測点は412-715 nmのみ。この波長はモデルによる外挿
II,365,a,0.0962,1/m,model_extrapolation,実測点は412-715 nmのみ。この波長はモデルによる外挿
II,365,b,0.222,1/m,model_extrapolation,実測点は412-715 nmのみ。この波長はモデルによる外挿
II,366,a,0.0953,1/m,model_extrapolation,実測点は412-715 nmのみ。この波長はモデルによる外挿
II,366,b,0.221,1/m,model_extrapolation,実測点は412-715 nmのみ。この波長はモデルによる外挿
II,367,a,0.0945,1/m,model_extrapolation,実測点は412-715 nmのみ。この波長はモデルによる外挿
II,367,b,0.221,1/m,model_extrapolation,実測点は412-715 nmのみ。この波長はモデルによる外挿
II,368,a,0.0936,1/m,model_extrapolation,実測点は412-715 nmのみ。この波長はモデルによる外挿
II,368,b,0.22,1/m,model_extrapolation,実測点は412-715 nmのみ。この波長はモデルによる外挿
II,369,a,0.0928,1/m,model_extrapolation,実測点は412-715 nmのみ。この波長はモデルによる外挿
II,369,b,0.22,1/m,model_extrapolation,実測点は412-715 nmのみ。この波長はモデルによる外挿
II,370,a,0.0919,1/m,model_extrapolation,実測点は412-715 nmのみ。この波長はモデルによる外挿
II,370,b,0.22,1/m,model_extrapolation,実測点は412-715 nmのみ。この波長はモデルによる外挿
II,371,a,0.0912,1/m,model_extrapolation,実測点は412-715 nmのみ。この波長はモデルによる外挿
II,371,b,0.219,1/m,model_extrapolation,実測点は412-715 nmのみ。この波長はモデルによる外挿
II,372,a,0.0904,1/m,model_extrapolation,実測点は412-715 nmのみ。この波長はモデルによる外挿
II,372,b,0.219,1/m,model_extrapolation,実測点は412-715 nmのみ。この波長はモデルによる外挿
II,373,a,0.0897,1/m,model_extrapolation,実測点は412-715 nmのみ。この波長はモデルによる外挿
II,373,b,0.218,1/m,model_extrapolation,実測点は412-715 nmのみ。この波長はモデルによる外挿
II,374,a,0.0891,1/m,model_extrapolation,実測点は412-715 nmのみ。この波長はモデルによる外挿
II,374,b,0.218,1/m,model_extrapolation,実測点は412-715 nmのみ。この波長はモデルによる外挿
II,375,a,0.0884,1/m,model_extrapolation,実測点は412-715 nmのみ。この波長はモデルによる外挿
II,375,b,0.218,1/m,model_extrapolation,実測点は412-715 nmのみ。この波長はモデルによる外挿
II,376,a,0.0878,1/m,model_extrapolation,実測点は412-715 nmのみ。この波長はモデルによる外挿
II,376,b,0.217,1/m,model_extrapolation,実測点は412-715 nmのみ。この波長はモデルによる外挿
II,377,a,0.0871,1/m,model_extrapolation,実測点は412-715 nmのみ。この波長はモデルによる外挿
II,377,b,0.217,1/m,model_extrapolation,実測点は412-715 nmのみ。この波長はモデルによる外挿
II,378,a,0.0865,1/m,model_extrapolation,実測点は412-715 nmのみ。この波長はモデルによる外挿
II,378,b,0.217,1/m,model_extrapolation,実測点は412-715 nmのみ。この波長はモデルによる外挿
II,379,a,0.0858,1/m,model_extrapolation,実測点は412-715 nmのみ。この波長はモデルによる外挿
II,379,b,0.216,1/m,model_extrapolation,実測点は412-715 nmのみ。この波長はモデルによる外挿
II,380,a,0.0852,1/m,model_extrapolation,実測点は412-715 nmのみ。この波長はモデルによる外挿
II,380,b,0.216,1/m,model_extrapolation,実測点は412-715 nmのみ。この波長はモデルによる外挿
II,381,a,0.0846,1/m,model_extrapolation,実測点は412-715 nmのみ。この波長はモデルによる外挿
II,381,b,0.215,1/m,model_extrapolation,実測点は412-715 nmのみ。この波長はモデルによる外挿
II,382,a,0.084,1/m,model_extrapolation,実測点は412-715 nmのみ。この波長はモデルによる外挿
II,382,b,0.215,1/m,model_extrapolation,実測点は412-715 nmのみ。この波長はモデルによる外挿
II,383,a,0.0834,1/m,model_extrapolation,実測点は412-715 nmのみ。この波長はモデルによる外挿
II,383,b,0.215,1/m,model_extrapolation,実測点は412-715 nmのみ。この波長はモデルによる外挿
II,384,a,0.0828,1/m,model_extrapolation,実測点は412-715 nmのみ。この波長はモデルによる外挿
II,384,b,0.214,1/m,model_extrapolation,実測点は412-715 nmのみ。この波長はモデルによる外挿
II,385,a,0.0822,1/m,model_extrapolation,実測点は412-715 nmのみ。この波長はモデルによる外挿
II,385,b,0.214,1/m,model_extrapolation,実測点は412-715 nmのみ。この波長はモデルによる外挿
II,386,a,0.0816,1/m,model_extrapolation,実測点は412-715 nmのみ。この波長はモデルによる外挿
II,386,b,0.214,1/m,model_extrapolation,実測点は412-715 nmのみ。この波長はモデルによる外挿
II,387,a,0.081,1/m,model_extrapolation,実測点は412-715 nmのみ。この波長はモデルによる外挿
II,387,b,0.213,1/m,model_extrapolation,実測点は412-715 nmのみ。この波長はモデルによる外挿
II,388,a,0.0804,1/m,model_extrapolation,実測点は412-715 nmのみ。この波長はモデルによる外挿
II,388,b,0.213,1/m,model_extrapolation,実測点は412-715 nmのみ。この波長はモデルによる外挿
II,389,a,0.0799,1/m,model_extrapolation,実測点は412-715 nmのみ。この波長はモデルによる外挿
II,389,b,0.213,1/m,model_extrapolation,実測点は412-715 nmのみ。この波長はモデルによる外挿
II,390,a,0.0794,1/m,model_extrapolation,実測点は412-715 nmのみ。この波長はモデルによる外挿
II,390,b,0.212,1/m,model_extrapolation,実測点は412-715 nmのみ。この波長はモデルによる外挿
II,391,a,0.0788,1/m,model_extrapolation,実測点は412-715 nmのみ。この波長はモデルによる外挿
II,391,b,0.212,1/m,model_extrapolation,実測点は412-715 nmのみ。この波長はモデルによる外挿
II,392,a,0.0782,1/m,model_extrapolation,実測点は412-715 nmのみ。この波長はモデルによる外挿
II,392,b,0.212,1/m,model_extrapolation,実測点は412-715 nmのみ。この波長はモデルによる外挿
II,393,a,0.0776,1/m,model_extrapolation,実測点は412-715 nmのみ。この波長はモデルによる外挿
II,393,b,0.211,1/m,model_extrapolation,実測点は412-715 nmのみ。この波長はモデルによる外挿
II,394,a,0.077,1/m,model_extrapolation,実測点は412-715 nmのみ。この波長はモデルによる外挿
II,394,b,0.211,1/m,model_extrapolation,実測点は412-715 nmのみ。この波長はモデルによる外挿
II,395,a,0.0766,1/m,model_extrapolation,実測点は412-715 nmのみ。この波長はモデルによる外挿
II,395,b,0.211,1/m,model_extrapolation,実測点は412-715 nmのみ。この波長はモデルによる外挿
II,396,a,0.0761,1/m,model_extrapolation,実測点は412-715 nmのみ。この波長はモデルによる外挿
II,396,b,0.21,1/m,model_extrapolation,実測点は412-715 nmのみ。この波長はモデルによる外挿
II,397,a,0.0756,1/m,model_extrapolation,実測点は412-715 nmのみ。この波長はモデルによる外挿
II,397,b,0.21,1/m,model_extrapolation,実測点は412-715 nmのみ。この波長はモデルによる外挿
II,398,a,0.0752,1/m,model_extrapolation,実測点は412-715 nmのみ。この波長はモデルによる外挿
II,398,b,0.21,1/m,model_extrapolation,実測点は412-715 nmのみ。この波長はモデルによる外挿
II,399,a,0.0748,1/m,model_extrapolation,実測点は412-715 nmのみ。この波長はモデルによる外挿
II,399,b,0.209,1/m,model_extrapolation,実測点は412-715 nmのみ。この波長はモデルによる外挿
II,400,a,0.0745,1/m,model_extrapolation,実測点は412-715 nmのみ。この波長はモデルによる外挿
II,400,b,0.209,1/m,model_extrapolation,実測点は412-715 nmのみ。この波長はモデルによる外挿
II,401,a,0.0741,1/m,model_extrapolation,実測点は412-715 nmのみ。この波長はモデルによる外挿
II,401,b,0.209,1/m,model_extrapolation,実測点は412-715 nmのみ。この波長はモデルによる外挿
II,402,a,0.0737,1/m,model_extrapolation,実測点は412-715 nmのみ。この波長はモデルによる外挿
II,402,b,0.208,1/m,model_extrapolation,実測点は412-715 nmのみ。この波長はモデルによる外挿
II,403,a,0.0734,1/m,model_extrapolation,実測点は412-715 nmのみ。この波長はモデルによる外挿
II,403,b,0.208,1/m,model_extrapolation,実測点は412-715 nmのみ。この波長はモデルによる外挿
II,404,a,0.0731,1/m,model_extrapolation,実測点は412-715 nmのみ。この波長はモデルによる外挿
II,404,b,0.208,1/m,model_extrapolation,実測点は412-715 nmのみ。この波長はモデルによる外挿
II,405,a,0.0728,1/m,model_extrapolation,実測点は412-715 nmのみ。この波長はモデルによる外挿
II,405,b,0.207,1/m,model_extrapolation,実測点は412-715 nmのみ。この波長はモデルによる外挿
II,406,a,0.0726,1/m,model_extrapolation,実測点は412-715 nmのみ。この波長はモデルによる外挿
II,406,b,0.207,1/m,model_extrapolation,実測点は412-715 nmのみ。この波長はモデルによる外挿
II,407,a,0.0723,1/m,model_extrapolation,実測点は412-715 nmのみ。この波長はモデルによる外挿
II,407,b,0.207,1/m,model_extrapolation,実測点は412-715 nmのみ。この波長はモデルによる外挿
II,408,a,0.0721,1/m,model_extrapolation,実測点は412-715 nmのみ。この波長はモデルによる外挿
II,408,b,0.207,1/m,model_extrapolation,実測点は412-715 nmのみ。この波長はモデルによる外挿
II,409,a,0.0719,1/m,model_extrapolation,実測点は412-715 nmのみ。この波長はモデルによる外挿
II,409,b,0.206,1/m,model_extrapolation,実測点は412-715 nmのみ。この波長はモデルによる外挿
II,410,a,0.0717,1/m,model_extrapolation,実測点は412-715 nmのみ。この波長はモデルによる外挿
II,410,b,0.206,1/m,model_extrapolation,実測点は412-715 nmのみ。この波長はモデルによる外挿
II,411,a,0.0714,1/m,model_extrapolation,実測点は412-715 nmのみ。この波長はモデルによる外挿
II,411,b,0.206,1/m,model_extrapolation,実測点は412-715 nmのみ。この波長はモデルによる外挿
II,412,a,0.0712,1/m,ok,
II,412,b,0.205,1/m,ok,
II,413,a,0.071,1/m,ok,
II,413,b,0.205,1/m,ok,
II,414,a,0.0709,1/m,ok,
II,414,b,0.205,1/m,ok,
II,415,a,0.0707,1/m,ok,
II,415,b,0.204,1/m,ok,
II,416,a,0.0705,1/m,ok,
II,416,b,0.204,1/m,ok,
II,417,a,0.0702,1/m,ok,
II,417,b,0.204,1/m,ok,
II,418,a,0.07,1/m,ok,
II,418,b,0.204,1/m,ok,
II,419,a,0.0698,1/m,ok,
II,419,b,0.203,1/m,ok,
II,420,a,0.0697,1/m,ok,
II,420,b,0.203,1/m,ok,
II,421,a,0.0695,1/m,ok,
II,421,b,0.203,1/m,ok,
II,422,a,0.0693,1/m,ok,
II,422,b,0.202,1/m,ok,
II,423,a,0.069,1/m,ok,
II,423,b,0.202,1/m,ok,
II,424,a,0.0688,1/m,ok,
II,424,b,0.202,1/m,ok,
II,425,a,0.0686,1/m,ok,
II,425,b,0.202,1/m,ok,
II,426,a,0.0685,1/m,ok,
II,426,b,0.201,1/m,ok,
II,427,a,0.0683,1/m,ok,
II,427,b,0.201,1/m,ok,
II,428,a,0.0681,1/m,ok,
II,428,b,0.201,1/m,ok,
II,429,a,0.068,1/m,ok,
II,429,b,0.201,1/m,ok,
II,430,a,0.0678,1/m,ok,
II,430,b,0.2,1/m,ok,
II,431,a,0.0677,1/m,ok,
II,431,b,0.2,1/m,ok,
II,432,a,0.0675,1/m,ok,
II,432,b,0.2,1/m,ok,
II,433,a,0.0673,1/m,ok,
II,433,b,0.2,1/m,ok,
II,434,a,0.0672,1/m,ok,
II,434,b,0.199,1/m,ok,
II,435,a,0.067,1/m,ok,
II,435,b,0.199,1/m,ok,
II,436,a,0.0669,1/m,ok,
II,436,b,0.199,1/m,ok,
II,437,a,0.0667,1/m,ok,
II,437,b,0.199,1/m,ok,
II,438,a,0.0666,1/m,ok,
II,438,b,0.198,1/m,ok,
II,439,a,0.0663,1/m,ok,
II,439,b,0.198,1/m,ok,
II,440,a,0.066,1/m,ok,
II,440,b,0.198,1/m,ok,
II,441,a,0.0657,1/m,ok,
II,441,b,0.198,1/m,ok,
II,442,a,0.0654,1/m,ok,
II,442,b,0.197,1/m,ok,
II,443,a,0.065,1/m,ok,
II,443,b,0.197,1/m,ok,
II,444,a,0.0647,1/m,ok,
II,444,b,0.197,1/m,ok,
II,445,a,0.0643,1/m,ok,
II,445,b,0.197,1/m,ok,
II,446,a,0.0639,1/m,ok,
II,446,b,0.196,1/m,ok,
II,447,a,0.0635,1/m,ok,
II,447,b,0.196,1/m,ok,
II,448,a,0.0631,1/m,ok,
II,448,b,0.196,1/m,ok,
II,449,a,0.0627,1/m,ok,
II,449,b,0.196,1/m,ok,
II,450,a,0.0623,1/m,ok,
II,450,b,0.195,1/m,ok,
II,451,a,0.0619,1/m,ok,
II,451,b,0.195,1/m,ok,
II,452,a,0.0616,1/m,ok,
II,452,b,0.195,1/m,ok,
II,453,a,0.0612,1/m,ok,
II,453,b,0.195,1/m,ok,
II,454,a,0.0608,1/m,ok,
II,454,b,0.194,1/m,ok,
II,455,a,0.0605,1/m,ok,
II,455,b,0.194,1/m,ok,
II,456,a,0.0601,1/m,ok,
II,456,b,0.194,1/m,ok,
II,457,a,0.0598,1/m,ok,
II,457,b,0.194,1/m,ok,
II,458,a,0.0594,1/m,ok,
II,458,b,0.193,1/m,ok,
II,459,a,0.0591,1/m,ok,
II,459,b,0.193,1/m,ok,
II,460,a,0.0588,1/m,ok,
II,460,b,0.193,1/m,ok,
II,461,a,0.0585,1/m,ok,
II,461,b,0.193,1/m,ok,
II,462,a,0.0581,1/m,ok,
II,462,b,0.193,1/m,ok,
II,463,a,0.0578,1/m,ok,
II,463,b,0.192,1/m,ok,
II,464,a,0.0575,1/m,ok,
II,464,b,0.192,1/m,ok,
II,465,a,0.0572,1/m,ok,
II,465,b,0.192,1/m,ok,
II,466,a,0.0569,1/m,ok,
II,466,b,0.192,1/m,ok,
II,467,a,0.0566,1/m,ok,
II,467,b,0.192,1/m,ok,
II,468,a,0.0564,1/m,ok,
II,468,b,0.191,1/m,ok,
II,469,a,0.056,1/m,ok,
II,469,b,0.191,1/m,ok,
II,470,a,0.0557,1/m,ok,
II,470,b,0.191,1/m,ok,
II,471,a,0.0555,1/m,ok,
II,471,b,0.191,1/m,ok,
II,472,a,0.0552,1/m,ok,
II,472,b,0.19,1/m,ok,
II,473,a,0.0549,1/m,ok,
II,473,b,0.19,1/m,ok,
II,474,a,0.0547,1/m,ok,
II,474,b,0.19,1/m,ok,
II,475,a,0.0544,1/m,ok,
II,475,b,0.19,1/m,ok,
II,476,a,0.0542,1/m,ok,
II,476,b,0.19,1/m,ok,
II,477,a,0.054,1/m,ok,
II,477,b,0.189,1/m,ok,
II,478,a,0.0538,1/m,ok,
II,478,b,0.189,1/m,ok,
II,479,a,0.0536,1/m,ok,
II,479,b,0.189,1/m,ok,
II,480,a,0.0534,1/m,ok,
II,480,b,0.189,1/m,ok,
II,481,a,0.0532,1/m,ok,
II,481,b,0.189,1/m,ok,
II,482,a,0.0531,1/m,ok,
II,482,b,0.188,1/m,ok,
II,483,a,0.053,1/m,ok,
II,483,b,0.188,1/m,ok,
II,484,a,0.0528,1/m,ok,
II,484,b,0.188,1/m,ok,
II,485,a,0.0527,1/m,ok,
II,485,b,0.188,1/m,ok,
II,486,a,0.0525,1/m,ok,
II,486,b,0.188,1/m,ok,
II,487,a,0.0524,1/m,ok,
II,487,b,0.187,1/m,ok,
II,488,a,0.0523,1/m,ok,
II,488,b,0.187,1/m,ok,
II,489,a,0.0522,1/m,ok,
II,489,b,0.187,1/m,ok,
II,490,a,0.0522,1/m,ok,
II,490,b,0.187,1/m,ok,
II,491,a,0.0521,1/m,ok,
II,491,b,0.187,1/m,ok,
II,492,a,0.052,1/m,ok,
II,492,b,0.186,1/m,ok,
II,493,a,0.052,1/m,ok,
II,493,b,0.186,1/m,ok,
II,494,a,0.052,1/m,ok,
II,494,b,0.186,1/m,ok,
II,495,a,0.052,1/m,ok,
II,495,b,0.186,1/m,ok,
II,496,a,0.0521,1/m,ok,
II,496,b,0.186,1/m,ok,
II,497,a,0.0523,1/m,ok,
II,497,b,0.185,1/m,ok,
II,498,a,0.0525,1/m,ok,
II,498,b,0.185,1/m,ok,
II,499,a,0.0527,1/m,ok,
II,499,b,0.185,1/m,ok,
II,500,a,0.0529,1/m,ok,
II,500,b,0.185,1/m,ok,
II,501,a,0.0533,1/m,ok,
II,501,b,0.185,1/m,ok,
II,502,a,0.0536,1/m,ok,
II,502,b,0.185,1/m,ok,
II,503,a,0.054,1/m,ok,
II,503,b,0.184,1/m,ok,
II,504,a,0.0544,1/m,ok,
II,504,b,0.184,1/m,ok,
II,505,a,0.0548,1/m,ok,
II,505,b,0.184,1/m,ok,
II,506,a,0.0553,1/m,ok,
II,506,b,0.184,1/m,ok,
II,507,a,0.0557,1/m,ok,
II,507,b,0.184,1/m,ok,
II,508,a,0.0562,1/m,ok,
II,508,b,0.183,1/m,ok,
II,509,a,0.0567,1/m,ok,
II,509,b,0.183,1/m,ok,
II,510,a,0.0572,1/m,ok,
II,510,b,0.183,1/m,ok,
II,511,a,0.0578,1/m,ok,
II,511,b,0.183,1/m,ok,
II,512,a,0.0584,1/m,ok,
II,512,b,0.183,1/m,ok,
II,513,a,0.0589,1/m,ok,
II,513,b,0.183,1/m,ok,
II,514,a,0.0595,1/m,ok,
II,514,b,0.182,1/m,ok,
II,515,a,0.06,1/m,ok,
II,515,b,0.182,1/m,ok,
II,516,a,0.0606,1/m,ok,
II,516,b,0.182,1/m,ok,
II,517,a,0.0611,1/m,ok,
II,517,b,0.182,1/m,ok,
II,518,a,0.0616,1/m,ok,
II,518,b,0.182,1/m,ok,
II,519,a,0.0616,1/m,ok,
II,519,b,0.182,1/m,ok,
II,520,a,0.0615,1/m,ok,
II,520,b,0.181,1/m,ok,
II,521,a,0.0615,1/m,ok,
II,521,b,0.181,1/m,ok,
II,522,a,0.0616,1/m,ok,
II,522,b,0.181,1/m,ok,
II,523,a,0.0609,1/m,ok,
II,523,b,0.181,1/m,ok,
II,524,a,0.0602,1/m,ok,
II,524,b,0.181,1/m,ok,
II,525,a,0.0609,1/m,ok,
II,525,b,0.181,1/m,ok,
II,526,a,0.0616,1/m,ok,
II,526,b,0.18,1/m,ok,
II,527,a,0.0611,1/m,ok,
II,527,b,0.18,1/m,ok,
II,528,a,0.0606,1/m,ok,
II,528,b,0.18,1/m,ok,
II,529,a,0.0606,1/m,ok,
II,529,b,0.18,1/m,ok,
II,530,a,0.0607,1/m,ok,
II,530,b,0.18,1/m,ok,
II,531,a,0.0612,1/m,ok,
II,531,b,0.18,1/m,ok,
II,532,a,0.0618,1/m,ok,
II,532,b,0.179,1/m,ok,
II,533,a,0.0621,1/m,ok,
II,533,b,0.179,1/m,ok,
II,534,a,0.0624,1/m,ok,
II,534,b,0.179,1/m,ok,
II,535,a,0.0629,1/m,ok,
II,535,b,0.179,1/m,ok,
II,536,a,0.0633,1/m,ok,
II,536,b,0.179,1/m,ok,
II,537,a,0.0636,1/m,ok,
II,537,b,0.179,1/m,ok,
II,538,a,0.0639,1/m,ok,
II,538,b,0.178,1/m,ok,
II,539,a,0.0645,1/m,ok,
II,539,b,0.178,1/m,ok,
II,540,a,0.065,1/m,ok,
II,540,b,0.178,1/m,ok,
II,541,a,0.0652,1/m,ok,
II,541,b,0.178,1/m,ok,
II,542,a,0.0654,1/m,ok,
II,542,b,0.178,1/m,ok,
II,543,a,0.0664,1/m,ok,
II,543,b,0.178,1/m,ok,
II,544,a,0.0675,1/m,ok,
II,544,b,0.178,1/m,ok,
II,545,a,0.0681,1/m,ok,
II,545,b,0.177,1/m,ok,
II,546,a,0.0688,1/m,ok,
II,546,b,0.177,1/m,ok,
II,547,a,0.0696,1/m,ok,
II,547,b,0.177,1/m,ok,
II,548,a,0.0704,1/m,ok,
II,548,b,0.177,1/m,ok,
II,549,a,0.0714,1/m,ok,
II,549,b,0.177,1/m,ok,
II,550,a,0.0724,1/m,ok,
II,550,b,0.177,1/m,ok,
II,551,a,0.0734,1/m,ok,
II,551,b,0.176,1/m,ok,
II,552,a,0.0744,1/m,ok,
II,552,b,0.176,1/m,ok,
II,553,a,0.0752,1/m,ok,
II,553,b,0.176,1/m,ok,
II,554,a,0.076,1/m,ok,
II,554,b,0.176,1/m,ok,
II,555,a,0.0766,1/m,ok,
II,555,b,0.176,1/m,ok,
II,556,a,0.0772,1/m,ok,
II,556,b,0.176,1/m,ok,
II,557,a,0.0777,1/m,ok,
II,557,b,0.176,1/m,ok,
II,558,a,0.0781,1/m,ok,
II,558,b,0.175,1/m,ok,
II,559,a,0.0786,1/m,ok,
II,559,b,0.175,1/m,ok,
II,560,a,0.0792,1/m,ok,
II,560,b,0.175,1/m,ok,
II,561,a,0.0798,1/m,ok,
II,561,b,0.175,1/m,ok,
II,562,a,0.0804,1/m,ok,
II,562,b,0.175,1/m,ok,
II,563,a,0.0809,1/m,ok,
II,563,b,0.175,1/m,ok,
II,564,a,0.0814,1/m,ok,
II,564,b,0.175,1/m,ok,
II,565,a,0.0822,1/m,ok,
II,565,b,0.174,1/m,ok,
II,566,a,0.083,1/m,ok,
II,566,b,0.174,1/m,ok,
II,567,a,0.0837,1/m,ok,
II,567,b,0.174,1/m,ok,
II,568,a,0.0844,1/m,ok,
II,568,b,0.174,1/m,ok,
II,569,a,0.0855,1/m,ok,
II,569,b,0.174,1/m,ok,
II,570,a,0.0867,1/m,ok,
II,570,b,0.174,1/m,ok,
II,571,a,0.088,1/m,ok,
II,571,b,0.174,1/m,ok,
II,572,a,0.0893,1/m,ok,
II,572,b,0.173,1/m,ok,
II,573,a,0.0908,1/m,ok,
II,573,b,0.173,1/m,ok,
II,574,a,0.0923,1/m,ok,
II,574,b,0.173,1/m,ok,
II,575,a,0.0941,1/m,ok,
II,575,b,0.173,1/m,ok,
II,576,a,0.096,1/m,ok,
II,576,b,0.173,1/m,ok,
II,577,a,0.0978,1/m,ok,
II,577,b,0.173,1/m,ok,
II,578,a,0.0997,1/m,ok,
II,578,b,0.173,1/m,ok,
II,579,a,0.102,1/m,ok,
II,579,b,0.172,1/m,ok,
II,580,a,0.105,1/m,ok,
II,580,b,0.172,1/m,ok,
II,581,a,0.107,1/m,ok,
II,581,b,0.172,1/m,ok,
II,582,a,0.11,1/m,ok,
II,582,b,0.172,1/m,ok,
II,583,a,0.114,1/m,ok,
II,583,b,0.172,1/m,ok,
II,584,a,0.118,1/m,ok,
II,584,b,0.172,1/m,ok,
II,585,a,0.122,1/m,ok,
II,585,b,0.172,1/m,ok,
II,586,a,0.125,1/m,ok,
II,586,b,0.172,1/m,ok,
II,587,a,0.13,1/m,ok,
II,587,b,0.171,1/m,ok,
II,588,a,0.135,1/m,ok,
II,588,b,0.171,1/m,ok,
II,589,a,0.14,1/m,ok,
II,589,b,0.171,1/m,ok,
II,590,a,0.145,1/m,ok,
II,590,b,0.171,1/m,ok,
II,591,a,0.15,1/m,ok,
II,591,b,0.171,1/m,ok,
II,592,a,0.155,1/m,ok,
II,592,b,0.171,1/m,ok,
II,593,a,0.16,1/m,ok,
II,593,b,0.171,1/m,ok,
II,594,a,0.166,1/m,ok,
II,594,b,0.17,1/m,ok,
II,595,a,0.172,1/m,ok,
II,595,b,0.17,1/m,ok,
II,596,a,0.179,1/m,ok,
II,596,b,0.17,1/m,ok,
II,597,a,0.187,1/m,ok,
II,597,b,0.17,1/m,ok,
II,598,a,0.195,1/m,ok,
II,598,b,0.17,1/m,ok,
II,599,a,0.213,1/m,ok,
II,599,b,0.17,1/m,ok,
II,600,a,0.231,1/m,ok,
II,600,b,0.17,1/m,ok,
II,601,a,0.238,1/m,ok,
II,601,b,0.17,1/m,ok,
II,602,a,0.245,1/m,ok,
II,602,b,0.169,1/m,ok,
II,603,a,0.249,1/m,ok,
II,603,b,0.169,1/m,ok,
II,604,a,0.253,1/m,ok,
II,604,b,0.169,1/m,ok,
II,605,a,0.26,1/m,ok,
II,605,b,0.169,1/m,ok,
II,606,a,0.267,1/m,ok,
II,606,b,0.169,1/m,ok,
II,607,a,0.27,1/m,ok,
II,607,b,0.169,1/m,ok,
II,608,a,0.273,1/m,ok,
II,608,b,0.169,1/m,ok,
II,609,a,0.275,1/m,ok,
II,609,b,0.169,1/m,ok,
II,610,a,0.277,1/m,ok,
II,610,b,0.168,1/m,ok,
II,611,a,0.278,1/m,ok,
II,611,b,0.168,1/m,ok,
II,612,a,0.279,1/m,ok,
II,612,b,0.168,1/m,ok,
II,613,a,0.28,1/m,ok,
II,613,b,0.168,1/m,ok,
II,614,a,0.282,1/m,ok,
II,614,b,0.168,1/m,ok,
II,615,a,0.283,1/m,ok,
II,615,b,0.168,1/m,ok,
II,616,a,0.284,1/m,ok,
II,616,b,0.168,1/m,ok,
II,617,a,0.285,1/m,ok,
II,617,b,0.168,1/m,ok,
II,618,a,0.286,1/m,ok,
II,618,b,0.168,1/m,ok,
II,619,a,0.287,1/m,ok,
II,619,b,0.167,1/m,ok,
II,620,a,0.288,1/m,ok,
II,620,b,0.167,1/m,ok,
II,621,a,0.29,1/m,ok,
II,621,b,0.167,1/m,ok,
II,622,a,0.291,1/m,ok,
II,622,b,0.167,1/m,ok,
II,623,a,0.293,1/m,ok,
II,623,b,0.167,1/m,ok,
II,624,a,0.294,1/m,ok,
II,624,b,0.167,1/m,ok,
II,625,a,0.295,1/m,ok,
II,625,b,0.167,1/m,ok,
II,626,a,0.296,1/m,ok,
II,626,b,0.167,1/m,ok,
II,627,a,0.298,1/m,ok,
II,627,b,0.166,1/m,ok,
II,628,a,0.299,1/m,ok,
II,628,b,0.166,1/m,ok,
II,629,a,0.301,1/m,ok,
II,629,b,0.166,1/m,ok,
II,630,a,0.303,1/m,ok,
II,630,b,0.166,1/m,ok,
II,631,a,0.304,1/m,ok,
II,631,b,0.166,1/m,ok,
II,632,a,0.306,1/m,ok,
II,632,b,0.166,1/m,ok,
II,633,a,0.307,1/m,ok,
II,633,b,0.166,1/m,ok,
II,634,a,0.308,1/m,ok,
II,634,b,0.166,1/m,ok,
II,635,a,0.309,1/m,ok,
II,635,b,0.166,1/m,ok,
II,636,a,0.311,1/m,ok,
II,636,b,0.165,1/m,ok,
II,637,a,0.313,1/m,ok,
II,637,b,0.165,1/m,ok,
II,638,a,0.314,1/m,ok,
II,638,b,0.165,1/m,ok,
II,639,a,0.316,1/m,ok,
II,639,b,0.165,1/m,ok,
II,640,a,0.318,1/m,ok,
II,640,b,0.165,1/m,ok,
II,641,a,0.32,1/m,ok,
II,641,b,0.165,1/m,ok,
II,642,a,0.321,1/m,ok,
II,642,b,0.165,1/m,ok,
II,643,a,0.323,1/m,ok,
II,643,b,0.165,1/m,ok,
II,644,a,0.325,1/m,ok,
II,644,b,0.165,1/m,ok,
II,645,a,0.327,1/m,ok,
II,645,b,0.164,1/m,ok,
II,646,a,0.329,1/m,ok,
II,646,b,0.164,1/m,ok,
II,647,a,0.331,1/m,ok,
II,647,b,0.164,1/m,ok,
II,648,a,0.333,1/m,ok,
II,648,b,0.164,1/m,ok,
II,649,a,0.336,1/m,ok,
II,649,b,0.164,1/m,ok,
II,650,a,0.338,1/m,ok,
II,650,b,0.164,1/m,ok,
II,651,a,0.341,1/m,ok,
II,651,b,0.164,1/m,ok,
II,652,a,0.343,1/m,ok,
II,652,b,0.164,1/m,ok,
II,653,a,0.346,1/m,ok,
II,653,b,0.164,1/m,ok,
II,654,a,0.349,1/m,ok,
II,654,b,0.163,1/m,ok,
II,655,a,0.353,1/m,ok,
II,655,b,0.163,1/m,ok,
II,656,a,0.358,1/m,ok,
II,656,b,0.163,1/m,ok,
II,657,a,0.364,1/m,ok,
II,657,b,0.163,1/m,ok,
II,658,a,0.371,1/m,ok,
II,658,b,0.163,1/m,ok,
II,659,a,0.379,1/m,ok,
II,659,b,0.163,1/m,ok,
II,660,a,0.386,1/m,ok,
II,660,b,0.163,1/m,ok,
II,661,a,0.394,1/m,ok,
II,661,b,0.163,1/m,ok,
II,662,a,0.401,1/m,ok,
II,662,b,0.163,1/m,ok,
II,663,a,0.405,1/m,ok,
II,663,b,0.163,1/m,ok,
II,664,a,0.41,1/m,ok,
II,664,b,0.162,1/m,ok,
II,665,a,0.413,1/m,ok,
II,665,b,0.162,1/m,ok,
II,666,a,0.416,1/m,ok,
II,666,b,0.162,1/m,ok,
II,667,a,0.417,1/m,ok,
II,667,b,0.162,1/m,ok,
II,668,a,0.419,1/m,ok,
II,668,b,0.162,1/m,ok,
II,669,a,0.42,1/m,ok,
II,669,b,0.162,1/m,ok,
II,670,a,0.422,1/m,ok,
II,670,b,0.162,1/m,ok,
II,671,a,0.423,1/m,ok,
II,671,b,0.162,1/m,ok,
II,672,a,0.425,1/m,ok,
II,672,b,0.162,1/m,ok,
II,673,a,0.426,1/m,ok,
II,673,b,0.162,1/m,ok,
II,674,a,0.427,1/m,ok,
II,674,b,0.161,1/m,ok,
II,675,a,0.429,1/m,ok,
II,675,b,0.161,1/m,ok,
II,676,a,0.432,1/m,ok,
II,676,b,0.161,1/m,ok,
II,677,a,0.434,1/m,ok,
II,677,b,0.161,1/m,ok,
II,678,a,0.436,1/m,ok,
II,678,b,0.161,1/m,ok,
II,679,a,0.438,1/m,ok,
II,679,b,0.161,1/m,ok,
II,680,a,0.44,1/m,ok,
II,680,b,0.161,1/m,ok,
II,681,a,0.443,1/m,ok,
II,681,b,0.161,1/m,ok,
II,682,a,0.446,1/m,ok,
II,682,b,0.161,1/m,ok,
II,683,a,0.449,1/m,ok,
II,683,b,0.161,1/m,ok,
II,684,a,0.453,1/m,ok,
II,684,b,0.16,1/m,ok,
II,685,a,0.457,1/m,ok,
II,685,b,0.16,1/m,ok,
II,686,a,0.461,1/m,ok,
II,686,b,0.16,1/m,ok,
II,687,a,0.465,1/m,ok,
II,687,b,0.16,1/m,ok,
II,688,a,0.47,1/m,ok,
II,688,b,0.16,1/m,ok,
II,689,a,0.475,1/m,ok,
II,689,b,0.16,1/m,ok,
II,690,a,0.481,1/m,ok,
II,690,b,0.16,1/m,ok,
II,691,a,0.488,1/m,ok,
II,691,b,0.16,1/m,ok,
II,692,a,0.494,1/m,ok,
II,692,b,0.16,1/m,ok,
II,693,a,0.503,1/m,ok,
II,693,b,0.16,1/m,ok,
II,694,a,0.511,1/m,ok,
II,694,b,0.159,1/m,ok,
II,695,a,0.519,1/m,ok,
II,695,b,0.159,1/m,ok,
II,696,a,0.528,1/m,ok,
II,696,b,0.159,1/m,ok,
II,697,a,0.539,1/m,ok,
II,697,b,0.159,1/m,ok,
II,698,a,0.55,1/m,ok,
II,698,b,0.159,1/m,ok,
II,699,a,0.563,1/m,ok,
II,699,b,0.159,1/m,ok,
II,700,a,0.575,1/m,ok,
II,700,b,0.159,1/m,ok,
II,701,a,0.589,1/m,ok,
II,701,b,0.159,1/m,ok,
II,702,a,0.602,1/m,ok,
II,702,b,0.159,1/m,ok,
II,703,a,0.618,1/m,ok,
II,703,b,0.159,1/m,ok,
II,704,a,0.633,1/m,ok,
II,704,b,0.159,1/m,ok,
II,705,a,0.649,1/m,ok,
II,705,b,0.158,1/m,ok,
II,706,a,0.665,1/m,ok,
II,706,b,0.158,1/m,ok,
II,707,a,0.683,1/m,ok,
II,707,b,0.158,1/m,ok,
II,708,a,0.701,1/m,ok,
II,708,b,0.158,1/m,ok,
II,709,a,0.723,1/m,ok,
II,709,b,0.158,1/m,ok,
II,710,a,0.744,1/m,ok,
II,710,b,0.158,1/m,ok,
II,711,a,0.767,1/m,ok,
II,711,b,0.158,1/m,ok,
II,712,a,0.791,1/m,ok,
II,712,b,0.158,1/m,ok,
II,713,a,0.819,1/m,ok,
II,713,b,0.158,1/m,ok,
II,714,a,0.846,1/m,ok,
II,714,b,0.158,1/m,ok,
II,715,a,0.879,1/m,ok,
II,715,b,0.158,1/m,ok,
II,716,a,0.912,1/m,model_extrapolation,実測点は412-715 nmのみ。この波長はモデルによる外挿
II,716,b,0.157,1/m,model_extrapolation,実測点は412-715 nmのみ。この波長はモデルによる外挿
II,717,a,0.951,1/m,model_extrapolation,実測点は412-715 nmのみ。この波長はモデルによる外挿
II,717,b,0.157,1/m,model_extrapolation,実測点は412-715 nmのみ。この波長はモデルによる外挿
II,718,a,0.989,1/m,model_extrapolation,実測点は412-715 nmのみ。この波長はモデルによる外挿
II,718,b,0.157,1/m,model_extrapolation,実測点は412-715 nmのみ。この波長はモデルによる外挿
II,719,a,1.03,1/m,model_extrapolation,実測点は412-715 nmのみ。この波長はモデルによる外挿
II,719,b,0.157,1/m,model_extrapolation,実測点は412-715 nmのみ。この波長はモデルによる外挿
II,720,a,1.07,1/m,model_extrapolation,実測点は412-715 nmのみ。この波長はモデルによる外挿
II,720,b,0.157,1/m,model_extrapolation,実測点は412-715 nmのみ。この波長はモデルによる外挿
II,721,a,1.12,1/m,model_extrapolation,実測点は412-715 nmのみ。この波長はモデルによる外挿
II,721,b,0.157,1/m,model_extrapolation,実測点は412-715 nmのみ。この波長はモデルによる外挿
II,722,a,1.17,1/m,model_extrapolation,実測点は412-715 nmのみ。この波長はモデルによる外挿
II,722,b,0.157,1/m,model_extrapolation,実測点は412-715 nmのみ。この波長はモデルによる外挿
II,723,a,1.22,1/m,model_extrapolation,実測点は412-715 nmのみ。この波長はモデルによる外挿
II,723,b,0.157,1/m,model_extrapolation,実測点は412-715 nmのみ。この波長はモデルによる外挿
II,724,a,1.27,1/m,model_extrapolation,実測点は412-715 nmのみ。この波長はモデルによる外挿
II,724,b,0.157,1/m,model_extrapolation,実測点は412-715 nmのみ。この波長はモデルによる外挿
II,725,a,1.32,1/m,model_extrapolation,実測点は412-715 nmのみ。この波長はモデルによる外挿
II,725,b,0.157,1/m,model_extrapolation,実測点は412-715 nmのみ。この波長はモデルによる外挿
II,726,a,1.37,1/m,model_extrapolation,実測点は412-715 nmのみ。この波長はモデルによる外挿
II,726,b,0.157,1/m,model_extrapolation,実測点は412-715 nmのみ。この波長はモデルによる外挿
II,727,a,1.43,1/m,model_extrapolation,実測点は412-715 nmのみ。この波長はモデルによる外挿
II,727,b,0.156,1/m,model_extrapolation,実測点は412-715 nmのみ。この波長はモデルによる外挿
II,728,a,1.49,1/m,model_extrapolation,実測点は412-715 nmのみ。この波長はモデルによる外挿
II,728,b,0.156,1/m,model_extrapolation,実測点は412-715 nmのみ。この波長はモデルによる外挿
II,729,a,1.56,1/m,model_extrapolation,実測点は412-715 nmのみ。この波長はモデルによる外挿
II,729,b,0.156,1/m,model_extrapolation,実測点は412-715 nmのみ。この波長はモデルによる外挿
II,730,a,1.62,1/m,model_extrapolation,実測点は412-715 nmのみ。この波長はモデルによる外挿
II,730,b,0.156,1/m,model_extrapolation,実測点は412-715 nmのみ。この波長はモデルによる外挿
II,731,a,1.71,1/m,model_extrapolation,実測点は412-715 nmのみ。この波長はモデルによる外挿
II,731,b,0.156,1/m,model_extrapolation,実測点は412-715 nmのみ。この波長はモデルによる外挿
II,732,a,1.79,1/m,model_extrapolation,実測点は412-715 nmのみ。この波長はモデルによる外挿
II,732,b,0.156,1/m,model_extrapolation,実測点は412-715 nmのみ。この波長はモデルによる外挿
II,733,a,1.89,1/m,model_extrapolation,実測点は412-715 nmのみ。この波長はモデルによる外挿
II,733,b,0.156,1/m,model_extrapolation,実測点は412-715 nmのみ。この波長はモデルによる外挿
II,734,a,1.99,1/m,model_extrapolation,実測点は412-715 nmのみ。この波長はモデルによる外挿
II,734,b,0.156,1/m,model_extrapolation,実測点は412-715 nmのみ。この波長はモデルによる外挿
II,735,a,2.1,1/m,model_extrapolation,実測点は412-715 nmのみ。この波長はモデルによる外挿
II,735,b,0.156,1/m,model_extrapolation,実測点は412-715 nmのみ。この波長はモデルによる外挿
II,736,a,2.21,1/m,model_extrapolation,実測点は412-715 nmのみ。この波長はモデルによる外挿
II,736,b,0.156,1/m,model_extrapolation,実測点は412-715 nmのみ。この波長はモデルによる外挿
II,737,a,2.3,1/m,model_extrapolation,実測点は412-715 nmのみ。この波長はモデルによる外挿
II,737,b,0.156,1/m,model_extrapolation,実測点は412-715 nmのみ。この波長はモデルによる外挿
II,738,a,2.4,1/m,model_extrapolation,実測点は412-715 nmのみ。この波長はモデルによる外挿
II,738,b,0.155,1/m,model_extrapolation,実測点は412-715 nmのみ。この波長はモデルによる外挿
II,739,a,2.46,1/m,model_extrapolation,実測点は412-715 nmのみ。この波長はモデルによる外挿
II,739,b,0.155,1/m,model_extrapolation,実測点は412-715 nmのみ。この波長はモデルによる外挿
II,740,a,2.53,1/m,model_extrapolation,実測点は412-715 nmのみ。この波長はモデルによる外挿
II,740,b,0.155,1/m,model_extrapolation,実測点は412-715 nmのみ。この波長はモデルによる外挿
II,741,a,2.58,1/m,model_extrapolation,実測点は412-715 nmのみ。この波長はモデルによる外挿
II,741,b,0.155,1/m,model_extrapolation,実測点は412-715 nmのみ。この波長はモデルによる外挿
II,742,a,2.62,1/m,model_extrapolation,実測点は412-715 nmのみ。この波長はモデルによる外挿
II,742,b,0.155,1/m,model_extrapolation,実測点は412-715 nmのみ。この波長はモデルによる外挿
II,743,a,2.65,1/m,model_extrapolation,実測点は412-715 nmのみ。この波長はモデルによる外挿
II,743,b,0.155,1/m,model_extrapolation,実測点は412-715 nmのみ。この波長はモデルによる外挿
II,744,a,2.67,1/m,model_extrapolation,実測点は412-715 nmのみ。この波長はモデルによる外挿
II,744,b,0.155,1/m,model_extrapolation,実測点は412-715 nmのみ。この波長はモデルによる外挿
II,745,a,2.69,1/m,model_extrapolation,実測点は412-715 nmのみ。この波長はモデルによる外挿
II,745,b,0.155,1/m,model_extrapolation,実測点は412-715 nmのみ。この波長はモデルによる外挿
II,746,a,2.7,1/m,model_extrapolation,実測点は412-715 nmのみ。この波長はモデルによる外挿
II,746,b,0.155,1/m,model_extrapolation,実測点は412-715 nmのみ。この波長はモデルによる外挿
II,747,a,2.71,1/m,model_extrapolation,実測点は412-715 nmのみ。この波長はモデルによる外挿
II,747,b,0.155,1/m,model_extrapolation,実測点は412-715 nmのみ。この波長はモデルによる外挿
II,748,a,2.72,1/m,model_extrapolation,実測点は412-715 nmのみ。この波長はモデルによる外挿
II,748,b,0.155,1/m,model_extrapolation,実測点は412-715 nmのみ。この波長はモデルによる外挿
II,749,a,2.73,1/m,model_extrapolation,実測点は412-715 nmのみ。この波長はモデルによる外挿
II,749,b,0.155,1/m,model_extrapolation,実測点は412-715 nmのみ。この波長はモデルによる外挿
II,750,a,2.73,1/m,model_extrapolation,実測点は412-715 nmのみ。この波長はモデルによる外挿
II,750,b,0.154,1/m,model_extrapolation,実測点は412-715 nmのみ。この波長はモデルによる外挿
II,751,a,2.74,1/m,model_extrapolation,実測点は412-715 nmのみ。この波長はモデルによる外挿
II,751,b,0.154,1/m,model_extrapolation,実測点は412-715 nmのみ。この波長はモデルによる外挿
II,752,a,2.74,1/m,model_extrapolation,実測点は412-715 nmのみ。この波長はモデルによる外挿
II,752,b,0.154,1/m,model_extrapolation,実測点は412-715 nmのみ。この波長はモデルによる外挿
II,753,a,2.75,1/m,model_extrapolation,実測点は412-715 nmのみ。この波長はモデルによる外挿
II,753,b,0.154,1/m,model_extrapolation,実測点は412-715 nmのみ。この波長はモデルによる外挿
II,754,a,2.75,1/m,model_extrapolation,実測点は412-715 nmのみ。この波長はモデルによる外挿
II,754,b,0.154,1/m,model_extrapolation,実測点は412-715 nmのみ。この波長はモデルによる外挿
II,755,a,2.75,1/m,model_extrapolation,実測点は412-715 nmのみ。この波長はモデルによる外挿
II,755,b,0.154,1/m,model_extrapolation,実測点は412-715 nmのみ。この波長はモデルによる外挿
II,756,a,2.76,1/m,model_extrapolation,実測点は412-715 nmのみ。この波長はモデルによる外挿
II,756,b,0.154,1/m,model_extrapolation,実測点は412-715 nmのみ。この波長はモデルによる外挿
II,757,a,2.76,1/m,model_extrapolation,実測点は412-715 nmのみ。この波長はモデルによる外挿
II,757,b,0.154,1/m,model_extrapolation,実測点は412-715 nmのみ。この波長はモデルによる外挿
II,758,a,2.76,1/m,model_extrapolation,実測点は412-715 nmのみ。この波長はモデルによる外挿
II,758,b,0.154,1/m,model_extrapolation,実測点は412-715 nmのみ。この波長はモデルによる外挿
II,759,a,2.77,1/m,model_extrapolation,実測点は412-715 nmのみ。この波長はモデルによる外挿
II,759,b,0.154,1/m,model_extrapolation,実測点は412-715 nmのみ。この波長はモデルによる外挿
II,760,a,2.77,1/m,model_extrapolation,実測点は412-715 nmのみ。この波長はモデルによる外挿
II,760,b,0.154,1/m,model_extrapolation,実測点は412-715 nmのみ。この波長はモデルによる外挿
II,761,a,2.77,1/m,model_extrapolation,実測点は412-715 nmのみ。この波長はモデルによる外挿
II,761,b,0.154,1/m,model_extrapolation,実測点は412-715 nmのみ。この波長はモデルによる外挿
II,762,a,2.77,1/m,model_extrapolation,実測点は412-715 nmのみ。この波長はモデルによる外挿
II,762,b,0.154,1/m,model_extrapolation,実測点は412-715 nmのみ。この波長はモデルによる外挿
II,763,a,2.77,1/m,model_extrapolation,実測点は412-715 nmのみ。この波長はモデルによる外挿
II,763,b,0.153,1/m,model_extrapolation,実測点は412-715 nmのみ。この波長はモデルによる外挿
II,764,a,2.78,1/m,model_extrapolation,実測点は412-715 nmのみ。この波長はモデルによる外挿
II,764,b,0.153,1/m,model_extrapolation,実測点は412-715 nmのみ。この波長はモデルによる外挿
II,765,a,2.77,1/m,model_extrapolation,実測点は412-715 nmのみ。この波長はモデルによる外挿
II,765,b,0.153,1/m,model_extrapolation,実測点は412-715 nmのみ。この波長はモデルによる外挿
II,766,a,2.77,1/m,model_extrapolation,実測点は412-715 nmのみ。この波長はモデルによる外挿
II,766,b,0.153,1/m,model_extrapolation,実測点は412-715 nmのみ。この波長はモデルによる外挿
II,767,a,2.77,1/m,model_extrapolation,実測点は412-715 nmのみ。この波長はモデルによる外挿
II,767,b,0.153,1/m,model_extrapolation,実測点は412-715 nmのみ。この波長はモデルによる外挿
II,768,a,2.76,1/m,model_extrapolation,実測点は412-715 nmのみ。この波長はモデルによる外挿
II,768,b,0.153,1/m,model_extrapolation,実測点は412-715 nmのみ。この波長はモデルによる外挿
II,769,a,2.76,1/m,model_extrapolation,実測点は412-715 nmのみ。この波長はモデルによる外挿
II,769,b,0.153,1/m,model_extrapolation,実測点は412-715 nmのみ。この波長はモデルによる外挿
II,770,a,2.76,1/m,model_extrapolation,実測点は412-715 nmのみ。この波長はモデルによる外挿
II,770,b,0.153,1/m,model_extrapolation,実測点は412-715 nmのみ。この波長はモデルによる外挿
II,771,a,2.75,1/m,model_extrapolation,実測点は412-715 nmのみ。この波長はモデルによる外挿
II,771,b,0.153,1/m,model_extrapolation,実測点は412-715 nmのみ。この波長はモデルによる外挿
II,772,a,2.75,1/m,model_extrapolation,実測点は412-715 nmのみ。この波長はモデルによる外挿
II,772,b,0.153,1/m,model_extrapolation,実測点は412-715 nmのみ。この波長はモデルによる外挿
II,773,a,2.74,1/m,model_extrapolation,実測点は412-715 nmのみ。この波長はモデルによる外挿
II,773,b,0.153,1/m,model_extrapolation,実測点は412-715 nmのみ。この波長はモデルによる外挿
II,774,a,2.73,1/m,model_extrapolation,実測点は412-715 nmのみ。この波長はモデルによる外挿
II,774,b,0.153,1/m,model_extrapolation,実測点は412-715 nmのみ。この波長はモデルによる外挿
II,775,a,2.72,1/m,model_extrapolation,実測点は412-715 nmのみ。この波長はモデルによる外挿
II,775,b,0.152,1/m,model_extrapolation,実測点は412-715 nmのみ。この波長はモデルによる外挿
II,776,a,2.71,1/m,model_extrapolation,実測点は412-715 nmのみ。この波長はモデルによる外挿
II,776,b,0.152,1/m,model_extrapolation,実測点は412-715 nmのみ。この波長はモデルによる外挿
II,777,a,2.7,1/m,model_extrapolation,実測点は412-715 nmのみ。この波長はモデルによる外挿
II,777,b,0.152,1/m,model_extrapolation,実測点は412-715 nmのみ。この波長はモデルによる外挿
II,778,a,2.69,1/m,model_extrapolation,実測点は412-715 nmのみ。この波長はモデルによる外挿
II,778,b,0.152,1/m,model_extrapolation,実測点は412-715 nmのみ。この波長はモデルによる外挿
II,779,a,2.68,1/m,model_extrapolation,実測点は412-715 nmのみ。この波長はモデルによる外挿
II,779,b,0.152,1/m,model_extrapolation,実測点は412-715 nmのみ。この波長はモデルによる外挿
II,780,a,2.66,1/m,model_extrapolation,実測点は412-715 nmのみ。この波長はモデルによる外挿
II,780,b,0.152,1/m,model_extrapolation,実測点は412-715 nmのみ。この波長はモデルによる外挿
II,781,a,2.65,1/m,model_extrapolation,実測点は412-715 nmのみ。この波長はモデルによる外挿
II,781,b,0.152,1/m,model_extrapolation,実測点は412-715 nmのみ。この波長はモデルによる外挿
II,782,a,2.63,1/m,model_extrapolation,実測点は412-715 nmのみ。この波長はモデルによる外挿
II,782,b,0.152,1/m,model_extrapolation,実測点は412-715 nmのみ。この波長はモデルによる外挿
II,783,a,2.62,1/m,model_extrapolation,実測点は412-715 nmのみ。この波長はモデルによる外挿
II,783,b,0.152,1/m,model_extrapolation,実測点は412-715 nmのみ。この波長はモデルによる外挿
II,784,a,2.61,1/m,model_extrapolation,実測点は412-715 nmのみ。この波長はモデルによる外挿
II,784,b,0.152,1/m,model_extrapolation,実測点は412-715 nmのみ。この波長はモデルによる外挿
II,785,a,2.59,1/m,model_extrapolation,実測点は412-715 nmのみ。この波長はモデルによる外挿
II,785,b,0.152,1/m,model_extrapolation,実測点は412-715 nmのみ。この波長はモデルによる外挿
II,786,a,2.57,1/m,model_extrapolation,実測点は412-715 nmのみ。この波長はモデルによる外挿
II,786,b,0.152,1/m,model_extrapolation,実測点は412-715 nmのみ。この波長はモデルによる外挿
II,787,a,2.55,1/m,model_extrapolation,実測点は412-715 nmのみ。この波長はモデルによる外挿
II,787,b,0.152,1/m,model_extrapolation,実測点は412-715 nmのみ。この波長はモデルによる外挿
II,788,a,2.53,1/m,model_extrapolation,実測点は412-715 nmのみ。この波長はモデルによる外挿
II,788,b,0.151,1/m,model_extrapolation,実測点は412-715 nmのみ。この波長はモデルによる外挿
II,789,a,2.51,1/m,model_extrapolation,実測点は412-715 nmのみ。この波長はモデルによる外挿
II,789,b,0.151,1/m,model_extrapolation,実測点は412-715 nmのみ。この波長はモデルによる外挿
II,790,a,2.49,1/m,model_extrapolation,実測点は412-715 nmのみ。この波長はモデルによる外挿
II,790,b,0.151,1/m,model_extrapolation,実測点は412-715 nmのみ。この波長はモデルによる外挿
II,791,a,2.47,1/m,model_extrapolation,実測点は412-715 nmのみ。この波長はモデルによる外挿
II,791,b,0.151,1/m,model_extrapolation,実測点は412-715 nmのみ。この波長はモデルによる外挿
II,792,a,2.45,1/m,model_extrapolation,実測点は412-715 nmのみ。この波長はモデルによる外挿
II,792,b,0.151,1/m,model_extrapolation,実測点は412-715 nmのみ。この波長はモデルによる外挿
II,793,a,2.43,1/m,model_extrapolation,実測点は412-715 nmのみ。この波長はモデルによる外挿
II,793,b,0.151,1/m,model_extrapolation,実測点は412-715 nmのみ。この波長はモデルによる外挿
II,794,a,2.41,1/m,model_extrapolation,実測点は412-715 nmのみ。この波長はモデルによる外挿
II,794,b,0.151,1/m,model_extrapolation,実測点は412-715 nmのみ。この波長はモデルによる外挿
II,795,a,2.39,1/m,model_extrapolation,実測点は412-715 nmのみ。この波長はモデルによる外挿
II,795,b,0.151,1/m,model_extrapolation,実測点は412-715 nmのみ。この波長はモデルによる外挿
II,796,a,2.37,1/m,model_extrapolation,実測点は412-715 nmのみ。この波長はモデルによる外挿
II,796,b,0.151,1/m,model_extrapolation,実測点は412-715 nmのみ。この波長はモデルによる外挿
II,797,a,2.35,1/m,model_extrapolation,実測点は412-715 nmのみ。この波長はモデルによる外挿
II,797,b,0.151,1/m,model_extrapolation,実測点は412-715 nmのみ。この波長はモデルによる外挿
II,798,a,2.33,1/m,model_extrapolation,実測点は412-715 nmのみ。この波長はモデルによる外挿
II,798,b,0.151,1/m,model_extrapolation,実測点は412-715 nmのみ。この波長はモデルによる外挿
II,799,a,2.31,1/m,model_extrapolation,実測点は412-715 nmのみ。この波長はモデルによる外挿
II,799,b,0.151,1/m,model_extrapolation,実測点は412-715 nmのみ。この波長はモデルによる外挿
II,800,a,2.29,1/m,model_extrapolation,実測点は412-715 nmのみ。この波長はモデルによる外挿
II,800,b,0.151,1/m,model_extrapolation,実測点は412-715 nmのみ。この波長はモデルによる外挿
III,300,a,0.349,1/m,model_extrapolation,実測点は412-715 nmのみ。この波長はモデルによる外挿
III,300,b,0.374,1/m,model_extrapolation,実測点は412-715 nmのみ。この波長はモデルによる外挿
III,301,a,0.347,1/m,model_extrapolation,実測点は412-715 nmのみ。この波長はモデルによる外挿
III,301,b,0.374,1/m,model_extrapolation,実測点は412-715 nmのみ。この波長はモデルによる外挿
III,302,a,0.344,1/m,model_extrapolation,実測点は412-715 nmのみ。この波長はモデルによる外挿
III,302,b,0.373,1/m,model_extrapolation,実測点は412-715 nmのみ。この波長はモデルによる外挿
III,303,a,0.342,1/m,model_extrapolation,実測点は412-715 nmのみ。この波長はモデルによる外挿
III,303,b,0.372,1/m,model_extrapolation,実測点は412-715 nmのみ。この波長はモデルによる外挿
III,304,a,0.339,1/m,model_extrapolation,実測点は412-715 nmのみ。この波長はモデルによる外挿
III,304,b,0.372,1/m,model_extrapolation,実測点は412-715 nmのみ。この波長はモデルによる外挿
III,305,a,0.336,1/m,model_extrapolation,実測点は412-715 nmのみ。この波長はモデルによる外挿
III,305,b,0.371,1/m,model_extrapolation,実測点は412-715 nmのみ。この波長はモデルによる外挿
III,306,a,0.334,1/m,model_extrapolation,実測点は412-715 nmのみ。この波長はモデルによる外挿
III,306,b,0.37,1/m,model_extrapolation,実測点は412-715 nmのみ。この波長はモデルによる外挿
III,307,a,0.331,1/m,model_extrapolation,実測点は412-715 nmのみ。この波長はモデルによる外挿
III,307,b,0.369,1/m,model_extrapolation,実測点は412-715 nmのみ。この波長はモデルによる外挿
III,308,a,0.328,1/m,model_extrapolation,実測点は412-715 nmのみ。この波長はモデルによる外挿
III,308,b,0.369,1/m,model_extrapolation,実測点は412-715 nmのみ。この波長はモデルによる外挿
III,309,a,0.325,1/m,model_extrapolation,実測点は412-715 nmのみ。この波長はモデルによる外挿
III,309,b,0.368,1/m,model_extrapolation,実測点は412-715 nmのみ。この波長はモデルによる外挿
III,310,a,0.323,1/m,model_extrapolation,実測点は412-715 nmのみ。この波長はモデルによる外挿
III,310,b,0.367,1/m,model_extrapolation,実測点は412-715 nmのみ。この波長はモデルによる外挿
III,311,a,0.32,1/m,model_extrapolation,実測点は412-715 nmのみ。この波長はモデルによる外挿
III,311,b,0.367,1/m,model_extrapolation,実測点は412-715 nmのみ。この波長はモデルによる外挿
III,312,a,0.317,1/m,model_extrapolation,実測点は412-715 nmのみ。この波長はモデルによる外挿
III,312,b,0.366,1/m,model_extrapolation,実測点は412-715 nmのみ。この波長はモデルによる外挿
III,313,a,0.314,1/m,model_extrapolation,実測点は412-715 nmのみ。この波長はモデルによる外挿
III,313,b,0.365,1/m,model_extrapolation,実測点は412-715 nmのみ。この波長はモデルによる外挿
III,314,a,0.311,1/m,model_extrapolation,実測点は412-715 nmのみ。この波長はモデルによる外挿
III,314,b,0.365,1/m,model_extrapolation,実測点は412-715 nmのみ。この波長はモデルによる外挿
III,315,a,0.308,1/m,model_extrapolation,実測点は412-715 nmのみ。この波長はモデルによる外挿
III,315,b,0.364,1/m,model_extrapolation,実測点は412-715 nmのみ。この波長はモデルによる外挿
III,316,a,0.305,1/m,model_extrapolation,実測点は412-715 nmのみ。この波長はモデルによる外挿
III,316,b,0.363,1/m,model_extrapolation,実測点は412-715 nmのみ。この波長はモデルによる外挿
III,317,a,0.302,1/m,model_extrapolation,実測点は412-715 nmのみ。この波長はモデルによる外挿
III,317,b,0.363,1/m,model_extrapolation,実測点は412-715 nmのみ。この波長はモデルによる外挿
III,318,a,0.299,1/m,model_extrapolation,実測点は412-715 nmのみ。この波長はモデルによる外挿
III,318,b,0.362,1/m,model_extrapolation,実測点は412-715 nmのみ。この波長はモデルによる外挿
III,319,a,0.296,1/m,model_extrapolation,実測点は412-715 nmのみ。この波長はモデルによる外挿
III,319,b,0.362,1/m,model_extrapolation,実測点は412-715 nmのみ。この波長はモデルによる外挿
III,320,a,0.293,1/m,model_extrapolation,実測点は412-715 nmのみ。この波長はモデルによる外挿
III,320,b,0.361,1/m,model_extrapolation,実測点は412-715 nmのみ。この波長はモデルによる外挿
III,321,a,0.29,1/m,model_extrapolation,実測点は412-715 nmのみ。この波長はモデルによる外挿
III,321,b,0.36,1/m,model_extrapolation,実測点は412-715 nmのみ。この波長はモデルによる外挿
III,322,a,0.286,1/m,model_extrapolation,実測点は412-715 nmのみ。この波長はモデルによる外挿
III,322,b,0.36,1/m,model_extrapolation,実測点は412-715 nmのみ。この波長はモデルによる外挿
III,323,a,0.283,1/m,model_extrapolation,実測点は412-715 nmのみ。この波長はモデルによる外挿
III,323,b,0.359,1/m,model_extrapolation,実測点は412-715 nmのみ。この波長はモデルによる外挿
III,324,a,0.28,1/m,model_extrapolation,実測点は412-715 nmのみ。この波長はモデルによる外挿
III,324,b,0.359,1/m,model_extrapolation,実測点は412-715 nmのみ。この波長はモデルによる外挿
III,325,a,0.277,1/m,model_extrapolation,実測点は412-715 nmのみ。この波長はモデルによる外挿
III,325,b,0.358,1/m,model_extrapolation,実測点は412-715 nmのみ。この波長はモデルによる外挿
III,326,a,0.273,1/m,model_extrapolation,実測点は412-715 nmのみ。この波長はモデルによる外挿
III,326,b,0.357,1/m,model_extrapolation,実測点は412-715 nmのみ。この波長はモデルによる外挿
III,327,a,0.27,1/m,model_extrapolation,実測点は412-715 nmのみ。この波長はモデルによる外挿
III,327,b,0.357,1/m,model_extrapolation,実測点は412-715 nmのみ。この波長はモデルによる外挿
III,328,a,0.266,1/m,model_extrapolation,実測点は412-715 nmのみ。この波長はモデルによる外挿
III,328,b,0.356,1/m,model_extrapolation,実測点は412-715 nmのみ。この波長はモデルによる外挿
III,329,a,0.263,1/m,model_extrapolation,実測点は412-715 nmのみ。この波長はモデルによる外挿
III,329,b,0.356,1/m,model_extrapolation,実測点は412-715 nmのみ。この波長はモデルによる外挿
III,330,a,0.26,1/m,model_extrapolation,実測点は412-715 nmのみ。この波長はモデルによる外挿
III,330,b,0.355,1/m,model_extrapolation,実測点は412-715 nmのみ。この波長はモデルによる外挿
III,331,a,0.257,1/m,model_extrapolation,実測点は412-715 nmのみ。この波長はモデルによる外挿
III,331,b,0.355,1/m,model_extrapolation,実測点は412-715 nmのみ。この波長はモデルによる外挿
III,332,a,0.253,1/m,model_extrapolation,実測点は412-715 nmのみ。この波長はモデルによる外挿
III,332,b,0.354,1/m,model_extrapolation,実測点は412-715 nmのみ。この波長はモデルによる外挿
III,333,a,0.25,1/m,model_extrapolation,実測点は412-715 nmのみ。この波長はモデルによる外挿
III,333,b,0.353,1/m,model_extrapolation,実測点は412-715 nmのみ。この波長はモデルによる外挿
III,334,a,0.247,1/m,model_extrapolation,実測点は412-715 nmのみ。この波長はモデルによる外挿
III,334,b,0.353,1/m,model_extrapolation,実測点は412-715 nmのみ。この波長はモデルによる外挿
III,335,a,0.244,1/m,model_extrapolation,実測点は412-715 nmのみ。この波長はモデルによる外挿
III,335,b,0.352,1/m,model_extrapolation,実測点は412-715 nmのみ。この波長はモデルによる外挿
III,336,a,0.24,1/m,model_extrapolation,実測点は412-715 nmのみ。この波長はモデルによる外挿
III,336,b,0.352,1/m,model_extrapolation,実測点は412-715 nmのみ。この波長はモデルによる外挿
III,337,a,0.237,1/m,model_extrapolation,実測点は412-715 nmのみ。この波長はモデルによる外挿
III,337,b,0.351,1/m,model_extrapolation,実測点は412-715 nmのみ。この波長はモデルによる外挿
III,338,a,0.233,1/m,model_extrapolation,実測点は412-715 nmのみ。この波長はモデルによる外挿
III,338,b,0.351,1/m,model_extrapolation,実測点は412-715 nmのみ。この波長はモデルによる外挿
III,339,a,0.23,1/m,model_extrapolation,実測点は412-715 nmのみ。この波長はモデルによる外挿
III,339,b,0.35,1/m,model_extrapolation,実測点は412-715 nmのみ。この波長はモデルによる外挿
III,340,a,0.226,1/m,model_extrapolation,実測点は412-715 nmのみ。この波長はモデルによる外挿
III,340,b,0.35,1/m,model_extrapolation,実測点は412-715 nmのみ。この波長はモデルによる外挿
III,341,a,0.222,1/m,model_extrapolation,実測点は412-715 nmのみ。この波長はモデルによる外挿
III,341,b,0.349,1/m,model_extrapolation,実測点は412-715 nmのみ。この波長はモデルによる外挿
III,342,a,0.218,1/m,model_extrapolation,実測点は412-715 nmのみ。この波長はモデルによる外挿
III,342,b,0.349,1/m,model_extrapolation,実測点は412-715 nmのみ。この波長はモデルによる外挿
III,343,a,0.214,1/m,model_extrapolation,実測点は412-715 nmのみ。この波長はモデルによる外挿
III,343,b,0.348,1/m,model_extrapolation,実測点は412-715 nmのみ。この波長はモデルによる外挿
III,344,a,0.21,1/m,model_extrapolation,実測点は412-715 nmのみ。この波長はモデルによる外挿
III,344,b,0.348,1/m,model_extrapolation,実測点は412-715 nmのみ。この波長はモデルによる外挿
III,345,a,0.206,1/m,model_extrapolation,実測点は412-715 nmのみ。この波長はモデルによる外挿
III,345,b,0.347,1/m,model_extrapolation,実測点は412-715 nmのみ。この波長はモデルによる外挿
III,346,a,0.202,1/m,model_extrapolation,実測点は412-715 nmのみ。この波長はモデルによる外挿
III,346,b,0.347,1/m,model_extrapolation,実測点は412-715 nmのみ。この波長はモデルによる外挿
III,347,a,0.198,1/m,model_extrapolation,実測点は412-715 nmのみ。この波長はモデルによる外挿
III,347,b,0.346,1/m,model_extrapolation,実測点は412-715 nmのみ。この波長はモデルによる外挿
III,348,a,0.194,1/m,model_extrapolation,実測点は412-715 nmのみ。この波長はモデルによる外挿
III,348,b,0.346,1/m,model_extrapolation,実測点は412-715 nmのみ。この波長はモデルによる外挿
III,349,a,0.19,1/m,model_extrapolation,実測点は412-715 nmのみ。この波長はモデルによる外挿
III,349,b,0.345,1/m,model_extrapolation,実測点は412-715 nmのみ。この波長はモデルによる外挿
III,350,a,0.186,1/m,model_extrapolation,実測点は412-715 nmのみ。この波長はモデルによる外挿
III,350,b,0.345,1/m,model_extrapolation,実測点は412-715 nmのみ。この波長はモデルによる外挿
III,351,a,0.183,1/m,model_extrapolation,実測点は412-715 nmのみ。この波長はモデルによる外挿
III,351,b,0.344,1/m,model_extrapolation,実測点は412-715 nmのみ。この波長はモデルによる外挿
III,352,a,0.18,1/m,model_extrapolation,実測点は412-715 nmのみ。この波長はモデルによる外挿
III,352,b,0.344,1/m,model_extrapolation,実測点は412-715 nmのみ。この波長はモデルによる外挿
III,353,a,0.177,1/m,model_extrapolation,実測点は412-715 nmのみ。この波長はモデルによる外挿
III,353,b,0.343,1/m,model_extrapolation,実測点は412-715 nmのみ。この波長はモデルによる外挿
III,354,a,0.173,1/m,model_extrapolation,実測点は412-715 nmのみ。この波長はモデルによる外挿
III,354,b,0.343,1/m,model_extrapolation,実測点は412-715 nmのみ。この波長はモデルによる外挿
III,355,a,0.171,1/m,model_extrapolation,実測点は412-715 nmのみ。この波長はモデルによる外挿
III,355,b,0.342,1/m,model_extrapolation,実測点は412-715 nmのみ。この波長はモデルによる外挿
III,356,a,0.168,1/m,model_extrapolation,実測点は412-715 nmのみ。この波長はモデルによる外挿
III,356,b,0.342,1/m,model_extrapolation,実測点は412-715 nmのみ。この波長はモデルによる外挿
III,357,a,0.166,1/m,model_extrapolation,実測点は412-715 nmのみ。この波長はモデルによる外挿
III,357,b,0.341,1/m,model_extrapolation,実測点は412-715 nmのみ。この波長はモデルによる外挿
III,358,a,0.164,1/m,model_extrapolation,実測点は412-715 nmのみ。この波長はモデルによる外挿
III,358,b,0.341,1/m,model_extrapolation,実測点は412-715 nmのみ。この波長はモデルによる外挿
III,359,a,0.162,1/m,model_extrapolation,実測点は412-715 nmのみ。この波長はモデルによる外挿
III,359,b,0.341,1/m,model_extrapolation,実測点は412-715 nmのみ。この波長はモデルによる外挿
III,360,a,0.16,1/m,model_extrapolation,実測点は412-715 nmのみ。この波長はモデルによる外挿
III,360,b,0.34,1/m,model_extrapolation,実測点は412-715 nmのみ。この波長はモデルによる外挿
III,361,a,0.158,1/m,model_extrapolation,実測点は412-715 nmのみ。この波長はモデルによる外挿
III,361,b,0.34,1/m,model_extrapolation,実測点は412-715 nmのみ。この波長はモデルによる外挿
III,362,a,0.157,1/m,model_extrapolation,実測点は412-715 nmのみ。この波長はモデルによる外挿
III,362,b,0.339,1/m,model_extrapolation,実測点は412-715 nmのみ。この波長はモデルによる外挿
III,363,a,0.155,1/m,model_extrapolation,実測点は412-715 nmのみ。この波長はモデルによる外挿
III,363,b,0.339,1/m,model_extrapolation,実測点は412-715 nmのみ。この波長はモデルによる外挿
III,364,a,0.154,1/m,model_extrapolation,実測点は412-715 nmのみ。この波長はモデルによる外挿
III,364,b,0.338,1/m,model_extrapolation,実測点は412-715 nmのみ。この波長はモデルによる外挿
III,365,a,0.153,1/m,model_extrapolation,実測点は412-715 nmのみ。この波長はモデルによる外挿
III,365,b,0.338,1/m,model_extrapolation,実測点は412-715 nmのみ。この波長はモデルによる外挿
III,366,a,0.152,1/m,model_extrapolation,実測点は412-715 nmのみ。この波長はモデルによる外挿
III,366,b,0.338,1/m,model_extrapolation,実測点は412-715 nmのみ。この波長はモデルによる外挿
III,367,a,0.151,1/m,model_extrapolation,実測点は412-715 nmのみ。この波長はモデルによる外挿
III,367,b,0.337,1/m,model_extrapolation,実測点は412-715 nmのみ。この波長はモデルによる外挿
III,368,a,0.15,1/m,model_extrapolation,実測点は412-715 nmのみ。この波長はモデルによる外挿
III,368,b,0.337,1/m,model_extrapolation,実測点は412-715 nmのみ。この波長はモデルによる外挿
III,369,a,0.149,1/m,model_extrapolation,実測点は412-715 nmのみ。この波長はモデルによる外挿
III,369,b,0.336,1/m,model_extrapolation,実測点は412-715 nmのみ。この波長はモデルによる外挿
III,370,a,0.148,1/m,model_extrapolation,実測点は412-715 nmのみ。この波長はモデルによる外挿
III,370,b,0.336,1/m,model_extrapolation,実測点は412-715 nmのみ。この波長はモデルによる外挿
III,371,a,0.147,1/m,model_extrapolation,実測点は412-715 nmのみ。この波長はモデルによる外挿
III,371,b,0.335,1/m,model_extrapolation,実測点は412-715 nmのみ。この波長はモデルによる外挿
III,372,a,0.146,1/m,model_extrapolation,実測点は412-715 nmのみ。この波長はモデルによる外挿
III,372,b,0.335,1/m,model_extrapolation,実測点は412-715 nmのみ。この波長はモデルによる外挿
III,373,a,0.146,1/m,model_extrapolation,実測点は412-715 nmのみ。この波長はモデルによる外挿
III,373,b,0.335,1/m,model_extrapolation,実測点は412-715 nmのみ。この波長はモデルによる外挿
III,374,a,0.145,1/m,model_extrapolation,実測点は412-715 nmのみ。この波長はモデルによる外挿
III,374,b,0.334,1/m,model_extrapolation,実測点は412-715 nmのみ。この波長はモデルによる外挿
III,375,a,0.145,1/m,model_extrapolation,実測点は412-715 nmのみ。この波長はモデルによる外挿
III,375,b,0.334,1/m,model_extrapolation,実測点は412-715 nmのみ。この波長はモデルによる外挿
III,376,a,0.144,1/m,model_extrapolation,実測点は412-715 nmのみ。この波長はモデルによる外挿
III,376,b,0.333,1/m,model_extrapolation,実測点は412-715 nmのみ。この波長はモデルによる外挿
III,377,a,0.143,1/m,model_extrapolation,実測点は412-715 nmのみ。この波長はモデルによる外挿
III,377,b,0.333,1/m,model_extrapolation,実測点は412-715 nmのみ。この波長はモデルによる外挿
III,378,a,0.143,1/m,model_extrapolation,実測点は412-715 nmのみ。この波長はモデルによる外挿
III,378,b,0.333,1/m,model_extrapolation,実測点は412-715 nmのみ。この波長はモデルによる外挿
III,379,a,0.142,1/m,model_extrapolation,実測点は412-715 nmのみ。この波長はモデルによる外挿
III,379,b,0.332,1/m,model_extrapolation,実測点は412-715 nmのみ。この波長はモデルによる外挿
III,380,a,0.142,1/m,model_extrapolation,実測点は412-715 nmのみ。この波長はモデルによる外挿
III,380,b,0.332,1/m,model_extrapolation,実測点は412-715 nmのみ。この波長はモデルによる外挿
III,381,a,0.141,1/m,model_extrapolation,実測点は412-715 nmのみ。この波長はモデルによる外挿
III,381,b,0.331,1/m,model_extrapolation,実測点は412-715 nmのみ。この波長はモデルによる外挿
III,382,a,0.14,1/m,model_extrapolation,実測点は412-715 nmのみ。この波長はモデルによる外挿
III,382,b,0.331,1/m,model_extrapolation,実測点は412-715 nmのみ。この波長はモデルによる外挿
III,383,a,0.14,1/m,model_extrapolation,実測点は412-715 nmのみ。この波長はモデルによる外挿
III,383,b,0.331,1/m,model_extrapolation,実測点は412-715 nmのみ。この波長はモデルによる外挿
III,384,a,0.139,1/m,model_extrapolation,実測点は412-715 nmのみ。この波長はモデルによる外挿
III,384,b,0.33,1/m,model_extrapolation,実測点は412-715 nmのみ。この波長はモデルによる外挿
III,385,a,0.138,1/m,model_extrapolation,実測点は412-715 nmのみ。この波長はモデルによる外挿
III,385,b,0.33,1/m,model_extrapolation,実測点は412-715 nmのみ。この波長はモデルによる外挿
III,386,a,0.138,1/m,model_extrapolation,実測点は412-715 nmのみ。この波長はモデルによる外挿
III,386,b,0.329,1/m,model_extrapolation,実測点は412-715 nmのみ。この波長はモデルによる外挿
III,387,a,0.137,1/m,model_extrapolation,実測点は412-715 nmのみ。この波長はモデルによる外挿
III,387,b,0.329,1/m,model_extrapolation,実測点は412-715 nmのみ。この波長はモデルによる外挿
III,388,a,0.136,1/m,model_extrapolation,実測点は412-715 nmのみ。この波長はモデルによる外挿
III,388,b,0.329,1/m,model_extrapolation,実測点は412-715 nmのみ。この波長はモデルによる外挿
III,389,a,0.136,1/m,model_extrapolation,実測点は412-715 nmのみ。この波長はモデルによる外挿
III,389,b,0.328,1/m,model_extrapolation,実測点は412-715 nmのみ。この波長はモデルによる外挿
III,390,a,0.135,1/m,model_extrapolation,実測点は412-715 nmのみ。この波長はモデルによる外挿
III,390,b,0.328,1/m,model_extrapolation,実測点は412-715 nmのみ。この波長はモデルによる外挿
III,391,a,0.134,1/m,model_extrapolation,実測点は412-715 nmのみ。この波長はモデルによる外挿
III,391,b,0.328,1/m,model_extrapolation,実測点は412-715 nmのみ。この波長はモデルによる外挿
III,392,a,0.134,1/m,model_extrapolation,実測点は412-715 nmのみ。この波長はモデルによる外挿
III,392,b,0.327,1/m,model_extrapolation,実測点は412-715 nmのみ。この波長はモデルによる外挿
III,393,a,0.133,1/m,model_extrapolation,実測点は412-715 nmのみ。この波長はモデルによる外挿
III,393,b,0.327,1/m,model_extrapolation,実測点は412-715 nmのみ。この波長はモデルによる外挿
III,394,a,0.132,1/m,model_extrapolation,実測点は412-715 nmのみ。この波長はモデルによる外挿
III,394,b,0.327,1/m,model_extrapolation,実測点は412-715 nmのみ。この波長はモデルによる外挿
III,395,a,0.132,1/m,model_extrapolation,実測点は412-715 nmのみ。この波長はモデルによる外挿
III,395,b,0.326,1/m,model_extrapolation,実測点は412-715 nmのみ。この波長はモデルによる外挿
III,396,a,0.131,1/m,model_extrapolation,実測点は412-715 nmのみ。この波長はモデルによる外挿
III,396,b,0.326,1/m,model_extrapolation,実測点は412-715 nmのみ。この波長はモデルによる外挿
III,397,a,0.131,1/m,model_extrapolation,実測点は412-715 nmのみ。この波長はモデルによる外挿
III,397,b,0.325,1/m,model_extrapolation,実測点は412-715 nmのみ。この波長はモデルによる外挿
III,398,a,0.13,1/m,model_extrapolation,実測点は412-715 nmのみ。この波長はモデルによる外挿
III,398,b,0.325,1/m,model_extrapolation,実測点は412-715 nmのみ。この波長はモデルによる外挿
III,399,a,0.13,1/m,model_extrapolation,実測点は412-715 nmのみ。この波長はモデルによる外挿
III,399,b,0.325,1/m,model_extrapolation,実測点は412-715 nmのみ。この波長はモデルによる外挿
III,400,a,0.13,1/m,model_extrapolation,実測点は412-715 nmのみ。この波長はモデルによる外挿
III,400,b,0.324,1/m,model_extrapolation,実測点は412-715 nmのみ。この波長はモデルによる外挿
III,401,a,0.129,1/m,model_extrapolation,実測点は412-715 nmのみ。この波長はモデルによる外挿
III,401,b,0.324,1/m,model_extrapolation,実測点は412-715 nmのみ。この波長はモデルによる外挿
III,402,a,0.129,1/m,model_extrapolation,実測点は412-715 nmのみ。この波長はモデルによる外挿
III,402,b,0.324,1/m,model_extrapolation,実測点は412-715 nmのみ。この波長はモデルによる外挿
III,403,a,0.129,1/m,model_extrapolation,実測点は412-715 nmのみ。この波長はモデルによる外挿
III,403,b,0.323,1/m,model_extrapolation,実測点は412-715 nmのみ。この波長はモデルによる外挿
III,404,a,0.128,1/m,model_extrapolation,実測点は412-715 nmのみ。この波長はモデルによる外挿
III,404,b,0.323,1/m,model_extrapolation,実測点は412-715 nmのみ。この波長はモデルによる外挿
III,405,a,0.128,1/m,model_extrapolation,実測点は412-715 nmのみ。この波長はモデルによる外挿
III,405,b,0.323,1/m,model_extrapolation,実測点は412-715 nmのみ。この波長はモデルによる外挿
III,406,a,0.128,1/m,model_extrapolation,実測点は412-715 nmのみ。この波長はモデルによる外挿
III,406,b,0.322,1/m,model_extrapolation,実測点は412-715 nmのみ。この波長はモデルによる外挿
III,407,a,0.128,1/m,model_extrapolation,実測点は412-715 nmのみ。この波長はモデルによる外挿
III,407,b,0.322,1/m,model_extrapolation,実測点は412-715 nmのみ。この波長はモデルによる外挿
III,408,a,0.128,1/m,model_extrapolation,実測点は412-715 nmのみ。この波長はモデルによる外挿
III,408,b,0.322,1/m,model_extrapolation,実測点は412-715 nmのみ。この波長はモデルによる外挿
III,409,a,0.128,1/m,model_extrapolation,実測点は412-715 nmのみ。この波長はモデルによる外挿
III,409,b,0.321,1/m,model_extrapolation,実測点は412-715 nmのみ。この波長はモデルによる外挿
III,410,a,0.128,1/m,model_extrapolation,実測点は412-715 nmのみ。この波長はモデルによる外挿
III,410,b,0.321,1/m,model_extrapolation,実測点は412-715 nmのみ。この波長はモデルによる外挿
III,411,a,0.128,1/m,model_extrapolation,実測点は412-715 nmのみ。この波長はモデルによる外挿
III,411,b,0.321,1/m,model_extrapolation,実測点は412-715 nmのみ。この波長はモデルによる外挿
III,412,a,0.128,1/m,ok,
III,412,b,0.32,1/m,ok,
III,413,a,0.128,1/m,ok,
III,413,b,0.32,1/m,ok,
III,414,a,0.128,1/m,ok,
III,414,b,0.32,1/m,ok,
III,415,a,0.128,1/m,ok,
III,415,b,0.319,1/m,ok,
III,416,a,0.127,1/m,ok,
III,416,b,0.319,1/m,ok,
III,417,a,0.127,1/m,ok,
III,417,b,0.319,1/m,ok,
III,418,a,0.127,1/m,ok,
III,418,b,0.318,1/m,ok,
III,419,a,0.127,1/m,ok,
III,419,b,0.318,1/m,ok,
III,420,a,0.127,1/m,ok,
III,420,b,0.318,1/m,ok,
III,421,a,0.126,1/m,ok,
III,421,b,0.318,1/m,ok,
III,422,a,0.126,1/m,ok,
III,422,b,0.317,1/m,ok,
III,423,a,0.125,1/m,ok,
III,423,b,0.317,1/m,ok,
III,424,a,0.125,1/m,ok,
III,424,b,0.317,1/m,ok,
III,425,a,0.125,1/m,ok,
III,425,b,0.316,1/m,ok,
III,426,a,0.124,1/m,ok,
III,426,b,0.316,1/m,ok,
III,427,a,0.124,1/m,ok,
III,427,b,0.316,1/m,ok,
III,428,a,0.124,1/m,ok,
III,428,b,0.315,1/m,ok,
III,429,a,0.124,1/m,ok,
III,429,b,0.315,1/m,ok,
III,430,a,0.125,1/m,ok,
III,430,b,0.315,1/m,ok,
III,431,a,0.124,1/m,ok,
III,431,b,0.315,1/m,ok,
III,432,a,0.124,1/m,ok,
III,432,b,0.314,1/m,ok,
III,433,a,0.124,1/m,ok,
III,433,b,0.314,1/m,ok,
III,434,a,0.123,1/m,ok,
III,434,b,0.314,1/m,ok,
III,435,a,0.123,1/m,ok,
III,435,b,0.313,1/m,ok,
III,436,a,0.123,1/m,ok,
III,436,b,0.313,1/m,ok,
III,437,a,0.122,1/m,ok,
III,437,b,0.313,1/m,ok,
III,438,a,0.122,1/m,ok,
III,438,b,0.312,1/m,ok,
III,439,a,0.122,1/m,ok,
III,439,b,0.312,1/m,ok,
III,440,a,0.121,1/m,ok,
III,440,b,0.312,1/m,ok,
III,441,a,0.12,1/m,ok,
III,441,b,0.312,1/m,ok,
III,442,a,0.12,1/m,ok,
III,442,b,0.311,1/m,ok,
III,443,a,0.118,1/m,ok,
III,443,b,0.311,1/m,ok,
III,444,a,0.117,1/m,ok,
III,444,b,0.311,1/m,ok,
III,445,a,0.116,1/m,ok,
III,445,b,0.311,1/m,ok,
III,446,a,0.115,1/m,ok,
III,446,b,0.31,1/m,ok,
III,447,a,0.114,1/m,ok,
III,447,b,0.31,1/m,ok,
III,448,a,0.113,1/m,ok,
III,448,b,0.31,1/m,ok,
III,449,a,0.112,1/m,ok,
III,449,b,0.309,1/m,ok,
III,450,a,0.112,1/m,ok,
III,450,b,0.309,1/m,ok,
III,451,a,0.111,1/m,ok,
III,451,b,0.309,1/m,ok,
III,452,a,0.11,1/m,ok,
III,452,b,0.309,1/m,ok,
III,453,a,0.109,1/m,ok,
III,453,b,0.308,1/m,ok,
III,454,a,0.108,1/m,ok,
III,454,b,0.308,1/m,ok,
III,455,a,0.107,1/m,ok,
III,455,b,0.308,1/m,ok,
III,456,a,0.107,1/m,ok,
III,456,b,0.308,1/m,ok,
III,457,a,0.106,1/m,ok,
III,457,b,0.307,1/m,ok,
III,458,a,0.105,1/m,ok,
III,458,b,0.307,1/m,ok,
III,459,a,0.105,1/m,ok,
III,459,b,0.307,1/m,ok,
III,460,a,0.104,1/m,ok,
III,460,b,0.307,1/m,ok,
III,461,a,0.104,1/m,ok,
III,461,b,0.306,1/m,ok,
III,462,a,0.103,1/m,ok,
III,462,b,0.306,1/m,ok,
III,463,a,0.102,1/m,ok,
III,463,b,0.306,1/m,ok,
III,464,a,0.101,1/m,ok,
III,464,b,0.305,1/m,ok,
III,465,a,0.101,1/m,ok,
III,465,b,0.305,1/m,ok,
III,466,a,0.1,1/m,ok,
III,466,b,0.305,1/m,ok,
III,467,a,0.0996,1/m,ok,
III,467,b,0.305,1/m,ok,
III,468,a,0.099,1/m,ok,
III,468,b,0.304,1/m,ok,
III,469,a,0.0984,1/m,ok,
III,469,b,0.304,1/m,ok,
III,470,a,0.0978,1/m,ok,
III,470,b,0.304,1/m,ok,
III,471,a,0.097,1/m,ok,
III,471,b,0.304,1/m,ok,
III,472,a,0.0963,1/m,ok,
III,472,b,0.303,1/m,ok,
III,473,a,0.0955,1/m,ok,
III,473,b,0.303,1/m,ok,
III,474,a,0.0948,1/m,ok,
III,474,b,0.303,1/m,ok,
III,475,a,0.0941,1/m,ok,
III,475,b,0.303,1/m,ok,
III,476,a,0.0933,1/m,ok,
III,476,b,0.302,1/m,ok,
III,477,a,0.0928,1/m,ok,
III,477,b,0.302,1/m,ok,
III,478,a,0.0922,1/m,ok,
III,478,b,0.302,1/m,ok,
III,479,a,0.0916,1/m,ok,
III,479,b,0.302,1/m,ok,
III,480,a,0.0911,1/m,ok,
III,480,b,0.302,1/m,ok,
III,481,a,0.0906,1/m,ok,
III,481,b,0.301,1/m,ok,
III,482,a,0.0901,1/m,ok,
III,482,b,0.301,1/m,ok,
III,483,a,0.0896,1/m,ok,
III,483,b,0.301,1/m,ok,
III,484,a,0.0891,1/m,ok,
III,484,b,0.301,1/m,ok,
III,485,a,0.0886,1/m,ok,
III,485,b,0.3,1/m,ok,
III,486,a,0.0881,1/m,ok,
III,486,b,0.3,1/m,ok,
III,487,a,0.0877,1/m,ok,
III,487,b,0.3,1/m,ok,
III,488,a,0.0873,1/m,ok,
III,488,b,0.3,1/m,ok,
III,489,a,0.087,1/m,ok,
III,489,b,0.299,1/m,ok,
III,490,a,0.0867,1/m,ok,
III,490,b,0.299,1/m,ok,
III,491,a,0.0863,1/m,ok,
III,491,b,0.299,1/m,ok,
III,492,a,0.0859,1/m,ok,
III,492,b,0.299,1/m,ok,
III,493,a,0.0855,1/m,ok,
III,493,b,0.299,1/m,ok,
III,494,a,0.0851,1/m,ok,
III,494,b,0.298,1/m,ok,
III,495,a,0.0847,1/m,ok,
III,495,b,0.298,1/m,ok,
III,496,a,0.0843,1/m,ok,
III,496,b,0.298,1/m,ok,
III,497,a,0.0841,1/m,ok,
III,497,b,0.298,1/m,ok,
III,498,a,0.0839,1/m,ok,
III,498,b,0.297,1/m,ok,
III,499,a,0.0837,1/m,ok,
III,499,b,0.297,1/m,ok,
III,500,a,0.0835,1/m,ok,
III,500,b,0.297,1/m,ok,
III,501,a,0.0834,1/m,ok,
III,501,b,0.297,1/m,ok,
III,502,a,0.0832,1/m,ok,
III,502,b,0.297,1/m,ok,
III,503,a,0.0832,1/m,ok,
III,503,b,0.296,1/m,ok,
III,504,a,0.0831,1/m,ok,
III,504,b,0.296,1/m,ok,
III,505,a,0.0831,1/m,ok,
III,505,b,0.296,1/m,ok,
III,506,a,0.0831,1/m,ok,
III,506,b,0.296,1/m,ok,
III,507,a,0.0831,1/m,ok,
III,507,b,0.295,1/m,ok,
III,508,a,0.0832,1/m,ok,
III,508,b,0.295,1/m,ok,
III,509,a,0.0833,1/m,ok,
III,509,b,0.295,1/m,ok,
III,510,a,0.0835,1/m,ok,
III,510,b,0.295,1/m,ok,
III,511,a,0.0836,1/m,ok,
III,511,b,0.295,1/m,ok,
III,512,a,0.0838,1/m,ok,
III,512,b,0.294,1/m,ok,
III,513,a,0.0839,1/m,ok,
III,513,b,0.294,1/m,ok,
III,514,a,0.084,1/m,ok,
III,514,b,0.294,1/m,ok,
III,515,a,0.0842,1/m,ok,
III,515,b,0.294,1/m,ok,
III,516,a,0.0844,1/m,ok,
III,516,b,0.294,1/m,ok,
III,517,a,0.0846,1/m,ok,
III,517,b,0.293,1/m,ok,
III,518,a,0.0848,1/m,ok,
III,518,b,0.293,1/m,ok,
III,519,a,0.0845,1/m,ok,
III,519,b,0.293,1/m,ok,
III,520,a,0.0841,1/m,ok,
III,520,b,0.293,1/m,ok,
III,521,a,0.0839,1/m,ok,
III,521,b,0.292,1/m,ok,
III,522,a,0.0837,1/m,ok,
III,522,b,0.292,1/m,ok,
III,523,a,0.0827,1/m,ok,
III,523,b,0.292,1/m,ok,
III,524,a,0.0817,1/m,ok,
III,524,b,0.292,1/m,ok,
III,525,a,0.0821,1/m,ok,
III,525,b,0.292,1/m,ok,
III,526,a,0.0825,1/m,ok,
III,526,b,0.291,1/m,ok,
III,527,a,0.0817,1/m,ok,
III,527,b,0.291,1/m,ok,
III,528,a,0.081,1/m,ok,
III,528,b,0.291,1/m,ok,
III,529,a,0.0808,1/m,ok,
III,529,b,0.291,1/m,ok,
III,530,a,0.0806,1/m,ok,
III,530,b,0.291,1/m,ok,
III,531,a,0.0809,1/m,ok,
III,531,b,0.29,1/m,ok,
III,532,a,0.0812,1/m,ok,
III,532,b,0.29,1/m,ok,
III,533,a,0.0813,1/m,ok,
III,533,b,0.29,1/m,ok,
III,534,a,0.0813,1/m,ok,
III,534,b,0.29,1/m,ok,
III,535,a,0.0815,1/m,ok,
III,535,b,0.29,1/m,ok,
III,536,a,0.0817,1/m,ok,
III,536,b,0.289,1/m,ok,
III,537,a,0.0818,1/m,ok,
III,537,b,0.289,1/m,ok,
III,538,a,0.0819,1/m,ok,
III,538,b,0.289,1/m,ok,
III,539,a,0.0822,1/m,ok,
III,539,b,0.289,1/m,ok,
III,540,a,0.0825,1/m,ok,
III,540,b,0.289,1/m,ok,
III,541,a,0.0825,1/m,ok,
III,541,b,0.289,1/m,ok,
III,542,a,0.0825,1/m,ok,
III,542,b,0.288,1/m,ok,
III,543,a,0.0834,1/m,ok,
III,543,b,0.288,1/m,ok,
III,544,a,0.0842,1/m,ok,
III,544,b,0.288,1/m,ok,
III,545,a,0.0846,1/m,ok,
III,545,b,0.288,1/m,ok,
III,546,a,0.0851,1/m,ok,
III,546,b,0.288,1/m,ok,
III,547,a,0.0856,1/m,ok,
III,547,b,0.287,1/m,ok,
III,548,a,0.0862,1/m,ok,
III,548,b,0.287,1/m,ok,
III,549,a,0.087,1/m,ok,
III,549,b,0.287,1/m,ok,
III,550,a,0.0878,1/m,ok,
III,550,b,0.287,1/m,ok,
III,551,a,0.0885,1/m,ok,
III,551,b,0.287,1/m,ok,
III,552,a,0.0892,1/m,ok,
III,552,b,0.286,1/m,ok,
III,553,a,0.0898,1/m,ok,
III,553,b,0.286,1/m,ok,
III,554,a,0.0904,1/m,ok,
III,554,b,0.286,1/m,ok,
III,555,a,0.0908,1/m,ok,
III,555,b,0.286,1/m,ok,
III,556,a,0.0912,1/m,ok,
III,556,b,0.286,1/m,ok,
III,557,a,0.0914,1/m,ok,
III,557,b,0.286,1/m,ok,
III,558,a,0.0915,1/m,ok,
III,558,b,0.285,1/m,ok,
III,559,a,0.0919,1/m,ok,
III,559,b,0.285,1/m,ok,
III,560,a,0.0922,1/m,ok,
III,560,b,0.285,1/m,ok,
III,561,a,0.0927,1/m,ok,
III,561,b,0.285,1/m,ok,
III,562,a,0.0931,1/m,ok,
III,562,b,0.285,1/m,ok,
III,563,a,0.0934,1/m,ok,
III,563,b,0.284,1/m,ok,
III,564,a,0.0937,1/m,ok,
III,564,b,0.284,1/m,ok,
III,565,a,0.0944,1/m,ok,
III,565,b,0.284,1/m,ok,
III,566,a,0.0951,1/m,ok,
III,566,b,0.284,1/m,ok,
III,567,a,0.0956,1/m,ok,
III,567,b,0.284,1/m,ok,
III,568,a,0.0962,1/m,ok,
III,568,b,0.284,1/m,ok,
III,569,a,0.0972,1/m,ok,
III,569,b,0.283,1/m,ok,
III,570,a,0.0983,1/m,ok,
III,570,b,0.283,1/m,ok,
III,571,a,0.0995,1/m,ok,
III,571,b,0.283,1/m,ok,
III,572,a,0.101,1/m,ok,
III,572,b,0.283,1/m,ok,
III,573,a,0.102,1/m,ok,
III,573,b,0.283,1/m,ok,
III,574,a,0.104,1/m,ok,
III,574,b,0.283,1/m,ok,
III,575,a,0.105,1/m,ok,
III,575,b,0.282,1/m,ok,
III,576,a,0.107,1/m,ok,
III,576,b,0.282,1/m,ok,
III,577,a,0.109,1/m,ok,
III,577,b,0.282,1/m,ok,
III,578,a,0.111,1/m,ok,
III,578,b,0.282,1/m,ok,
III,579,a,0.114,1/m,ok,
III,579,b,0.282,1/m,ok,
III,580,a,0.116,1/m,ok,
III,580,b,0.281,1/m,ok,
III,581,a,0.119,1/m,ok,
III,581,b,0.281,1/m,ok,
III,582,a,0.121,1/m,ok,
III,582,b,0.281,1/m,ok,
III,583,a,0.125,1/m,ok,
III,583,b,0.281,1/m,ok,
III,584,a,0.129,1/m,ok,
III,584,b,0.281,1/m,ok,
III,585,a,0.133,1/m,ok,
III,585,b,0.281,1/m,ok,
III,586,a,0.137,1/m,ok,
III,586,b,0.28,1/m,ok,
III,587,a,0.141,1/m,ok,
III,587,b,0.28,1/m,ok,
III,588,a,0.146,1/m,ok,
III,588,b,0.28,1/m,ok,
III,589,a,0.151,1/m,ok,
III,589,b,0.28,1/m,ok,
III,590,a,0.156,1/m,ok,
III,590,b,0.28,1/m,ok,
III,591,a,0.161,1/m,ok,
III,591,b,0.28,1/m,ok,
III,592,a,0.166,1/m,ok,
III,592,b,0.279,1/m,ok,
III,593,a,0.171,1/m,ok,
III,593,b,0.279,1/m,ok,
III,594,a,0.177,1/m,ok,
III,594,b,0.279,1/m,ok,
III,595,a,0.183,1/m,ok,
III,595,b,0.279,1/m,ok,
III,596,a,0.189,1/m,ok,
III,596,b,0.279,1/m,ok,
III,597,a,0.197,1/m,ok,
III,597,b,0.279,1/m,ok,
III,598,a,0.205,1/m,ok,
III,598,b,0.278,1/m,ok,
III,599,a,0.223,1/m,ok,
III,599,b,0.278,1/m,ok,
III,600,a,0.241,1/m,ok,
III,600,b,0.278,1/m,ok,
III,601,a,0.248,1/m,ok,
III,601,b,0.278,1/m,ok,
III,602,a,0.255,1/m,ok,
III,602,b,0.278,1/m,ok,
III,603,a,0.259,1/m,ok,
III,603,b,0.278,1/m,ok,
III,604,a,0.263,1/m,ok,
III,604,b,0.278,1/m,ok,
III,605,a,0.27,1/m,ok,
III,605,b,0.277,1/m,ok,
III,606,a,0.277,1/m,ok,
III,606,b,0.277,1/m,ok,
III,607,a,0.28,1/m,ok,
III,607,b,0.277,1/m,ok,
III,608,a,0.284,1/m,ok,
III,608,b,0.277,1/m,ok,
III,609,a,0.286,1/m,ok,
III,609,b,0.277,1/m,ok,
III,610,a,0.287,1/m,ok,
III,610,b,0.277,1/m,ok,
III,611,a,0.289,1/m,ok,
III,611,b,0.276,1/m,ok,
III,612,a,0.29,1/m,ok,
III,612,b,0.276,1/m,ok,
III,613,a,0.291,1/m,ok,
III,613,b,0.276,1/m,ok,
III,614,a,0.293,1/m,ok,
III,614,b,0.276,1/m,ok,
III,615,a,0.294,1/m,ok,
III,615,b,0.276,1/m,ok,
III,616,a,0.295,1/m,ok,
III,616,b,0.276,1/m,ok,
III,617,a,0.296,1/m,ok,
III,617,b,0.276,1/m,ok,
III,618,a,0.297,1/m,ok,
III,618,b,0.275,1/m,ok,
III,619,a,0.298,1/m,ok,
III,619,b,0.275,1/m,ok,
III,620,a,0.3,1/m,ok,
III,620,b,0.275,1/m,ok,
III,621,a,0.301,1/m,ok,
III,621,b,0.275,1/m,ok,
III,622,a,0.303,1/m,ok,
III,622,b,0.275,1/m,ok,
III,623,a,0.304,1/m,ok,
III,623,b,0.275,1/m,ok,
III,624,a,0.305,1/m,ok,
III,624,b,0.274,1/m,ok,
III,625,a,0.307,1/m,ok,
III,625,b,0.274,1/m,ok,
III,626,a,0.308,1/m,ok,
III,626,b,0.274,1/m,ok,
III,627,a,0.309,1/m,ok,
III,627,b,0.274,1/m,ok,
III,628,a,0.311,1/m,ok,
III,628,b,0.274,1/m,ok,
III,629,a,0.312,1/m,ok,
III,629,b,0.274,1/m,ok,
III,630,a,0.314,1/m,ok,
III,630,b,0.274,1/m,ok,
III,631,a,0.316,1/m,ok,
III,631,b,0.273,1/m,ok,
III,632,a,0.318,1/m,ok,
III,632,b,0.273,1/m,ok,
III,633,a,0.319,1/m,ok,
III,633,b,0.273,1/m,ok,
III,634,a,0.32,1/m,ok,
III,634,b,0.273,1/m,ok,
III,635,a,0.321,1/m,ok,
III,635,b,0.273,1/m,ok,
III,636,a,0.323,1/m,ok,
III,636,b,0.273,1/m,ok,
III,637,a,0.325,1/m,ok,
III,637,b,0.273,1/m,ok,
III,638,a,0.326,1/m,ok,
III,638,b,0.272,1/m,ok,
III,639,a,0.328,1/m,ok,
III,639,b,0.272,1/m,ok,
III,640,a,0.33,1/m,ok,
III,640,b,0.272,1/m,ok,
III,641,a,0.331,1/m,ok,
III,641,b,0.272,1/m,ok,
III,642,a,0.333,1/m,ok,
III,642,b,0.272,1/m,ok,
III,643,a,0.335,1/m,ok,
III,643,b,0.272,1/m,ok,
III,644,a,0.337,1/m,ok,
III,644,b,0.271,1/m,ok,
III,645,a,0.339,1/m,ok,
III,645,b,0.271,1/m,ok,
III,646,a,0.341,1/m,ok,
III,646,b,0.271,1/m,ok,
III,647,a,0.343,1/m,ok,
III,647,b,0.271,1/m,ok,
III,648,a,0.345,1/m,ok,
III,648,b,0.271,1/m,ok,
III,649,a,0.348,1/m,ok,
III,649,b,0.271,1/m,ok,
III,650,a,0.351,1/m,ok,
III,650,b,0.271,1/m,ok,
III,651,a,0.353,1/m,ok,
III,651,b,0.27,1/m,ok,
III,652,a,0.356,1/m,ok,
III,652,b,0.27,1/m,ok,
III,653,a,0.359,1/m,ok,
III,653,b,0.27,1/m,ok,
III,654,a,0.362,1/m,ok,
III,654,b,0.27,1/m,ok,
III,655,a,0.367,1/m,ok,
III,655,b,0.27,1/m,ok,
III,656,a,0.372,1/m,ok,
III,656,b,0.27,1/m,ok,
III,657,a,0.379,1/m,ok,
III,657,b,0.27,1/m,ok,
III,658,a,0.385,1/m,ok,
III,658,b,0.27,1/m,ok,
III,659,a,0.394,1/m,ok,
III,659,b,0.269,1/m,ok,
III,660,a,0.402,1/m,ok,
III,660,b,0.269,1/m,ok,
III,661,a,0.41,1/m,ok,
III,661,b,0.269,1/m,ok,
III,662,a,0.418,1/m,ok,
III,662,b,0.269,1/m,ok,
III,663,a,0.424,1/m,ok,
III,663,b,0.269,1/m,ok,
III,664,a,0.429,1/m,ok,
III,664,b,0.269,1/m,ok,
III,665,a,0.433,1/m,ok,
III,665,b,0.269,1/m,ok,
III,666,a,0.437,1/m,ok,
III,666,b,0.268,1/m,ok,
III,667,a,0.439,1/m,ok,
III,667,b,0.268,1/m,ok,
III,668,a,0.441,1/m,ok,
III,668,b,0.268,1/m,ok,
III,669,a,0.443,1/m,ok,
III,669,b,0.268,1/m,ok,
III,670,a,0.445,1/m,ok,
III,670,b,0.268,1/m,ok,
III,671,a,0.447,1/m,ok,
III,671,b,0.268,1/m,ok,
III,672,a,0.449,1/m,ok,
III,672,b,0.268,1/m,ok,
III,673,a,0.45,1/m,ok,
III,673,b,0.267,1/m,ok,
III,674,a,0.451,1/m,ok,
III,674,b,0.267,1/m,ok,
III,675,a,0.454,1/m,ok,
III,675,b,0.267,1/m,ok,
III,676,a,0.456,1/m,ok,
III,676,b,0.267,1/m,ok,
III,677,a,0.458,1/m,ok,
III,677,b,0.267,1/m,ok,
III,678,a,0.459,1/m,ok,
III,678,b,0.267,1/m,ok,
III,679,a,0.461,1/m,ok,
III,679,b,0.267,1/m,ok,
III,680,a,0.462,1/m,ok,
III,680,b,0.267,1/m,ok,
III,681,a,0.464,1/m,ok,
III,681,b,0.266,1/m,ok,
III,682,a,0.466,1/m,ok,
III,682,b,0.266,1/m,ok,
III,683,a,0.469,1/m,ok,
III,683,b,0.266,1/m,ok,
III,684,a,0.471,1/m,ok,
III,684,b,0.266,1/m,ok,
III,685,a,0.474,1/m,ok,
III,685,b,0.266,1/m,ok,
III,686,a,0.476,1/m,ok,
III,686,b,0.266,1/m,ok,
III,687,a,0.48,1/m,ok,
III,687,b,0.266,1/m,ok,
III,688,a,0.483,1/m,ok,
III,688,b,0.265,1/m,ok,
III,689,a,0.488,1/m,ok,
III,689,b,0.265,1/m,ok,
III,690,a,0.492,1/m,ok,
III,690,b,0.265,1/m,ok,
III,691,a,0.498,1/m,ok,
III,691,b,0.265,1/m,ok,
III,692,a,0.504,1/m,ok,
III,692,b,0.265,1/m,ok,
III,693,a,0.512,1/m,ok,
III,693,b,0.265,1/m,ok,
III,694,a,0.519,1/m,ok,
III,694,b,0.265,1/m,ok,
III,695,a,0.527,1/m,ok,
III,695,b,0.265,1/m,ok,
III,696,a,0.535,1/m,ok,
III,696,b,0.264,1/m,ok,
III,697,a,0.546,1/m,ok,
III,697,b,0.264,1/m,ok,
III,698,a,0.556,1/m,ok,
III,698,b,0.264,1/m,ok,
III,699,a,0.568,1/m,ok,
III,699,b,0.264,1/m,ok,
III,700,a,0.581,1/m,ok,
III,700,b,0.264,1/m,ok,
III,701,a,0.594,1/m,ok,
III,701,b,0.264,1/m,ok,
III,702,a,0.607,1/m,ok,
III,702,b,0.264,1/m,ok,
III,703,a,0.622,1/m,ok,
III,703,b,0.264,1/m,ok,
III,704,a,0.637,1/m,ok,
III,704,b,0.263,1/m,ok,
III,705,a,0.653,1/m,ok,
III,705,b,0.263,1/m,ok,
III,706,a,0.669,1/m,ok,
III,706,b,0.263,1/m,ok,
III,707,a,0.686,1/m,ok,
III,707,b,0.263,1/m,ok,
III,708,a,0.704,1/m,ok,
III,708,b,0.263,1/m,ok,
III,709,a,0.725,1/m,ok,
III,709,b,0.263,1/m,ok,
III,710,a,0.746,1/m,ok,
III,710,b,0.263,1/m,ok,
III,711,a,0.769,1/m,ok,
III,711,b,0.263,1/m,ok,
III,712,a,0.793,1/m,ok,
III,712,b,0.262,1/m,ok,
III,713,a,0.82,1/m,ok,
III,713,b,0.262,1/m,ok,
III,714,a,0.847,1/m,ok,
III,714,b,0.262,1/m,ok,
III,715,a,0.88,1/m,ok,
III,715,b,0.262,1/m,ok,
III,716,a,0.913,1/m,model_extrapolation,実測点は412-715 nmのみ。この波長はモデルによる外挿
III,716,b,0.262,1/m,model_extrapolation,実測点は412-715 nmのみ。この波長はモデルによる外挿
III,717,a,0.951,1/m,model_extrapolation,実測点は412-715 nmのみ。この波長はモデルによる外挿
III,717,b,0.262,1/m,model_extrapolation,実測点は412-715 nmのみ。この波長はモデルによる外挿
III,718,a,0.989,1/m,model_extrapolation,実測点は412-715 nmのみ。この波長はモデルによる外挿
III,718,b,0.262,1/m,model_extrapolation,実測点は412-715 nmのみ。この波長はモデルによる外挿
III,719,a,1.03,1/m,model_extrapolation,実測点は412-715 nmのみ。この波長はモデルによる外挿
III,719,b,0.262,1/m,model_extrapolation,実測点は412-715 nmのみ。この波長はモデルによる外挿
III,720,a,1.07,1/m,model_extrapolation,実測点は412-715 nmのみ。この波長はモデルによる外挿
III,720,b,0.261,1/m,model_extrapolation,実測点は412-715 nmのみ。この波長はモデルによる外挿
III,721,a,1.12,1/m,model_extrapolation,実測点は412-715 nmのみ。この波長はモデルによる外挿
III,721,b,0.261,1/m,model_extrapolation,実測点は412-715 nmのみ。この波長はモデルによる外挿
III,722,a,1.17,1/m,model_extrapolation,実測点は412-715 nmのみ。この波長はモデルによる外挿
III,722,b,0.261,1/m,model_extrapolation,実測点は412-715 nmのみ。この波長はモデルによる外挿
III,723,a,1.22,1/m,model_extrapolation,実測点は412-715 nmのみ。この波長はモデルによる外挿
III,723,b,0.261,1/m,model_extrapolation,実測点は412-715 nmのみ。この波長はモデルによる外挿
III,724,a,1.27,1/m,model_extrapolation,実測点は412-715 nmのみ。この波長はモデルによる外挿
III,724,b,0.261,1/m,model_extrapolation,実測点は412-715 nmのみ。この波長はモデルによる外挿
III,725,a,1.32,1/m,model_extrapolation,実測点は412-715 nmのみ。この波長はモデルによる外挿
III,725,b,0.261,1/m,model_extrapolation,実測点は412-715 nmのみ。この波長はモデルによる外挿
III,726,a,1.37,1/m,model_extrapolation,実測点は412-715 nmのみ。この波長はモデルによる外挿
III,726,b,0.261,1/m,model_extrapolation,実測点は412-715 nmのみ。この波長はモデルによる外挿
III,727,a,1.43,1/m,model_extrapolation,実測点は412-715 nmのみ。この波長はモデルによる外挿
III,727,b,0.261,1/m,model_extrapolation,実測点は412-715 nmのみ。この波長はモデルによる外挿
III,728,a,1.49,1/m,model_extrapolation,実測点は412-715 nmのみ。この波長はモデルによる外挿
III,728,b,0.261,1/m,model_extrapolation,実測点は412-715 nmのみ。この波長はモデルによる外挿
III,729,a,1.56,1/m,model_extrapolation,実測点は412-715 nmのみ。この波長はモデルによる外挿
III,729,b,0.26,1/m,model_extrapolation,実測点は412-715 nmのみ。この波長はモデルによる外挿
III,730,a,1.62,1/m,model_extrapolation,実測点は412-715 nmのみ。この波長はモデルによる外挿
III,730,b,0.26,1/m,model_extrapolation,実測点は412-715 nmのみ。この波長はモデルによる外挿
III,731,a,1.71,1/m,model_extrapolation,実測点は412-715 nmのみ。この波長はモデルによる外挿
III,731,b,0.26,1/m,model_extrapolation,実測点は412-715 nmのみ。この波長はモデルによる外挿
III,732,a,1.79,1/m,model_extrapolation,実測点は412-715 nmのみ。この波長はモデルによる外挿
III,732,b,0.26,1/m,model_extrapolation,実測点は412-715 nmのみ。この波長はモデルによる外挿
III,733,a,1.89,1/m,model_extrapolation,実測点は412-715 nmのみ。この波長はモデルによる外挿
III,733,b,0.26,1/m,model_extrapolation,実測点は412-715 nmのみ。この波長はモデルによる外挿
III,734,a,1.99,1/m,model_extrapolation,実測点は412-715 nmのみ。この波長はモデルによる外挿
III,734,b,0.26,1/m,model_extrapolation,実測点は412-715 nmのみ。この波長はモデルによる外挿
III,735,a,2.1,1/m,model_extrapolation,実測点は412-715 nmのみ。この波長はモデルによる外挿
III,735,b,0.26,1/m,model_extrapolation,実測点は412-715 nmのみ。この波長はモデルによる外挿
III,736,a,2.21,1/m,model_extrapolation,実測点は412-715 nmのみ。この波長はモデルによる外挿
III,736,b,0.26,1/m,model_extrapolation,実測点は412-715 nmのみ。この波長はモデルによる外挿
III,737,a,2.3,1/m,model_extrapolation,実測点は412-715 nmのみ。この波長はモデルによる外挿
III,737,b,0.259,1/m,model_extrapolation,実測点は412-715 nmのみ。この波長はモデルによる外挿
III,738,a,2.4,1/m,model_extrapolation,実測点は412-715 nmのみ。この波長はモデルによる外挿
III,738,b,0.259,1/m,model_extrapolation,実測点は412-715 nmのみ。この波長はモデルによる外挿
III,739,a,2.46,1/m,model_extrapolation,実測点は412-715 nmのみ。この波長はモデルによる外挿
III,739,b,0.259,1/m,model_extrapolation,実測点は412-715 nmのみ。この波長はモデルによる外挿
III,740,a,2.53,1/m,model_extrapolation,実測点は412-715 nmのみ。この波長はモデルによる外挿
III,740,b,0.259,1/m,model_extrapolation,実測点は412-715 nmのみ。この波長はモデルによる外挿
III,741,a,2.58,1/m,model_extrapolation,実測点は412-715 nmのみ。この波長はモデルによる外挿
III,741,b,0.259,1/m,model_extrapolation,実測点は412-715 nmのみ。この波長はモデルによる外挿
III,742,a,2.62,1/m,model_extrapolation,実測点は412-715 nmのみ。この波長はモデルによる外挿
III,742,b,0.259,1/m,model_extrapolation,実測点は412-715 nmのみ。この波長はモデルによる外挿
III,743,a,2.65,1/m,model_extrapolation,実測点は412-715 nmのみ。この波長はモデルによる外挿
III,743,b,0.259,1/m,model_extrapolation,実測点は412-715 nmのみ。この波長はモデルによる外挿
III,744,a,2.67,1/m,model_extrapolation,実測点は412-715 nmのみ。この波長はモデルによる外挿
III,744,b,0.259,1/m,model_extrapolation,実測点は412-715 nmのみ。この波長はモデルによる外挿
III,745,a,2.69,1/m,model_extrapolation,実測点は412-715 nmのみ。この波長はモデルによる外挿
III,745,b,0.259,1/m,model_extrapolation,実測点は412-715 nmのみ。この波長はモデルによる外挿
III,746,a,2.7,1/m,model_extrapolation,実測点は412-715 nmのみ。この波長はモデルによる外挿
III,746,b,0.258,1/m,model_extrapolation,実測点は412-715 nmのみ。この波長はモデルによる外挿
III,747,a,2.71,1/m,model_extrapolation,実測点は412-715 nmのみ。この波長はモデルによる外挿
III,747,b,0.258,1/m,model_extrapolation,実測点は412-715 nmのみ。この波長はモデルによる外挿
III,748,a,2.72,1/m,model_extrapolation,実測点は412-715 nmのみ。この波長はモデルによる外挿
III,748,b,0.258,1/m,model_extrapolation,実測点は412-715 nmのみ。この波長はモデルによる外挿
III,749,a,2.73,1/m,model_extrapolation,実測点は412-715 nmのみ。この波長はモデルによる外挿
III,749,b,0.258,1/m,model_extrapolation,実測点は412-715 nmのみ。この波長はモデルによる外挿
III,750,a,2.73,1/m,model_extrapolation,実測点は412-715 nmのみ。この波長はモデルによる外挿
III,750,b,0.258,1/m,model_extrapolation,実測点は412-715 nmのみ。この波長はモデルによる外挿
III,751,a,2.74,1/m,model_extrapolation,実測点は412-715 nmのみ。この波長はモデルによる外挿
III,751,b,0.258,1/m,model_extrapolation,実測点は412-715 nmのみ。この波長はモデルによる外挿
III,752,a,2.74,1/m,model_extrapolation,実測点は412-715 nmのみ。この波長はモデルによる外挿
III,752,b,0.258,1/m,model_extrapolation,実測点は412-715 nmのみ。この波長はモデルによる外挿
III,753,a,2.75,1/m,model_extrapolation,実測点は412-715 nmのみ。この波長はモデルによる外挿
III,753,b,0.258,1/m,model_extrapolation,実測点は412-715 nmのみ。この波長はモデルによる外挿
III,754,a,2.75,1/m,model_extrapolation,実測点は412-715 nmのみ。この波長はモデルによる外挿
III,754,b,0.258,1/m,model_extrapolation,実測点は412-715 nmのみ。この波長はモデルによる外挿
III,755,a,2.75,1/m,model_extrapolation,実測点は412-715 nmのみ。この波長はモデルによる外挿
III,755,b,0.257,1/m,model_extrapolation,実測点は412-715 nmのみ。この波長はモデルによる外挿
III,756,a,2.76,1/m,model_extrapolation,実測点は412-715 nmのみ。この波長はモデルによる外挿
III,756,b,0.257,1/m,model_extrapolation,実測点は412-715 nmのみ。この波長はモデルによる外挿
III,757,a,2.76,1/m,model_extrapolation,実測点は412-715 nmのみ。この波長はモデルによる外挿
III,757,b,0.257,1/m,model_extrapolation,実測点は412-715 nmのみ。この波長はモデルによる外挿
III,758,a,2.76,1/m,model_extrapolation,実測点は412-715 nmのみ。この波長はモデルによる外挿
III,758,b,0.257,1/m,model_extrapolation,実測点は412-715 nmのみ。この波長はモデルによる外挿
III,759,a,2.77,1/m,model_extrapolation,実測点は412-715 nmのみ。この波長はモデルによる外挿
III,759,b,0.257,1/m,model_extrapolation,実測点は412-715 nmのみ。この波長はモデルによる外挿
III,760,a,2.77,1/m,model_extrapolation,実測点は412-715 nmのみ。この波長はモデルによる外挿
III,760,b,0.257,1/m,model_extrapolation,実測点は412-715 nmのみ。この波長はモデルによる外挿
III,761,a,2.77,1/m,model_extrapolation,実測点は412-715 nmのみ。この波長はモデルによる外挿
III,761,b,0.257,1/m,model_extrapolation,実測点は412-715 nmのみ。この波長はモデルによる外挿
III,762,a,2.77,1/m,model_extrapolation,実測点は412-715 nmのみ。この波長はモデルによる外挿
III,762,b,0.257,1/m,model_extrapolation,実測点は412-715 nmのみ。この波長はモデルによる外挿
III,763,a,2.77,1/m,model_extrapolation,実測点は412-715 nmのみ。この波長はモデルによる外挿
III,763,b,0.257,1/m,model_extrapolation,実測点は412-715 nmのみ。この波長はモデルによる外挿
III,764,a,2.78,1/m,model_extrapolation,実測点は412-715 nmのみ。この波長はモデルによる外挿
III,764,b,0.256,1/m,model_extrapolation,実測点は412-715 nmのみ。この波長はモデルによる外挿
III,765,a,2.77,1/m,model_extrapolation,実測点は412-715 nmのみ。この波長はモデルによる外挿
III,765,b,0.256,1/m,model_extrapolation,実測点は412-715 nmのみ。この波長はモデルによる外挿
III,766,a,2.77,1/m,model_extrapolation,実測点は412-715 nmのみ。この波長はモデルによる外挿
III,766,b,0.256,1/m,model_extrapolation,実測点は412-715 nmのみ。この波長はモデルによる外挿
III,767,a,2.77,1/m,model_extrapolation,実測点は412-715 nmのみ。この波長はモデルによる外挿
III,767,b,0.256,1/m,model_extrapolation,実測点は412-715 nmのみ。この波長はモデルによる外挿
III,768,a,2.76,1/m,model_extrapolation,実測点は412-715 nmのみ。この波長はモデルによる外挿
III,768,b,0.256,1/m,model_extrapolation,実測点は412-715 nmのみ。この波長はモデルによる外挿
III,769,a,2.76,1/m,model_extrapolation,実測点は412-715 nmのみ。この波長はモデルによる外挿
III,769,b,0.256,1/m,model_extrapolation,実測点は412-715 nmのみ。この波長はモデルによる外挿
III,770,a,2.76,1/m,model_extrapolation,実測点は412-715 nmのみ。この波長はモデルによる外挿
III,770,b,0.256,1/m,model_extrapolation,実測点は412-715 nmのみ。この波長はモデルによる外挿
III,771,a,2.75,1/m,model_extrapolation,実測点は412-715 nmのみ。この波長はモデルによる外挿
III,771,b,0.256,1/m,model_extrapolation,実測点は412-715 nmのみ。この波長はモデルによる外挿
III,772,a,2.75,1/m,model_extrapolation,実測点は412-715 nmのみ。この波長はモデルによる外挿
III,772,b,0.256,1/m,model_extrapolation,実測点は412-715 nmのみ。この波長はモデルによる外挿
III,773,a,2.74,1/m,model_extrapolation,実測点は412-715 nmのみ。この波長はモデルによる外挿
III,773,b,0.255,1/m,model_extrapolation,実測点は412-715 nmのみ。この波長はモデルによる外挿
III,774,a,2.73,1/m,model_extrapolation,実測点は412-715 nmのみ。この波長はモデルによる外挿
III,774,b,0.255,1/m,model_extrapolation,実測点は412-715 nmのみ。この波長はモデルによる外挿
III,775,a,2.72,1/m,model_extrapolation,実測点は412-715 nmのみ。この波長はモデルによる外挿
III,775,b,0.255,1/m,model_extrapolation,実測点は412-715 nmのみ。この波長はモデルによる外挿
III,776,a,2.71,1/m,model_extrapolation,実測点は412-715 nmのみ。この波長はモデルによる外挿
III,776,b,0.255,1/m,model_extrapolation,実測点は412-715 nmのみ。この波長はモデルによる外挿
III,777,a,2.7,1/m,model_extrapolation,実測点は412-715 nmのみ。この波長はモデルによる外挿
III,777,b,0.255,1/m,model_extrapolation,実測点は412-715 nmのみ。この波長はモデルによる外挿
III,778,a,2.69,1/m,model_extrapolation,実測点は412-715 nmのみ。この波長はモデルによる外挿
III,778,b,0.255,1/m,model_extrapolation,実測点は412-715 nmのみ。この波長はモデルによる外挿
III,779,a,2.68,1/m,model_extrapolation,実測点は412-715 nmのみ。この波長はモデルによる外挿
III,779,b,0.255,1/m,model_extrapolation,実測点は412-715 nmのみ。この波長はモデルによる外挿
III,780,a,2.66,1/m,model_extrapolation,実測点は412-715 nmのみ。この波長はモデルによる外挿
III,780,b,0.255,1/m,model_extrapolation,実測点は412-715 nmのみ。この波長はモデルによる外挿
III,781,a,2.65,1/m,model_extrapolation,実測点は412-715 nmのみ。この波長はモデルによる外挿
III,781,b,0.255,1/m,model_extrapolation,実測点は412-715 nmのみ。この波長はモデルによる外挿
III,782,a,2.63,1/m,model_extrapolation,実測点は412-715 nmのみ。この波長はモデルによる外挿
III,782,b,0.254,1/m,model_extrapolation,実測点は412-715 nmのみ。この波長はモデルによる外挿
III,783,a,2.62,1/m,model_extrapolation,実測点は412-715 nmのみ。この波長はモデルによる外挿
III,783,b,0.254,1/m,model_extrapolation,実測点は412-715 nmのみ。この波長はモデルによる外挿
III,784,a,2.61,1/m,model_extrapolation,実測点は412-715 nmのみ。この波長はモデルによる外挿
III,784,b,0.254,1/m,model_extrapolation,実測点は412-715 nmのみ。この波長はモデルによる外挿
III,785,a,2.59,1/m,model_extrapolation,実測点は412-715 nmのみ。この波長はモデルによる外挿
III,785,b,0.254,1/m,model_extrapolation,実測点は412-715 nmのみ。この波長はモデルによる外挿
III,786,a,2.57,1/m,model_extrapolation,実測点は412-715 nmのみ。この波長はモデルによる外挿
III,786,b,0.254,1/m,model_extrapolation,実測点は412-715 nmのみ。この波長はモデルによる外挿
III,787,a,2.55,1/m,model_extrapolation,実測点は412-715 nmのみ。この波長はモデルによる外挿
III,787,b,0.254,1/m,model_extrapolation,実測点は412-715 nmのみ。この波長はモデルによる外挿
III,788,a,2.53,1/m,model_extrapolation,実測点は412-715 nmのみ。この波長はモデルによる外挿
III,788,b,0.254,1/m,model_extrapolation,実測点は412-715 nmのみ。この波長はモデルによる外挿
III,789,a,2.51,1/m,model_extrapolation,実測点は412-715 nmのみ。この波長はモデルによる外挿
III,789,b,0.254,1/m,model_extrapolation,実測点は412-715 nmのみ。この波長はモデルによる外挿
III,790,a,2.49,1/m,model_extrapolation,実測点は412-715 nmのみ。この波長はモデルによる外挿
III,790,b,0.254,1/m,model_extrapolation,実測点は412-715 nmのみ。この波長はモデルによる外挿
III,791,a,2.47,1/m,model_extrapolation,実測点は412-715 nmのみ。この波長はモデルによる外挿
III,791,b,0.254,1/m,model_extrapolation,実測点は412-715 nmのみ。この波長はモデルによる外挿
III,792,a,2.45,1/m,model_extrapolation,実測点は412-715 nmのみ。この波長はモデルによる外挿
III,792,b,0.253,1/m,model_extrapolation,実測点は412-715 nmのみ。この波長はモデルによる外挿
III,793,a,2.43,1/m,model_extrapolation,実測点は412-715 nmのみ。この波長はモデルによる外挿
III,793,b,0.253,1/m,model_extrapolation,実測点は412-715 nmのみ。この波長はモデルによる外挿
III,794,a,2.41,1/m,model_extrapolation,実測点は412-715 nmのみ。この波長はモデルによる外挿
III,794,b,0.253,1/m,model_extrapolation,実測点は412-715 nmのみ。この波長はモデルによる外挿
III,795,a,2.39,1/m,model_extrapolation,実測点は412-715 nmのみ。この波長はモデルによる外挿
III,795,b,0.253,1/m,model_extrapolation,実測点は412-715 nmのみ。この波長はモデルによる外挿
III,796,a,2.37,1/m,model_extrapolation,実測点は412-715 nmのみ。この波長はモデルによる外挿
III,796,b,0.253,1/m,model_extrapolation,実測点は412-715 nmのみ。この波長はモデルによる外挿
III,797,a,2.35,1/m,model_extrapolation,実測点は412-715 nmのみ。この波長はモデルによる外挿
III,797,b,0.253,1/m,model_extrapolation,実測点は412-715 nmのみ。この波長はモデルによる外挿
III,798,a,2.33,1/m,model_extrapolation,実測点は412-715 nmのみ。この波長はモデルによる外挿
III,798,b,0.253,1/m,model_extrapolation,実測点は412-715 nmのみ。この波長はモデルによる外挿
III,799,a,2.31,1/m,model_extrapolation,実測点は412-715 nmのみ。この波長はモデルによる外挿
III,799,b,0.253,1/m,model_extrapolation,実測点は412-715 nmのみ。この波長はモデルによる外挿
III,800,a,2.29,1/m,model_extrapolation,実測点は412-715 nmのみ。この波長はモデルによる外挿
III,800,b,0.253,1/m,model_extrapolation,実測点は412-715 nmのみ。この波長はモデルによる外挿
1C,300,a,0.566,1/m,model_extrapolation,実測点は412-715 nmのみ。この波長はモデルによる外挿
1C,300,b,0.531,1/m,model_extrapolation,実測点は412-715 nmのみ。この波長はモデルによる外挿
1C,301,a,0.561,1/m,model_extrapolation,実測点は412-715 nmのみ。この波長はモデルによる外挿
1C,301,b,0.53,1/m,model_extrapolation,実測点は412-715 nmのみ。この波長はモデルによる外挿
1C,302,a,0.557,1/m,model_extrapolation,実測点は412-715 nmのみ。この波長はモデルによる外挿
1C,302,b,0.529,1/m,model_extrapolation,実測点は412-715 nmのみ。この波長はモデルによる外挿
1C,303,a,0.552,1/m,model_extrapolation,実測点は412-715 nmのみ。この波長はモデルによる外挿
1C,303,b,0.528,1/m,model_extrapolation,実測点は412-715 nmのみ。この波長はモデルによる外挿
1C,304,a,0.548,1/m,model_extrapolation,実測点は412-715 nmのみ。この波長はモデルによる外挿
1C,304,b,0.527,1/m,model_extrapolation,実測点は412-715 nmのみ。この波長はモデルによる外挿
1C,305,a,0.543,1/m,model_extrapolation,実測点は412-715 nmのみ。この波長はモデルによる外挿
1C,305,b,0.527,1/m,model_extrapolation,実測点は412-715 nmのみ。この波長はモデルによる外挿
1C,306,a,0.538,1/m,model_extrapolation,実測点は412-715 nmのみ。この波長はモデルによる外挿
1C,306,b,0.526,1/m,model_extrapolation,実測点は412-715 nmのみ。この波長はモデルによる外挿
1C,307,a,0.533,1/m,model_extrapolation,実測点は412-715 nmのみ。この波長はモデルによる外挿
1C,307,b,0.525,1/m,model_extrapolation,実測点は412-715 nmのみ。この波長はモデルによる外挿
1C,308,a,0.529,1/m,model_extrapolation,実測点は412-715 nmのみ。この波長はモデルによる外挿
1C,308,b,0.524,1/m,model_extrapolation,実測点は412-715 nmのみ。この波長はモデルによる外挿
1C,309,a,0.524,1/m,model_extrapolation,実測点は412-715 nmのみ。この波長はモデルによる外挿
1C,309,b,0.524,1/m,model_extrapolation,実測点は412-715 nmのみ。この波長はモデルによる外挿
1C,310,a,0.518,1/m,model_extrapolation,実測点は412-715 nmのみ。この波長はモデルによる外挿
1C,310,b,0.523,1/m,model_extrapolation,実測点は412-715 nmのみ。この波長はモデルによる外挿
1C,311,a,0.513,1/m,model_extrapolation,実測点は412-715 nmのみ。この波長はモデルによる外挿
1C,311,b,0.522,1/m,model_extrapolation,実測点は412-715 nmのみ。この波長はモデルによる外挿
1C,312,a,0.508,1/m,model_extrapolation,実測点は412-715 nmのみ。この波長はモデルによる外挿
1C,312,b,0.521,1/m,model_extrapolation,実測点は412-715 nmのみ。この波長はモデルによる外挿
1C,313,a,0.503,1/m,model_extrapolation,実測点は412-715 nmのみ。この波長はモデルによる外挿
1C,313,b,0.521,1/m,model_extrapolation,実測点は412-715 nmのみ。この波長はモデルによる外挿
1C,314,a,0.497,1/m,model_extrapolation,実測点は412-715 nmのみ。この波長はモデルによる外挿
1C,314,b,0.52,1/m,model_extrapolation,実測点は412-715 nmのみ。この波長はモデルによる外挿
1C,315,a,0.492,1/m,model_extrapolation,実測点は412-715 nmのみ。この波長はモデルによる外挿
1C,315,b,0.519,1/m,model_extrapolation,実測点は412-715 nmのみ。この波長はモデルによる外挿
1C,316,a,0.486,1/m,model_extrapolation,実測点は412-715 nmのみ。この波長はモデルによる外挿
1C,316,b,0.519,1/m,model_extrapolation,実測点は412-715 nmのみ。この波長はモデルによる外挿
1C,317,a,0.481,1/m,model_extrapolation,実測点は412-715 nmのみ。この波長はモデルによる外挿
1C,317,b,0.518,1/m,model_extrapolation,実測点は412-715 nmのみ。この波長はモデルによる外挿
1C,318,a,0.476,1/m,model_extrapolation,実測点は412-715 nmのみ。この波長はモデルによる外挿
1C,318,b,0.517,1/m,model_extrapolation,実測点は412-715 nmのみ。この波長はモデルによる外挿
1C,319,a,0.47,1/m,model_extrapolation,実測点は412-715 nmのみ。この波長はモデルによる外挿
1C,319,b,0.517,1/m,model_extrapolation,実測点は412-715 nmのみ。この波長はモデルによる外挿
1C,320,a,0.465,1/m,model_extrapolation,実測点は412-715 nmのみ。この波長はモデルによる外挿
1C,320,b,0.516,1/m,model_extrapolation,実測点は412-715 nmのみ。この波長はモデルによる外挿
1C,321,a,0.459,1/m,model_extrapolation,実測点は412-715 nmのみ。この波長はモデルによる外挿
1C,321,b,0.515,1/m,model_extrapolation,実測点は412-715 nmのみ。この波長はモデルによる外挿
1C,322,a,0.454,1/m,model_extrapolation,実測点は412-715 nmのみ。この波長はモデルによる外挿
1C,322,b,0.515,1/m,model_extrapolation,実測点は412-715 nmのみ。この波長はモデルによる外挿
1C,323,a,0.448,1/m,model_extrapolation,実測点は412-715 nmのみ。この波長はモデルによる外挿
1C,323,b,0.514,1/m,model_extrapolation,実測点は412-715 nmのみ。この波長はモデルによる外挿
1C,324,a,0.442,1/m,model_extrapolation,実測点は412-715 nmのみ。この波長はモデルによる外挿
1C,324,b,0.513,1/m,model_extrapolation,実測点は412-715 nmのみ。この波長はモデルによる外挿
1C,325,a,0.436,1/m,model_extrapolation,実測点は412-715 nmのみ。この波長はモデルによる外挿
1C,325,b,0.513,1/m,model_extrapolation,実測点は412-715 nmのみ。この波長はモデルによる外挿
1C,326,a,0.43,1/m,model_extrapolation,実測点は412-715 nmのみ。この波長はモデルによる外挿
1C,326,b,0.512,1/m,model_extrapolation,実測点は412-715 nmのみ。この波長はモデルによる外挿
1C,327,a,0.425,1/m,model_extrapolation,実測点は412-715 nmのみ。この波長はモデルによる外挿
1C,327,b,0.511,1/m,model_extrapolation,実測点は412-715 nmのみ。この波長はモデルによる外挿
1C,328,a,0.419,1/m,model_extrapolation,実測点は412-715 nmのみ。この波長はモデルによる外挿
1C,328,b,0.511,1/m,model_extrapolation,実測点は412-715 nmのみ。この波長はモデルによる外挿
1C,329,a,0.413,1/m,model_extrapolation,実測点は412-715 nmのみ。この波長はモデルによる外挿
1C,329,b,0.51,1/m,model_extrapolation,実測点は412-715 nmのみ。この波長はモデルによる外挿
1C,330,a,0.408,1/m,model_extrapolation,実測点は412-715 nmのみ。この波長はモデルによる外挿
1C,330,b,0.509,1/m,model_extrapolation,実測点は412-715 nmのみ。この波長はモデルによる外挿
1C,331,a,0.402,1/m,model_extrapolation,実測点は412-715 nmのみ。この波長はモデルによる外挿
1C,331,b,0.509,1/m,model_extrapolation,実測点は412-715 nmのみ。この波長はモデルによる外挿
1C,332,a,0.397,1/m,model_extrapolation,実測点は412-715 nmのみ。この波長はモデルによる外挿
1C,332,b,0.508,1/m,model_extrapolation,実測点は412-715 nmのみ。この波長はモデルによる外挿
1C,333,a,0.391,1/m,model_extrapolation,実測点は412-715 nmのみ。この波長はモデルによる外挿
1C,333,b,0.508,1/m,model_extrapolation,実測点は412-715 nmのみ。この波長はモデルによる外挿
1C,334,a,0.385,1/m,model_extrapolation,実測点は412-715 nmのみ。この波長はモデルによる外挿
1C,334,b,0.507,1/m,model_extrapolation,実測点は412-715 nmのみ。この波長はモデルによる外挿
1C,335,a,0.38,1/m,model_extrapolation,実測点は412-715 nmのみ。この波長はモデルによる外挿
1C,335,b,0.506,1/m,model_extrapolation,実測点は412-715 nmのみ。この波長はモデルによる外挿
1C,336,a,0.375,1/m,model_extrapolation,実測点は412-715 nmのみ。この波長はモデルによる外挿
1C,336,b,0.506,1/m,model_extrapolation,実測点は412-715 nmのみ。この波長はモデルによる外挿
1C,337,a,0.369,1/m,model_extrapolation,実測点は412-715 nmのみ。この波長はモデルによる外挿
1C,337,b,0.505,1/m,model_extrapolation,実測点は412-715 nmのみ。この波長はモデルによる外挿
1C,338,a,0.363,1/m,model_extrapolation,実測点は412-715 nmのみ。この波長はモデルによる外挿
1C,338,b,0.505,1/m,model_extrapolation,実測点は412-715 nmのみ。この波長はモデルによる外挿
1C,339,a,0.357,1/m,model_extrapolation,実測点は412-715 nmのみ。この波長はモデルによる外挿
1C,339,b,0.504,1/m,model_extrapolation,実測点は412-715 nmのみ。この波長はモデルによる外挿
1C,340,a,0.351,1/m,model_extrapolation,実測点は412-715 nmのみ。この波長はモデルによる外挿
1C,340,b,0.503,1/m,model_extrapolation,実測点は412-715 nmのみ。この波長はモデルによる外挿
1C,341,a,0.345,1/m,model_extrapolation,実測点は412-715 nmのみ。この波長はモデルによる外挿
1C,341,b,0.503,1/m,model_extrapolation,実測点は412-715 nmのみ。この波長はモデルによる外挿
1C,342,a,0.338,1/m,model_extrapolation,実測点は412-715 nmのみ。この波長はモデルによる外挿
1C,342,b,0.502,1/m,model_extrapolation,実測点は412-715 nmのみ。この波長はモデルによる外挿
1C,343,a,0.332,1/m,model_extrapolation,実測点は412-715 nmのみ。この波長はモデルによる外挿
1C,343,b,0.502,1/m,model_extrapolation,実測点は412-715 nmのみ。この波長はモデルによる外挿
1C,344,a,0.325,1/m,model_extrapolation,実測点は412-715 nmのみ。この波長はモデルによる外挿
1C,344,b,0.501,1/m,model_extrapolation,実測点は412-715 nmのみ。この波長はモデルによる外挿
1C,345,a,0.319,1/m,model_extrapolation,実測点は412-715 nmのみ。この波長はモデルによる外挿
1C,345,b,0.5,1/m,model_extrapolation,実測点は412-715 nmのみ。この波長はモデルによる外挿
1C,346,a,0.312,1/m,model_extrapolation,実測点は412-715 nmのみ。この波長はモデルによる外挿
1C,346,b,0.5,1/m,model_extrapolation,実測点は412-715 nmのみ。この波長はモデルによる外挿
1C,347,a,0.305,1/m,model_extrapolation,実測点は412-715 nmのみ。この波長はモデルによる外挿
1C,347,b,0.499,1/m,model_extrapolation,実測点は412-715 nmのみ。この波長はモデルによる外挿
1C,348,a,0.299,1/m,model_extrapolation,実測点は412-715 nmのみ。この波長はモデルによる外挿
1C,348,b,0.499,1/m,model_extrapolation,実測点は412-715 nmのみ。この波長はモデルによる外挿
1C,349,a,0.293,1/m,model_extrapolation,実測点は412-715 nmのみ。この波長はモデルによる外挿
1C,349,b,0.498,1/m,model_extrapolation,実測点は412-715 nmのみ。この波長はモデルによる外挿
1C,350,a,0.287,1/m,model_extrapolation,実測点は412-715 nmのみ。この波長はモデルによる外挿
1C,350,b,0.498,1/m,model_extrapolation,実測点は412-715 nmのみ。この波長はモデルによる外挿
1C,351,a,0.282,1/m,model_extrapolation,実測点は412-715 nmのみ。この波長はモデルによる外挿
1C,351,b,0.497,1/m,model_extrapolation,実測点は412-715 nmのみ。この波長はモデルによる外挿
1C,352,a,0.276,1/m,model_extrapolation,実測点は412-715 nmのみ。この波長はモデルによる外挿
1C,352,b,0.497,1/m,model_extrapolation,実測点は412-715 nmのみ。この波長はモデルによる外挿
1C,353,a,0.271,1/m,model_extrapolation,実測点は412-715 nmのみ。この波長はモデルによる外挿
1C,353,b,0.496,1/m,model_extrapolation,実測点は412-715 nmのみ。この波長はモデルによる外挿
1C,354,a,0.266,1/m,model_extrapolation,実測点は412-715 nmのみ。この波長はモデルによる外挿
1C,354,b,0.496,1/m,model_extrapolation,実測点は412-715 nmのみ。この波長はモデルによる外挿
1C,355,a,0.262,1/m,model_extrapolation,実測点は412-715 nmのみ。この波長はモデルによる外挿
1C,355,b,0.495,1/m,model_extrapolation,実測点は412-715 nmのみ。この波長はモデルによる外挿
1C,356,a,0.258,1/m,model_extrapolation,実測点は412-715 nmのみ。この波長はモデルによる外挿
1C,356,b,0.495,1/m,model_extrapolation,実測点は412-715 nmのみ。この波長はモデルによる外挿
1C,357,a,0.254,1/m,model_extrapolation,実測点は412-715 nmのみ。この波長はモデルによる外挿
1C,357,b,0.494,1/m,model_extrapolation,実測点は412-715 nmのみ。この波長はモデルによる外挿
1C,358,a,0.25,1/m,model_extrapolation,実測点は412-715 nmのみ。この波長はモデルによる外挿
1C,358,b,0.493,1/m,model_extrapolation,実測点は412-715 nmのみ。この波長はモデルによる外挿
1C,359,a,0.247,1/m,model_extrapolation,実測点は412-715 nmのみ。この波長はモデルによる外挿
1C,359,b,0.493,1/m,model_extrapolation,実測点は412-715 nmのみ。この波長はモデルによる外挿
1C,360,a,0.244,1/m,model_extrapolation,実測点は412-715 nmのみ。この波長はモデルによる外挿
1C,360,b,0.492,1/m,model_extrapolation,実測点は412-715 nmのみ。この波長はモデルによる外挿
1C,361,a,0.241,1/m,model_extrapolation,実測点は412-715 nmのみ。この波長はモデルによる外挿
1C,361,b,0.492,1/m,model_extrapolation,実測点は412-715 nmのみ。この波長はモデルによる外挿
1C,362,a,0.238,1/m,model_extrapolation,実測点は412-715 nmのみ。この波長はモデルによる外挿
1C,362,b,0.491,1/m,model_extrapolation,実測点は412-715 nmのみ。この波長はモデルによる外挿
1C,363,a,0.236,1/m,model_extrapolation,実測点は412-715 nmのみ。この波長はモデルによる外挿
1C,363,b,0.491,1/m,model_extrapolation,実測点は412-715 nmのみ。この波長はモデルによる外挿
1C,364,a,0.233,1/m,model_extrapolation,実測点は412-715 nmのみ。この波長はモデルによる外挿
1C,364,b,0.49,1/m,model_extrapolation,実測点は412-715 nmのみ。この波長はモデルによる外挿
1C,365,a,0.231,1/m,model_extrapolation,実測点は412-715 nmのみ。この波長はモデルによる外挿
1C,365,b,0.49,1/m,model_extrapolation,実測点は412-715 nmのみ。この波長はモデルによる外挿
1C,366,a,0.229,1/m,model_extrapolation,実測点は412-715 nmのみ。この波長はモデルによる外挿
1C,366,b,0.489,1/m,model_extrapolation,実測点は412-715 nmのみ。この波長はモデルによる外挿
1C,367,a,0.227,1/m,model_extrapolation,実測点は412-715 nmのみ。この波長はモデルによる外挿
1C,367,b,0.489,1/m,model_extrapolation,実測点は412-715 nmのみ。この波長はモデルによる外挿
1C,368,a,0.226,1/m,model_extrapolation,実測点は412-715 nmのみ。この波長はモデルによる外挿
1C,368,b,0.488,1/m,model_extrapolation,実測点は412-715 nmのみ。この波長はモデルによる外挿
1C,369,a,0.224,1/m,model_extrapolation,実測点は412-715 nmのみ。この波長はモデルによる外挿
1C,369,b,0.488,1/m,model_extrapolation,実測点は412-715 nmのみ。この波長はモデルによる外挿
1C,370,a,0.222,1/m,model_extrapolation,実測点は412-715 nmのみ。この波長はモデルによる外挿
1C,370,b,0.487,1/m,model_extrapolation,実測点は412-715 nmのみ。この波長はモデルによる外挿
1C,371,a,0.22,1/m,model_extrapolation,実測点は412-715 nmのみ。この波長はモデルによる外挿
1C,371,b,0.487,1/m,model_extrapolation,実測点は412-715 nmのみ。この波長はモデルによる外挿
1C,372,a,0.219,1/m,model_extrapolation,実測点は412-715 nmのみ。この波長はモデルによる外挿
1C,372,b,0.486,1/m,model_extrapolation,実測点は412-715 nmのみ。この波長はモデルによる外挿
1C,373,a,0.218,1/m,model_extrapolation,実測点は412-715 nmのみ。この波長はモデルによる外挿
1C,373,b,0.486,1/m,model_extrapolation,実測点は412-715 nmのみ。この波長はモデルによる外挿
1C,374,a,0.216,1/m,model_extrapolation,実測点は412-715 nmのみ。この波長はモデルによる外挿
1C,374,b,0.486,1/m,model_extrapolation,実測点は412-715 nmのみ。この波長はモデルによる外挿
1C,375,a,0.215,1/m,model_extrapolation,実測点は412-715 nmのみ。この波長はモデルによる外挿
1C,375,b,0.485,1/m,model_extrapolation,実測点は412-715 nmのみ。この波長はモデルによる外挿
1C,376,a,0.214,1/m,model_extrapolation,実測点は412-715 nmのみ。この波長はモデルによる外挿
1C,376,b,0.485,1/m,model_extrapolation,実測点は412-715 nmのみ。この波長はモデルによる外挿
1C,377,a,0.213,1/m,model_extrapolation,実測点は412-715 nmのみ。この波長はモデルによる外挿
1C,377,b,0.484,1/m,model_extrapolation,実測点は412-715 nmのみ。この波長はモデルによる外挿
1C,378,a,0.211,1/m,model_extrapolation,実測点は412-715 nmのみ。この波長はモデルによる外挿
1C,378,b,0.484,1/m,model_extrapolation,実測点は412-715 nmのみ。この波長はモデルによる外挿
1C,379,a,0.21,1/m,model_extrapolation,実測点は412-715 nmのみ。この波長はモデルによる外挿
1C,379,b,0.483,1/m,model_extrapolation,実測点は412-715 nmのみ。この波長はモデルによる外挿
1C,380,a,0.209,1/m,model_extrapolation,実測点は412-715 nmのみ。この波長はモデルによる外挿
1C,380,b,0.483,1/m,model_extrapolation,実測点は412-715 nmのみ。この波長はモデルによる外挿
1C,381,a,0.208,1/m,model_extrapolation,実測点は412-715 nmのみ。この波長はモデルによる外挿
1C,381,b,0.482,1/m,model_extrapolation,実測点は412-715 nmのみ。この波長はモデルによる外挿
1C,382,a,0.207,1/m,model_extrapolation,実測点は412-715 nmのみ。この波長はモデルによる外挿
1C,382,b,0.482,1/m,model_extrapolation,実測点は412-715 nmのみ。この波長はモデルによる外挿
1C,383,a,0.205,1/m,model_extrapolation,実測点は412-715 nmのみ。この波長はモデルによる外挿
1C,383,b,0.481,1/m,model_extrapolation,実測点は412-715 nmのみ。この波長はモデルによる外挿
1C,384,a,0.204,1/m,model_extrapolation,実測点は412-715 nmのみ。この波長はモデルによる外挿
1C,384,b,0.481,1/m,model_extrapolation,実測点は412-715 nmのみ。この波長はモデルによる外挿
1C,385,a,0.203,1/m,model_extrapolation,実測点は412-715 nmのみ。この波長はモデルによる外挿
1C,385,b,0.48,1/m,model_extrapolation,実測点は412-715 nmのみ。この波長はモデルによる外挿
1C,386,a,0.201,1/m,model_extrapolation,実測点は412-715 nmのみ。この波長はモデルによる外挿
1C,386,b,0.48,1/m,model_extrapolation,実測点は412-715 nmのみ。この波長はモデルによる外挿
1C,387,a,0.2,1/m,model_extrapolation,実測点は412-715 nmのみ。この波長はモデルによる外挿
1C,387,b,0.48,1/m,model_extrapolation,実測点は412-715 nmのみ。この波長はモデルによる外挿
1C,388,a,0.199,1/m,model_extrapolation,実測点は412-715 nmのみ。この波長はモデルによる外挿
1C,388,b,0.479,1/m,model_extrapolation,実測点は412-715 nmのみ。この波長はモデルによる外挿
1C,389,a,0.198,1/m,model_extrapolation,実測点は412-715 nmのみ。この波長はモデルによる外挿
1C,389,b,0.479,1/m,model_extrapolation,実測点は412-715 nmのみ。この波長はモデルによる外挿
1C,390,a,0.197,1/m,model_extrapolation,実測点は412-715 nmのみ。この波長はモデルによる外挿
1C,390,b,0.478,1/m,model_extrapolation,実測点は412-715 nmのみ。この波長はモデルによる外挿
1C,391,a,0.195,1/m,model_extrapolation,実測点は412-715 nmのみ。この波長はモデルによる外挿
1C,391,b,0.478,1/m,model_extrapolation,実測点は412-715 nmのみ。この波長はモデルによる外挿
1C,392,a,0.194,1/m,model_extrapolation,実測点は412-715 nmのみ。この波長はモデルによる外挿
1C,392,b,0.477,1/m,model_extrapolation,実測点は412-715 nmのみ。この波長はモデルによる外挿
1C,393,a,0.193,1/m,model_extrapolation,実測点は412-715 nmのみ。この波長はモデルによる外挿
1C,393,b,0.477,1/m,model_extrapolation,実測点は412-715 nmのみ。この波長はモデルによる外挿
1C,394,a,0.191,1/m,model_extrapolation,実測点は412-715 nmのみ。この波長はモデルによる外挿
1C,394,b,0.477,1/m,model_extrapolation,実測点は412-715 nmのみ。この波長はモデルによる外挿
1C,395,a,0.19,1/m,model_extrapolation,実測点は412-715 nmのみ。この波長はモデルによる外挿
1C,395,b,0.476,1/m,model_extrapolation,実測点は412-715 nmのみ。この波長はモデルによる外挿
1C,396,a,0.189,1/m,model_extrapolation,実測点は412-715 nmのみ。この波長はモデルによる外挿
1C,396,b,0.476,1/m,model_extrapolation,実測点は412-715 nmのみ。この波長はモデルによる外挿
1C,397,a,0.188,1/m,model_extrapolation,実測点は412-715 nmのみ。この波長はモデルによる外挿
1C,397,b,0.475,1/m,model_extrapolation,実測点は412-715 nmのみ。この波長はモデルによる外挿
1C,398,a,0.187,1/m,model_extrapolation,実測点は412-715 nmのみ。この波長はモデルによる外挿
1C,398,b,0.475,1/m,model_extrapolation,実測点は412-715 nmのみ。この波長はモデルによる外挿
1C,399,a,0.186,1/m,model_extrapolation,実測点は412-715 nmのみ。この波長はモデルによる外挿
1C,399,b,0.474,1/m,model_extrapolation,実測点は412-715 nmのみ。この波長はモデルによる外挿
1C,400,a,0.186,1/m,model_extrapolation,実測点は412-715 nmのみ。この波長はモデルによる外挿
1C,400,b,0.474,1/m,model_extrapolation,実測点は412-715 nmのみ。この波長はモデルによる外挿
1C,401,a,0.185,1/m,model_extrapolation,実測点は412-715 nmのみ。この波長はモデルによる外挿
1C,401,b,0.474,1/m,model_extrapolation,実測点は412-715 nmのみ。この波長はモデルによる外挿
1C,402,a,0.184,1/m,model_extrapolation,実測点は412-715 nmのみ。この波長はモデルによる外挿
1C,402,b,0.473,1/m,model_extrapolation,実測点は412-715 nmのみ。この波長はモデルによる外挿
1C,403,a,0.183,1/m,model_extrapolation,実測点は412-715 nmのみ。この波長はモデルによる外挿
1C,403,b,0.473,1/m,model_extrapolation,実測点は412-715 nmのみ。この波長はモデルによる外挿
1C,404,a,0.183,1/m,model_extrapolation,実測点は412-715 nmのみ。この波長はモデルによる外挿
1C,404,b,0.472,1/m,model_extrapolation,実測点は412-715 nmのみ。この波長はモデルによる外挿
1C,405,a,0.182,1/m,model_extrapolation,実測点は412-715 nmのみ。この波長はモデルによる外挿
1C,405,b,0.472,1/m,model_extrapolation,実測点は412-715 nmのみ。この波長はモデルによる外挿
1C,406,a,0.182,1/m,model_extrapolation,実測点は412-715 nmのみ。この波長はモデルによる外挿
1C,406,b,0.472,1/m,model_extrapolation,実測点は412-715 nmのみ。この波長はモデルによる外挿
1C,407,a,0.182,1/m,model_extrapolation,実測点は412-715 nmのみ。この波長はモデルによる外挿
1C,407,b,0.471,1/m,model_extrapolation,実測点は412-715 nmのみ。この波長はモデルによる外挿
1C,408,a,0.181,1/m,model_extrapolation,実測点は412-715 nmのみ。この波長はモデルによる外挿
1C,408,b,0.471,1/m,model_extrapolation,実測点は412-715 nmのみ。この波長はモデルによる外挿
1C,409,a,0.181,1/m,model_extrapolation,実測点は412-715 nmのみ。この波長はモデルによる外挿
1C,409,b,0.47,1/m,model_extrapolation,実測点は412-715 nmのみ。この波長はモデルによる外挿
1C,410,a,0.181,1/m,model_extrapolation,実測点は412-715 nmのみ。この波長はモデルによる外挿
1C,410,b,0.47,1/m,model_extrapolation,実測点は412-715 nmのみ。この波長はモデルによる外挿
1C,411,a,0.18,1/m,model_extrapolation,実測点は412-715 nmのみ。この波長はモデルによる外挿
1C,411,b,0.47,1/m,model_extrapolation,実測点は412-715 nmのみ。この波長はモデルによる外挿
1C,412,a,0.18,1/m,ok,
1C,412,b,0.469,1/m,ok,
1C,413,a,0.179,1/m,ok,
1C,413,b,0.469,1/m,ok,
1C,414,a,0.179,1/m,ok,
1C,414,b,0.468,1/m,ok,
1C,415,a,0.179,1/m,ok,
1C,415,b,0.468,1/m,ok,
1C,416,a,0.178,1/m,ok,
1C,416,b,0.468,1/m,ok,
1C,417,a,0.178,1/m,ok,
1C,417,b,0.467,1/m,ok,
1C,418,a,0.177,1/m,ok,
1C,418,b,0.467,1/m,ok,
1C,419,a,0.177,1/m,ok,
1C,419,b,0.466,1/m,ok,
1C,420,a,0.176,1/m,ok,
1C,420,b,0.466,1/m,ok,
1C,421,a,0.175,1/m,ok,
1C,421,b,0.466,1/m,ok,
1C,422,a,0.174,1/m,ok,
1C,422,b,0.465,1/m,ok,
1C,423,a,0.173,1/m,ok,
1C,423,b,0.465,1/m,ok,
1C,424,a,0.172,1/m,ok,
1C,424,b,0.465,1/m,ok,
1C,425,a,0.171,1/m,ok,
1C,425,b,0.464,1/m,ok,
1C,426,a,0.171,1/m,ok,
1C,426,b,0.464,1/m,ok,
1C,427,a,0.171,1/m,ok,
1C,427,b,0.464,1/m,ok,
1C,428,a,0.17,1/m,ok,
1C,428,b,0.463,1/m,ok,
1C,429,a,0.17,1/m,ok,
1C,429,b,0.463,1/m,ok,
1C,430,a,0.17,1/m,ok,
1C,430,b,0.462,1/m,ok,
1C,431,a,0.17,1/m,ok,
1C,431,b,0.462,1/m,ok,
1C,432,a,0.169,1/m,ok,
1C,432,b,0.462,1/m,ok,
1C,433,a,0.168,1/m,ok,
1C,433,b,0.461,1/m,ok,
1C,434,a,0.168,1/m,ok,
1C,434,b,0.461,1/m,ok,
1C,435,a,0.167,1/m,ok,
1C,435,b,0.461,1/m,ok,
1C,436,a,0.166,1/m,ok,
1C,436,b,0.46,1/m,ok,
1C,437,a,0.165,1/m,ok,
1C,437,b,0.46,1/m,ok,
1C,438,a,0.165,1/m,ok,
1C,438,b,0.46,1/m,ok,
1C,439,a,0.164,1/m,ok,
1C,439,b,0.459,1/m,ok,
1C,440,a,0.163,1/m,ok,
1C,440,b,0.459,1/m,ok,
1C,441,a,0.162,1/m,ok,
1C,441,b,0.459,1/m,ok,
1C,442,a,0.16,1/m,ok,
1C,442,b,0.458,1/m,ok,
1C,443,a,0.159,1/m,ok,
1C,443,b,0.458,1/m,ok,
1C,444,a,0.157,1/m,ok,
1C,444,b,0.457,1/m,ok,
1C,445,a,0.155,1/m,ok,
1C,445,b,0.457,1/m,ok,
1C,446,a,0.153,1/m,ok,
1C,446,b,0.457,1/m,ok,
1C,447,a,0.152,1/m,ok,
1C,447,b,0.456,1/m,ok,
1C,448,a,0.15,1/m,ok,
1C,448,b,0.456,1/m,ok,
1C,449,a,0.149,1/m,ok,
1C,449,b,0.456,1/m,ok,
1C,450,a,0.148,1/m,ok,
1C,450,b,0.455,1/m,ok,
1C,451,a,0.147,1/m,ok,
1C,451,b,0.455,1/m,ok,
1C,452,a,0.145,1/m,ok,
1C,452,b,0.455,1/m,ok,
1C,453,a,0.144,1/m,ok,
1C,453,b,0.454,1/m,ok,
1C,454,a,0.142,1/m,ok,
1C,454,b,0.454,1/m,ok,
1C,455,a,0.141,1/m,ok,
1C,455,b,0.454,1/m,ok,
1C,456,a,0.14,1/m,ok,
1C,456,b,0.453,1/m,ok,
1C,457,a,0.139,1/m,ok,
1C,457,b,0.453,1/m,ok,
1C,458,a,0.138,1/m,ok,
1C,458,b,0.453,1/m,ok,
1C,459,a,0.137,1/m,ok,
1C,459,b,0.452,1/m,ok,
1C,460,a,0.137,1/m,ok,
1C,460,b,0.452,1/m,ok,
1C,461,a,0.136,1/m,ok,
1C,461,b,0.452,1/m,ok,
1C,462,a,0.134,1/m,ok,
1C,462,b,0.452,1/m,ok,
1C,463,a,0.133,1/m,ok,
1C,463,b,0.451,1/m,ok,
1C,464,a,0.132,1/m,ok,
1C,464,b,0.451,1/m,ok,
1C,465,a,0.131,1/m,ok,
1C,465,b,0.451,1/m,ok,
1C,466,a,0.13,1/m,ok,
1C,466,b,0.45,1/m,ok,
1C,467,a,0.13,1/m,ok,
1C,467,b,0.45,1/m,ok,
1C,468,a,0.129,1/m,ok,
1C,468,b,0.45,1/m,ok,
1C,469,a,0.128,1/m,ok,
1C,469,b,0.449,1/m,ok,
1C,470,a,0.127,1/m,ok,
1C,470,b,0.449,1/m,ok,
1C,471,a,0.126,1/m,ok,
1C,471,b,0.449,1/m,ok,
1C,472,a,0.125,1/m,ok,
1C,472,b,0.448,1/m,ok,
1C,473,a,0.123,1/m,ok,
1C,473,b,0.448,1/m,ok,
1C,474,a,0.122,1/m,ok,
1C,474,b,0.448,1/m,ok,
1C,475,a,0.121,1/m,ok,
1C,475,b,0.447,1/m,ok,
1C,476,a,0.12,1/m,ok,
1C,476,b,0.447,1/m,ok,
1C,477,a,0.119,1/m,ok,
1C,477,b,0.447,1/m,ok,
1C,478,a,0.118,1/m,ok,
1C,478,b,0.447,1/m,ok,
1C,479,a,0.117,1/m,ok,
1C,479,b,0.446,1/m,ok,
1C,480,a,0.116,1/m,ok,
1C,480,b,0.446,1/m,ok,
1C,481,a,0.116,1/m,ok,
1C,481,b,0.446,1/m,ok,
1C,482,a,0.115,1/m,ok,
1C,482,b,0.445,1/m,ok,
1C,483,a,0.114,1/m,ok,
1C,483,b,0.445,1/m,ok,
1C,484,a,0.113,1/m,ok,
1C,484,b,0.445,1/m,ok,
1C,485,a,0.113,1/m,ok,
1C,485,b,0.444,1/m,ok,
1C,486,a,0.112,1/m,ok,
1C,486,b,0.444,1/m,ok,
1C,487,a,0.111,1/m,ok,
1C,487,b,0.444,1/m,ok,
1C,488,a,0.111,1/m,ok,
1C,488,b,0.444,1/m,ok,
1C,489,a,0.11,1/m,ok,
1C,489,b,0.443,1/m,ok,
1C,490,a,0.11,1/m,ok,
1C,490,b,0.443,1/m,ok,
1C,491,a,0.109,1/m,ok,
1C,491,b,0.443,1/m,ok,
1C,492,a,0.108,1/m,ok,
1C,492,b,0.442,1/m,ok,
1C,493,a,0.108,1/m,ok,
1C,493,b,0.442,1/m,ok,
1C,494,a,0.107,1/m,ok,
1C,494,b,0.442,1/m,ok,
1C,495,a,0.106,1/m,ok,
1C,495,b,0.442,1/m,ok,
1C,496,a,0.106,1/m,ok,
1C,496,b,0.441,1/m,ok,
1C,497,a,0.105,1/m,ok,
1C,497,b,0.441,1/m,ok,
1C,498,a,0.105,1/m,ok,
1C,498,b,0.441,1/m,ok,
1C,499,a,0.104,1/m,ok,
1C,499,b,0.44,1/m,ok,
1C,500,a,0.104,1/m,ok,
1C,500,b,0.44,1/m,ok,
1C,501,a,0.104,1/m,ok,
1C,501,b,0.44,1/m,ok,
1C,502,a,0.103,1/m,ok,
1C,502,b,0.44,1/m,ok,
1C,503,a,0.103,1/m,ok,
1C,503,b,0.439,1/m,ok,
1C,504,a,0.102,1/m,ok,
1C,504,b,0.439,1/m,ok,
1C,505,a,0.102,1/m,ok,
1C,505,b,0.439,1/m,ok,
1C,506,a,0.102,1/m,ok,
1C,506,b,0.438,1/m,ok,
1C,507,a,0.102,1/m,ok,
1C,507,b,0.438,1/m,ok,
1C,508,a,0.102,1/m,ok,
1C,508,b,0.438,1/m,ok,
1C,509,a,0.102,1/m,ok,
1C,509,b,0.438,1/m,ok,
1C,510,a,0.101,1/m,ok,
1C,510,b,0.437,1/m,ok,
1C,511,a,0.101,1/m,ok,
1C,511,b,0.437,1/m,ok,
1C,512,a,0.101,1/m,ok,
1C,512,b,0.437,1/m,ok,
1C,513,a,0.101,1/m,ok,
1C,513,b,0.437,1/m,ok,
1C,514,a,0.101,1/m,ok,
1C,514,b,0.436,1/m,ok,
1C,515,a,0.101,1/m,ok,
1C,515,b,0.436,1/m,ok,
1C,516,a,0.101,1/m,ok,
1C,516,b,0.436,1/m,ok,
1C,517,a,0.101,1/m,ok,
1C,517,b,0.435,1/m,ok,
1C,518,a,0.101,1/m,ok,
1C,518,b,0.435,1/m,ok,
1C,519,a,0.101,1/m,ok,
1C,519,b,0.435,1/m,ok,
1C,520,a,0.1,1/m,ok,
1C,520,b,0.435,1/m,ok,
1C,521,a,0.0997,1/m,ok,
1C,521,b,0.434,1/m,ok,
1C,522,a,0.0993,1/m,ok,
1C,522,b,0.434,1/m,ok,
1C,523,a,0.0982,1/m,ok,
1C,523,b,0.434,1/m,ok,
1C,524,a,0.097,1/m,ok,
1C,524,b,0.434,1/m,ok,
1C,525,a,0.0972,1/m,ok,
1C,525,b,0.433,1/m,ok,
1C,526,a,0.0973,1/m,ok,
1C,526,b,0.433,1/m,ok,
1C,527,a,0.0964,1/m,ok,
1C,527,b,0.433,1/m,ok,
1C,528,a,0.0955,1/m,ok,
1C,528,b,0.433,1/m,ok,
1C,529,a,0.0951,1/m,ok,
1C,529,b,0.432,1/m,ok,
1C,530,a,0.0948,1/m,ok,
1C,530,b,0.432,1/m,ok,
1C,531,a,0.095,1/m,ok,
1C,531,b,0.432,1/m,ok,
1C,532,a,0.0951,1/m,ok,
1C,532,b,0.432,1/m,ok,
1C,533,a,0.095,1/m,ok,
1C,533,b,0.431,1/m,ok,
1C,534,a,0.0948,1/m,ok,
1C,534,b,0.431,1/m,ok,
1C,535,a,0.0949,1/m,ok,
1C,535,b,0.431,1/m,ok,
1C,536,a,0.0949,1/m,ok,
1C,536,b,0.43,1/m,ok,
1C,537,a,0.0949,1/m,ok,
1C,537,b,0.43,1/m,ok,
1C,538,a,0.0948,1/m,ok,
1C,538,b,0.43,1/m,ok,
1C,539,a,0.095,1/m,ok,
1C,539,b,0.43,1/m,ok,
1C,540,a,0.0952,1/m,ok,
1C,540,b,0.429,1/m,ok,
1C,541,a,0.095,1/m,ok,
1C,541,b,0.429,1/m,ok,
1C,542,a,0.0949,1/m,ok,
1C,542,b,0.429,1/m,ok,
1C,543,a,0.0956,1/m,ok,
1C,543,b,0.429,1/m,ok,
1C,544,a,0.0963,1/m,ok,
1C,544,b,0.428,1/m,ok,
1C,545,a,0.0966,1/m,ok,
1C,545,b,0.428,1/m,ok,
1C,546,a,0.0968,1/m,ok,
1C,546,b,0.428,1/m,ok,
1C,547,a,0.0972,1/m,ok,
1C,547,b,0.428,1/m,ok,
1C,548,a,0.0976,1/m,ok,
1C,548,b,0.427,1/m,ok,
1C,549,a,0.0982,1/m,ok,
1C,549,b,0.427,1/m,ok,
1C,550,a,0.0988,1/m,ok,
1C,550,b,0.427,1/m,ok,
1C,551,a,0.0994,1/m,ok,
1C,551,b,0.427,1/m,ok,
1C,552,a,0.0999,1/m,ok,
1C,552,b,0.427,1/m,ok,
1C,553,a,0.1,1/m,ok,
1C,553,b,0.426,1/m,ok,
1C,554,a,0.101,1/m,ok,
1C,554,b,0.426,1/m,ok,
1C,555,a,0.101,1/m,ok,
1C,555,b,0.426,1/m,ok,
1C,556,a,0.101,1/m,ok,
1C,556,b,0.426,1/m,ok,
1C,557,a,0.101,1/m,ok,
1C,557,b,0.425,1/m,ok,
1C,558,a,0.101,1/m,ok,
1C,558,b,0.425,1/m,ok,
1C,559,a,0.101,1/m,ok,
1C,559,b,0.425,1/m,ok,
1C,560,a,0.101,1/m,ok,
1C,560,b,0.425,1/m,ok,
1C,561,a,0.102,1/m,ok,
1C,561,b,0.424,1/m,ok,
1C,562,a,0.102,1/m,ok,
1C,562,b,0.424,1/m,ok,
1C,563,a,0.102,1/m,ok,
1C,563,b,0.424,1/m,ok,
1C,564,a,0.102,1/m,ok,
1C,564,b,0.424,1/m,ok,
1C,565,a,0.103,1/m,ok,
1C,565,b,0.423,1/m,ok,
1C,566,a,0.104,1/m,ok,
1C,566,b,0.423,1/m,ok,
1C,567,a,0.104,1/m,ok,
1C,567,b,0.423,1/m,ok,
1C,568,a,0.104,1/m,ok,
1C,568,b,0.423,1/m,ok,
1C,569,a,0.105,1/m,ok,
1C,569,b,0.422,1/m,ok,
1C,570,a,0.106,1/m,ok,
1C,570,b,0.422,1/m,ok,
1C,571,a,0.108,1/m,ok,
1C,571,b,0.422,1/m,ok,
1C,572,a,0.109,1/m,ok,
1C,572,b,0.422,1/m,ok,
1C,573,a,0.11,1/m,ok,
1C,573,b,0.422,1/m,ok,
1C,574,a,0.111,1/m,ok,
1C,574,b,0.421,1/m,ok,
1C,575,a,0.113,1/m,ok,
1C,575,b,0.421,1/m,ok,
1C,576,a,0.115,1/m,ok,
1C,576,b,0.421,1/m,ok,
1C,577,a,0.117,1/m,ok,
1C,577,b,0.421,1/m,ok,
1C,578,a,0.119,1/m,ok,
1C,578,b,0.42,1/m,ok,
1C,579,a,0.121,1/m,ok,
1C,579,b,0.42,1/m,ok,
1C,580,a,0.124,1/m,ok,
1C,580,b,0.42,1/m,ok,
1C,581,a,0.126,1/m,ok,
1C,581,b,0.42,1/m,ok,
1C,582,a,0.128,1/m,ok,
1C,582,b,0.42,1/m,ok,
1C,583,a,0.132,1/m,ok,
1C,583,b,0.419,1/m,ok,
1C,584,a,0.136,1/m,ok,
1C,584,b,0.419,1/m,ok,
1C,585,a,0.14,1/m,ok,
1C,585,b,0.419,1/m,ok,
1C,586,a,0.144,1/m,ok,
1C,586,b,0.419,1/m,ok,
1C,587,a,0.149,1/m,ok,
1C,587,b,0.418,1/m,ok,
1C,588,a,0.153,1/m,ok,
1C,588,b,0.418,1/m,ok,
1C,589,a,0.158,1/m,ok,
1C,589,b,0.418,1/m,ok,
1C,590,a,0.163,1/m,ok,
1C,590,b,0.418,1/m,ok,
1C,591,a,0.168,1/m,ok,
1C,591,b,0.418,1/m,ok,
1C,592,a,0.173,1/m,ok,
1C,592,b,0.417,1/m,ok,
1C,593,a,0.178,1/m,ok,
1C,593,b,0.417,1/m,ok,
1C,594,a,0.184,1/m,ok,
1C,594,b,0.417,1/m,ok,
1C,595,a,0.19,1/m,ok,
1C,595,b,0.417,1/m,ok,
1C,596,a,0.196,1/m,ok,
1C,596,b,0.416,1/m,ok,
1C,597,a,0.204,1/m,ok,
1C,597,b,0.416,1/m,ok,
1C,598,a,0.212,1/m,ok,
1C,598,b,0.416,1/m,ok,
1C,599,a,0.23,1/m,ok,
1C,599,b,0.416,1/m,ok,
1C,600,a,0.248,1/m,ok,
1C,600,b,0.416,1/m,ok,
1C,601,a,0.255,1/m,ok,
1C,601,b,0.415,1/m,ok,
1C,602,a,0.262,1/m,ok,
1C,602,b,0.415,1/m,ok,
1C,603,a,0.266,1/m,ok,
1C,603,b,0.415,1/m,ok,
1C,604,a,0.27,1/m,ok,
1C,604,b,0.415,1/m,ok,
1C,605,a,0.277,1/m,ok,
1C,605,b,0.415,1/m,ok,
1C,606,a,0.284,1/m,ok,
1C,606,b,0.414,1/m,ok,
1C,607,a,0.287,1/m,ok,
1C,607,b,0.414,1/m,ok,
1C,608,a,0.29,1/m,ok,
1C,608,b,0.414,1/m,ok,
1C,609,a,0.292,1/m,ok,
1C,609,b,0.414,1/m,ok,
1C,610,a,0.294,1/m,ok,
1C,610,b,0.413,1/m,ok,
1C,611,a,0.296,1/m,ok,
1C,611,b,0.413,1/m,ok,
1C,612,a,0.297,1/m,ok,
1C,612,b,0.413,1/m,ok,
1C,613,a,0.298,1/m,ok,
1C,613,b,0.413,1/m,ok,
1C,614,a,0.3,1/m,ok,
1C,614,b,0.413,1/m,ok,
1C,615,a,0.301,1/m,ok,
1C,615,b,0.412,1/m,ok,
1C,616,a,0.302,1/m,ok,
1C,616,b,0.412,1/m,ok,
1C,617,a,0.303,1/m,ok,
1C,617,b,0.412,1/m,ok,
1C,618,a,0.305,1/m,ok,
1C,618,b,0.412,1/m,ok,
1C,619,a,0.306,1/m,ok,
1C,619,b,0.412,1/m,ok,
1C,620,a,0.307,1/m,ok,
1C,620,b,0.411,1/m,ok,
1C,621,a,0.309,1/m,ok,
1C,621,b,0.411,1/m,ok,
1C,622,a,0.31,1/m,ok,
1C,622,b,0.411,1/m,ok,
1C,623,a,0.311,1/m,ok,
1C,623,b,0.411,1/m,ok,
1C,624,a,0.313,1/m,ok,
1C,624,b,0.411,1/m,ok,
1C,625,a,0.314,1/m,ok,
1C,625,b,0.41,1/m,ok,
1C,626,a,0.315,1/m,ok,
1C,626,b,0.41,1/m,ok,
1C,627,a,0.317,1/m,ok,
1C,627,b,0.41,1/m,ok,
1C,628,a,0.318,1/m,ok,
1C,628,b,0.41,1/m,ok,
1C,629,a,0.32,1/m,ok,
1C,629,b,0.41,1/m,ok,
1C,630,a,0.322,1/m,ok,
1C,630,b,0.409,1/m,ok,
1C,631,a,0.324,1/m,ok,
1C,631,b,0.409,1/m,ok,
1C,632,a,0.325,1/m,ok,
1C,632,b,0.409,1/m,ok,
1C,633,a,0.327,1/m,ok,
1C,633,b,0.409,1/m,ok,
1C,634,a,0.328,1/m,ok,
1C,634,b,0.409,1/m,ok,
1C,635,a,0.329,1/m,ok,
1C,635,b,0.408,1/m,ok,
1C,636,a,0.331,1/m,ok,
1C,636,b,0.408,1/m,ok,
1C,637,a,0.332,1/m,ok,
1C,637,b,0.408,1/m,ok,
1C,638,a,0.334,1/m,ok,
1C,638,b,0.408,1/m,ok,
1C,639,a,0.336,1/m,ok,
1C,639,b,0.408,1/m,ok,
1C,640,a,0.338,1/m,ok,
1C,640,b,0.407,1/m,ok,
1C,641,a,0.339,1/m,ok,
1C,641,b,0.407,1/m,ok,
1C,642,a,0.341,1/m,ok,
1C,642,b,0.407,1/m,ok,
1C,643,a,0.343,1/m,ok,
1C,643,b,0.407,1/m,ok,
1C,644,a,0.345,1/m,ok,
1C,644,b,0.407,1/m,ok,
1C,645,a,0.347,1/m,ok,
1C,645,b,0.406,1/m,ok,
1C,646,a,0.349,1/m,ok,
1C,646,b,0.406,1/m,ok,
1C,647,a,0.351,1/m,ok,
1C,647,b,0.406,1/m,ok,
1C,648,a,0.353,1/m,ok,
1C,648,b,0.406,1/m,ok,
1C,649,a,0.356,1/m,ok,
1C,649,b,0.406,1/m,ok,
1C,650,a,0.359,1/m,ok,
1C,650,b,0.405,1/m,ok,
1C,651,a,0.361,1/m,ok,
1C,651,b,0.405,1/m,ok,
1C,652,a,0.364,1/m,ok,
1C,652,b,0.405,1/m,ok,
1C,653,a,0.367,1/m,ok,
1C,653,b,0.405,1/m,ok,
1C,654,a,0.371,1/m,ok,
1C,654,b,0.405,1/m,ok,
1C,655,a,0.376,1/m,ok,
1C,655,b,0.404,1/m,ok,
1C,656,a,0.381,1/m,ok,
1C,656,b,0.404,1/m,ok,
1C,657,a,0.388,1/m,ok,
1C,657,b,0.404,1/m,ok,
1C,658,a,0.395,1/m,ok,
1C,658,b,0.404,1/m,ok,
1C,659,a,0.404,1/m,ok,
1C,659,b,0.404,1/m,ok,
1C,660,a,0.413,1/m,ok,
1C,660,b,0.404,1/m,ok,
1C,661,a,0.422,1/m,ok,
1C,661,b,0.403,1/m,ok,
1C,662,a,0.43,1/m,ok,
1C,662,b,0.403,1/m,ok,
1C,663,a,0.436,1/m,ok,
1C,663,b,0.403,1/m,ok,
1C,664,a,0.442,1/m,ok,
1C,664,b,0.403,1/m,ok,
1C,665,a,0.446,1/m,ok,
1C,665,b,0.403,1/m,ok,
1C,666,a,0.45,1/m,ok,
1C,666,b,0.402,1/m,ok,
1C,667,a,0.453,1/m,ok,
1C,667,b,0.402,1/m,ok,
1C,668,a,0.456,1/m,ok,
1C,668,b,0.402,1/m,ok,
1C,669,a,0.459,1/m,ok,
1C,669,b,0.402,1/m,ok,
1C,670,a,0.461,1/m,ok,
1C,670,b,0.402,1/m,ok,
1C,671,a,0.463,1/m,ok,
1C,671,b,0.402,1/m,ok,
1C,672,a,0.465,1/m,ok,
1C,672,b,0.401,1/m,ok,
1C,673,a,0.467,1/m,ok,
1C,673,b,0.401,1/m,ok,
1C,674,a,0.468,1/m,ok,
1C,674,b,0.401,1/m,ok,
1C,675,a,0.47,1/m,ok,
1C,675,b,0.401,1/m,ok,
1C,676,a,0.472,1/m,ok,
1C,676,b,0.401,1/m,ok,
1C,677,a,0.474,1/m,ok,
1C,677,b,0.4,1/m,ok,
1C,678,a,0.475,1/m,ok,
1C,678,b,0.4,1/m,ok,
1C,679,a,0.476,1/m,ok,
1C,679,b,0.4,1/m,ok,
1C,680,a,0.477,1/m,ok,
1C,680,b,0.4,1/m,ok,
1C,681,a,0.479,1/m,ok,
1C,681,b,0.4,1/m,ok,
1C,682,a,0.48,1/m,ok,
1C,682,b,0.4,1/m,ok,
1C,683,a,0.482,1/m,ok,
1C,683,b,0.399,1/m,ok,
1C,684,a,0.483,1/m,ok,
1C,684,b,0.399,1/m,ok,
1C,685,a,0.486,1/m,ok,
1C,685,b,0.399,1/m,ok,
1C,686,a,0.488,1/m,ok,
1C,686,b,0.399,1/m,ok,
1C,687,a,0.49,1/m,ok,
1C,687,b,0.399,1/m,ok,
1C,688,a,0.493,1/m,ok,
1C,688,b,0.398,1/m,ok,
1C,689,a,0.497,1/m,ok,
1C,689,b,0.398,1/m,ok,
1C,690,a,0.501,1/m,ok,
1C,690,b,0.398,1/m,ok,
1C,691,a,0.506,1/m,ok,
1C,691,b,0.398,1/m,ok,
1C,692,a,0.511,1/m,ok,
1C,692,b,0.398,1/m,ok,
1C,693,a,0.518,1/m,ok,
1C,693,b,0.398,1/m,ok,
1C,694,a,0.525,1/m,ok,
1C,694,b,0.397,1/m,ok,
1C,695,a,0.533,1/m,ok,
1C,695,b,0.397,1/m,ok,
1C,696,a,0.54,1/m,ok,
1C,696,b,0.397,1/m,ok,
1C,697,a,0.551,1/m,ok,
1C,697,b,0.397,1/m,ok,
1C,698,a,0.561,1/m,ok,
1C,698,b,0.397,1/m,ok,
1C,699,a,0.573,1/m,ok,
1C,699,b,0.397,1/m,ok,
1C,700,a,0.585,1/m,ok,
1C,700,b,0.396,1/m,ok,
1C,701,a,0.598,1/m,ok,
1C,701,b,0.396,1/m,ok,
1C,702,a,0.611,1/m,ok,
1C,702,b,0.396,1/m,ok,
1C,703,a,0.625,1/m,ok,
1C,703,b,0.396,1/m,ok,
1C,704,a,0.64,1/m,ok,
1C,704,b,0.396,1/m,ok,
1C,705,a,0.656,1/m,ok,
1C,705,b,0.395,1/m,ok,
1C,706,a,0.671,1/m,ok,
1C,706,b,0.395,1/m,ok,
1C,707,a,0.689,1/m,ok,
1C,707,b,0.395,1/m,ok,
1C,708,a,0.706,1/m,ok,
1C,708,b,0.395,1/m,ok,
1C,709,a,0.727,1/m,ok,
1C,709,b,0.395,1/m,ok,
1C,710,a,0.747,1/m,ok,
1C,710,b,0.395,1/m,ok,
1C,711,a,0.77,1/m,ok,
1C,711,b,0.394,1/m,ok,
1C,712,a,0.793,1/m,ok,
1C,712,b,0.394,1/m,ok,
1C,713,a,0.82,1/m,ok,
1C,713,b,0.394,1/m,ok,
1C,714,a,0.847,1/m,ok,
1C,714,b,0.394,1/m,ok,
1C,715,a,0.88,1/m,ok,
1C,715,b,0.394,1/m,ok,
1C,716,a,0.913,1/m,model_extrapolation,実測点は412-715 nmのみ。この波長はモデルによる外挿
1C,716,b,0.394,1/m,model_extrapolation,実測点は412-715 nmのみ。この波長はモデルによる外挿
1C,717,a,0.951,1/m,model_extrapolation,実測点は412-715 nmのみ。この波長はモデルによる外挿
1C,717,b,0.393,1/m,model_extrapolation,実測点は412-715 nmのみ。この波長はモデルによる外挿
1C,718,a,0.989,1/m,model_extrapolation,実測点は412-715 nmのみ。この波長はモデルによる外挿
1C,718,b,0.393,1/m,model_extrapolation,実測点は412-715 nmのみ。この波長はモデルによる外挿
1C,719,a,1.03,1/m,model_extrapolation,実測点は412-715 nmのみ。この波長はモデルによる外挿
1C,719,b,0.393,1/m,model_extrapolation,実測点は412-715 nmのみ。この波長はモデルによる外挿
1C,720,a,1.07,1/m,model_extrapolation,実測点は412-715 nmのみ。この波長はモデルによる外挿
1C,720,b,0.393,1/m,model_extrapolation,実測点は412-715 nmのみ。この波長はモデルによる外挿
1C,721,a,1.12,1/m,model_extrapolation,実測点は412-715 nmのみ。この波長はモデルによる外挿
1C,721,b,0.393,1/m,model_extrapolation,実測点は412-715 nmのみ。この波長はモデルによる外挿
1C,722,a,1.17,1/m,model_extrapolation,実測点は412-715 nmのみ。この波長はモデルによる外挿
1C,722,b,0.393,1/m,model_extrapolation,実測点は412-715 nmのみ。この波長はモデルによる外挿
1C,723,a,1.22,1/m,model_extrapolation,実測点は412-715 nmのみ。この波長はモデルによる外挿
1C,723,b,0.392,1/m,model_extrapolation,実測点は412-715 nmのみ。この波長はモデルによる外挿
1C,724,a,1.27,1/m,model_extrapolation,実測点は412-715 nmのみ。この波長はモデルによる外挿
1C,724,b,0.392,1/m,model_extrapolation,実測点は412-715 nmのみ。この波長はモデルによる外挿
1C,725,a,1.32,1/m,model_extrapolation,実測点は412-715 nmのみ。この波長はモデルによる外挿
1C,725,b,0.392,1/m,model_extrapolation,実測点は412-715 nmのみ。この波長はモデルによる外挿
1C,726,a,1.37,1/m,model_extrapolation,実測点は412-715 nmのみ。この波長はモデルによる外挿
1C,726,b,0.392,1/m,model_extrapolation,実測点は412-715 nmのみ。この波長はモデルによる外挿
1C,727,a,1.43,1/m,model_extrapolation,実測点は412-715 nmのみ。この波長はモデルによる外挿
1C,727,b,0.392,1/m,model_extrapolation,実測点は412-715 nmのみ。この波長はモデルによる外挿
1C,728,a,1.49,1/m,model_extrapolation,実測点は412-715 nmのみ。この波長はモデルによる外挿
1C,728,b,0.392,1/m,model_extrapolation,実測点は412-715 nmのみ。この波長はモデルによる外挿
1C,729,a,1.56,1/m,model_extrapolation,実測点は412-715 nmのみ。この波長はモデルによる外挿
1C,729,b,0.391,1/m,model_extrapolation,実測点は412-715 nmのみ。この波長はモデルによる外挿
1C,730,a,1.62,1/m,model_extrapolation,実測点は412-715 nmのみ。この波長はモデルによる外挿
1C,730,b,0.391,1/m,model_extrapolation,実測点は412-715 nmのみ。この波長はモデルによる外挿
1C,731,a,1.71,1/m,model_extrapolation,実測点は412-715 nmのみ。この波長はモデルによる外挿
1C,731,b,0.391,1/m,model_extrapolation,実測点は412-715 nmのみ。この波長はモデルによる外挿
1C,732,a,1.79,1/m,model_extrapolation,実測点は412-715 nmのみ。この波長はモデルによる外挿
1C,732,b,0.391,1/m,model_extrapolation,実測点は412-715 nmのみ。この波長はモデルによる外挿
1C,733,a,1.89,1/m,model_extrapolation,実測点は412-715 nmのみ。この波長はモデルによる外挿
1C,733,b,0.391,1/m,model_extrapolation,実測点は412-715 nmのみ。この波長はモデルによる外挿
1C,734,a,1.99,1/m,model_extrapolation,実測点は412-715 nmのみ。この波長はモデルによる外挿
1C,734,b,0.391,1/m,model_extrapolation,実測点は412-715 nmのみ。この波長はモデルによる外挿
1C,735,a,2.1,1/m,model_extrapolation,実測点は412-715 nmのみ。この波長はモデルによる外挿
1C,735,b,0.391,1/m,model_extrapolation,実測点は412-715 nmのみ。この波長はモデルによる外挿
1C,736,a,2.21,1/m,model_extrapolation,実測点は412-715 nmのみ。この波長はモデルによる外挿
1C,736,b,0.39,1/m,model_extrapolation,実測点は412-715 nmのみ。この波長はモデルによる外挿
1C,737,a,2.3,1/m,model_extrapolation,実測点は412-715 nmのみ。この波長はモデルによる外挿
1C,737,b,0.39,1/m,model_extrapolation,実測点は412-715 nmのみ。この波長はモデルによる外挿
1C,738,a,2.4,1/m,model_extrapolation,実測点は412-715 nmのみ。この波長はモデルによる外挿
1C,738,b,0.39,1/m,model_extrapolation,実測点は412-715 nmのみ。この波長はモデルによる外挿
1C,739,a,2.46,1/m,model_extrapolation,実測点は412-715 nmのみ。この波長はモデルによる外挿
1C,739,b,0.39,1/m,model_extrapolation,実測点は412-715 nmのみ。この波長はモデルによる外挿
1C,740,a,2.53,1/m,model_extrapolation,実測点は412-715 nmのみ。この波長はモデルによる外挿
1C,740,b,0.39,1/m,model_extrapolation,実測点は412-715 nmのみ。この波長はモデルによる外挿
1C,741,a,2.58,1/m,model_extrapolation,実測点は412-715 nmのみ。この波長はモデルによる外挿
1C,741,b,0.39,1/m,model_extrapolation,実測点は412-715 nmのみ。この波長はモデルによる外挿
1C,742,a,2.62,1/m,model_extrapolation,実測点は412-715 nmのみ。この波長はモデルによる外挿
1C,742,b,0.389,1/m,model_extrapolation,実測点は412-715 nmのみ。この波長はモデルによる外挿
1C,743,a,2.65,1/m,model_extrapolation,実測点は412-715 nmのみ。この波長はモデルによる外挿
1C,743,b,0.389,1/m,model_extrapolation,実測点は412-715 nmのみ。この波長はモデルによる外挿
1C,744,a,2.67,1/m,model_extrapolation,実測点は412-715 nmのみ。この波長はモデルによる外挿
1C,744,b,0.389,1/m,model_extrapolation,実測点は412-715 nmのみ。この波長はモデルによる外挿
1C,745,a,2.69,1/m,model_extrapolation,実測点は412-715 nmのみ。この波長はモデルによる外挿
1C,745,b,0.389,1/m,model_extrapolation,実測点は412-715 nmのみ。この波長はモデルによる外挿
1C,746,a,2.7,1/m,model_extrapolation,実測点は412-715 nmのみ。この波長はモデルによる外挿
1C,746,b,0.389,1/m,model_extrapolation,実測点は412-715 nmのみ。この波長はモデルによる外挿
1C,747,a,2.71,1/m,model_extrapolation,実測点は412-715 nmのみ。この波長はモデルによる外挿
1C,747,b,0.389,1/m,model_extrapolation,実測点は412-715 nmのみ。この波長はモデルによる外挿
1C,748,a,2.72,1/m,model_extrapolation,実測点は412-715 nmのみ。この波長はモデルによる外挿
1C,748,b,0.388,1/m,model_extrapolation,実測点は412-715 nmのみ。この波長はモデルによる外挿
1C,749,a,2.73,1/m,model_extrapolation,実測点は412-715 nmのみ。この波長はモデルによる外挿
1C,749,b,0.388,1/m,model_extrapolation,実測点は412-715 nmのみ。この波長はモデルによる外挿
1C,750,a,2.73,1/m,model_extrapolation,実測点は412-715 nmのみ。この波長はモデルによる外挿
1C,750,b,0.388,1/m,model_extrapolation,実測点は412-715 nmのみ。この波長はモデルによる外挿
1C,751,a,2.74,1/m,model_extrapolation,実測点は412-715 nmのみ。この波長はモデルによる外挿
1C,751,b,0.388,1/m,model_extrapolation,実測点は412-715 nmのみ。この波長はモデルによる外挿
1C,752,a,2.74,1/m,model_extrapolation,実測点は412-715 nmのみ。この波長はモデルによる外挿
1C,752,b,0.388,1/m,model_extrapolation,実測点は412-715 nmのみ。この波長はモデルによる外挿
1C,753,a,2.75,1/m,model_extrapolation,実測点は412-715 nmのみ。この波長はモデルによる外挿
1C,753,b,0.388,1/m,model_extrapolation,実測点は412-715 nmのみ。この波長はモデルによる外挿
1C,754,a,2.75,1/m,model_extrapolation,実測点は412-715 nmのみ。この波長はモデルによる外挿
1C,754,b,0.387,1/m,model_extrapolation,実測点は412-715 nmのみ。この波長はモデルによる外挿
1C,755,a,2.75,1/m,model_extrapolation,実測点は412-715 nmのみ。この波長はモデルによる外挿
1C,755,b,0.387,1/m,model_extrapolation,実測点は412-715 nmのみ。この波長はモデルによる外挿
1C,756,a,2.75,1/m,model_extrapolation,実測点は412-715 nmのみ。この波長はモデルによる外挿
1C,756,b,0.387,1/m,model_extrapolation,実測点は412-715 nmのみ。この波長はモデルによる外挿
1C,757,a,2.76,1/m,model_extrapolation,実測点は412-715 nmのみ。この波長はモデルによる外挿
1C,757,b,0.387,1/m,model_extrapolation,実測点は412-715 nmのみ。この波長はモデルによる外挿
1C,758,a,2.76,1/m,model_extrapolation,実測点は412-715 nmのみ。この波長はモデルによる外挿
1C,758,b,0.387,1/m,model_extrapolation,実測点は412-715 nmのみ。この波長はモデルによる外挿
1C,759,a,2.77,1/m,model_extrapolation,実測点は412-715 nmのみ。この波長はモデルによる外挿
1C,759,b,0.387,1/m,model_extrapolation,実測点は412-715 nmのみ。この波長はモデルによる外挿
1C,760,a,2.77,1/m,model_extrapolation,実測点は412-715 nmのみ。この波長はモデルによる外挿
1C,760,b,0.387,1/m,model_extrapolation,実測点は412-715 nmのみ。この波長はモデルによる外挿
1C,761,a,2.77,1/m,model_extrapolation,実測点は412-715 nmのみ。この波長はモデルによる外挿
1C,761,b,0.386,1/m,model_extrapolation,実測点は412-715 nmのみ。この波長はモデルによる外挿
1C,762,a,2.77,1/m,model_extrapolation,実測点は412-715 nmのみ。この波長はモデルによる外挿
1C,762,b,0.386,1/m,model_extrapolation,実測点は412-715 nmのみ。この波長はモデルによる外挿
1C,763,a,2.77,1/m,model_extrapolation,実測点は412-715 nmのみ。この波長はモデルによる外挿
1C,763,b,0.386,1/m,model_extrapolation,実測点は412-715 nmのみ。この波長はモデルによる外挿
1C,764,a,2.77,1/m,model_extrapolation,実測点は412-715 nmのみ。この波長はモデルによる外挿
1C,764,b,0.386,1/m,model_extrapolation,実測点は412-715 nmのみ。この波長はモデルによる外挿
1C,765,a,2.77,1/m,model_extrapolation,実測点は412-715 nmのみ。この波長はモデルによる外挿
1C,765,b,0.386,1/m,model_extrapolation,実測点は412-715 nmのみ。この波長はモデルによる外挿
1C,766,a,2.77,1/m,model_extrapolation,実測点は412-715 nmのみ。この波長はモデルによる外挿
1C,766,b,0.386,1/m,model_extrapolation,実測点は412-715 nmのみ。この波長はモデルによる外挿
1C,767,a,2.77,1/m,model_extrapolation,実測点は412-715 nmのみ。この波長はモデルによる外挿
1C,767,b,0.385,1/m,model_extrapolation,実測点は412-715 nmのみ。この波長はモデルによる外挿
1C,768,a,2.76,1/m,model_extrapolation,実測点は412-715 nmのみ。この波長はモデルによる外挿
1C,768,b,0.385,1/m,model_extrapolation,実測点は412-715 nmのみ。この波長はモデルによる外挿
1C,769,a,2.76,1/m,model_extrapolation,実測点は412-715 nmのみ。この波長はモデルによる外挿
1C,769,b,0.385,1/m,model_extrapolation,実測点は412-715 nmのみ。この波長はモデルによる外挿
1C,770,a,2.75,1/m,model_extrapolation,実測点は412-715 nmのみ。この波長はモデルによる外挿
1C,770,b,0.385,1/m,model_extrapolation,実測点は412-715 nmのみ。この波長はモデルによる外挿
1C,771,a,2.75,1/m,model_extrapolation,実測点は412-715 nmのみ。この波長はモデルによる外挿
1C,771,b,0.385,1/m,model_extrapolation,実測点は412-715 nmのみ。この波長はモデルによる外挿
1C,772,a,2.75,1/m,model_extrapolation,実測点は412-715 nmのみ。この波長はモデルによる外挿
1C,772,b,0.385,1/m,model_extrapolation,実測点は412-715 nmのみ。この波長はモデルによる外挿
1C,773,a,2.74,1/m,model_extrapolation,実測点は412-715 nmのみ。この波長はモデルによる外挿
1C,773,b,0.385,1/m,model_extrapolation,実測点は412-715 nmのみ。この波長はモデルによる外挿
1C,774,a,2.73,1/m,model_extrapolation,実測点は412-715 nmのみ。この波長はモデルによる外挿
1C,774,b,0.384,1/m,model_extrapolation,実測点は412-715 nmのみ。この波長はモデルによる外挿
1C,775,a,2.72,1/m,model_extrapolation,実測点は412-715 nmのみ。この波長はモデルによる外挿
1C,775,b,0.384,1/m,model_extrapolation,実測点は412-715 nmのみ。この波長はモデルによる外挿
1C,776,a,2.71,1/m,model_extrapolation,実測点は412-715 nmのみ。この波長はモデルによる外挿
1C,776,b,0.384,1/m,model_extrapolation,実測点は412-715 nmのみ。この波長はモデルによる外挿
1C,777,a,2.7,1/m,model_extrapolation,実測点は412-715 nmのみ。この波長はモデルによる外挿
1C,777,b,0.384,1/m,model_extrapolation,実測点は412-715 nmのみ。この波長はモデルによる外挿
1C,778,a,2.69,1/m,model_extrapolation,実測点は412-715 nmのみ。この波長はモデルによる外挿
1C,778,b,0.384,1/m,model_extrapolation,実測点は412-715 nmのみ。この波長はモデルによる外挿
1C,779,a,2.67,1/m,model_extrapolation,実測点は412-715 nmのみ。この波長はモデルによる外挿
1C,779,b,0.384,1/m,model_extrapolation,実測点は412-715 nmのみ。この波長はモデルによる外挿
1C,780,a,2.66,1/m,model_extrapolation,実測点は412-715 nmのみ。この波長はモデルによる外挿
1C,780,b,0.384,1/m,model_extrapolation,実測点は412-715 nmのみ。この波長はモデルによる外挿
1C,781,a,2.65,1/m,model_extrapolation,実測点は412-715 nmのみ。この波長はモデルによる外挿
1C,781,b,0.383,1/m,model_extrapolation,実測点は412-715 nmのみ。この波長はモデルによる外挿
1C,782,a,2.63,1/m,model_extrapolation,実測点は412-715 nmのみ。この波長はモデルによる外挿
1C,782,b,0.383,1/m,model_extrapolation,実測点は412-715 nmのみ。この波長はモデルによる外挿
1C,783,a,2.62,1/m,model_extrapolation,実測点は412-715 nmのみ。この波長はモデルによる外挿
1C,783,b,0.383,1/m,model_extrapolation,実測点は412-715 nmのみ。この波長はモデルによる外挿
1C,784,a,2.61,1/m,model_extrapolation,実測点は412-715 nmのみ。この波長はモデルによる外挿
1C,784,b,0.383,1/m,model_extrapolation,実測点は412-715 nmのみ。この波長はモデルによる外挿
1C,785,a,2.59,1/m,model_extrapolation,実測点は412-715 nmのみ。この波長はモデルによる外挿
1C,785,b,0.383,1/m,model_extrapolation,実測点は412-715 nmのみ。この波長はモデルによる外挿
1C,786,a,2.57,1/m,model_extrapolation,実測点は412-715 nmのみ。この波長はモデルによる外挿
1C,786,b,0.383,1/m,model_extrapolation,実測点は412-715 nmのみ。この波長はモデルによる外挿
1C,787,a,2.55,1/m,model_extrapolation,実測点は412-715 nmのみ。この波長はモデルによる外挿
1C,787,b,0.382,1/m,model_extrapolation,実測点は412-715 nmのみ。この波長はモデルによる外挿
1C,788,a,2.53,1/m,model_extrapolation,実測点は412-715 nmのみ。この波長はモデルによる外挿
1C,788,b,0.382,1/m,model_extrapolation,実測点は412-715 nmのみ。この波長はモデルによる外挿
1C,789,a,2.51,1/m,model_extrapolation,実測点は412-715 nmのみ。この波長はモデルによる外挿
1C,789,b,0.382,1/m,model_extrapolation,実測点は412-715 nmのみ。この波長はモデルによる外挿
1C,790,a,2.49,1/m,model_extrapolation,実測点は412-715 nmのみ。この波長はモデルによる外挿
1C,790,b,0.382,1/m,model_extrapolation,実測点は412-715 nmのみ。この波長はモデルによる外挿
1C,791,a,2.47,1/m,model_extrapolation,実測点は412-715 nmのみ。この波長はモデルによる外挿
1C,791,b,0.382,1/m,model_extrapolation,実測点は412-715 nmのみ。この波長はモデルによる外挿
1C,792,a,2.45,1/m,model_extrapolation,実測点は412-715 nmのみ。この波長はモデルによる外挿
1C,792,b,0.382,1/m,model_extrapolation,実測点は412-715 nmのみ。この波長はモデルによる外挿
1C,793,a,2.43,1/m,model_extrapolation,実測点は412-715 nmのみ。この波長はモデルによる外挿
1C,793,b,0.382,1/m,model_extrapolation,実測点は412-715 nmのみ。この波長はモデルによる外挿
1C,794,a,2.41,1/m,model_extrapolation,実測点は412-715 nmのみ。この波長はモデルによる外挿
1C,794,b,0.381,1/m,model_extrapolation,実測点は412-715 nmのみ。この波長はモデルによる外挿
1C,795,a,2.39,1/m,model_extrapolation,実測点は412-715 nmのみ。この波長はモデルによる外挿
1C,795,b,0.381,1/m,model_extrapolation,実測点は412-715 nmのみ。この波長はモデルによる外挿
1C,796,a,2.37,1/m,model_extrapolation,実測点は412-715 nmのみ。この波長はモデルによる外挿
1C,796,b,0.381,1/m,model_extrapolation,実測点は412-715 nmのみ。この波長はモデルによる外挿
1C,797,a,2.35,1/m,model_extrapolation,実測点は412-715 nmのみ。この波長はモデルによる外挿
1C,797,b,0.381,1/m,model_extrapolation,実測点は412-715 nmのみ。この波長はモデルによる外挿
1C,798,a,2.33,1/m,model_extrapolation,実測点は412-715 nmのみ。この波長はモデルによる外挿
1C,798,b,0.381,1/m,model_extrapolation,実測点は412-715 nmのみ。この波長はモデルによる外挿
1C,799,a,2.31,1/m,model_extrapolation,実測点は412-715 nmのみ。この波長はモデルによる外挿
1C,799,b,0.381,1/m,model_extrapolation,実測点は412-715 nmのみ。この波長はモデルによる外挿
1C,800,a,2.29,1/m,model_extrapolation,実測点は412-715 nmのみ。この波長はモデルによる外挿
1C,800,b,0.381,1/m,model_extrapolation,実測点は412-715 nmのみ。この波長はモデルによる外挿
3C,300,a,0.572,1/m,model_extrapolation,実測点は412-715 nmのみ。この波長はモデルによる外挿
3C,300,b,0.791,1/m,model_extrapolation,実測点は412-715 nmのみ。この波長はモデルによる外挿
3C,301,a,0.57,1/m,model_extrapolation,実測点は412-715 nmのみ。この波長はモデルによる外挿
3C,301,b,0.79,1/m,model_extrapolation,実測点は412-715 nmのみ。この波長はモデルによる外挿
3C,302,a,0.569,1/m,model_extrapolation,実測点は412-715 nmのみ。この波長はモデルによる外挿
3C,302,b,0.789,1/m,model_extrapolation,実測点は412-715 nmのみ。この波長はモデルによる外挿
3C,303,a,0.567,1/m,model_extrapolation,実測点は412-715 nmのみ。この波長はモデルによる外挿
3C,303,b,0.788,1/m,model_extrapolation,実測点は412-715 nmのみ。この波長はモデルによる外挿
3C,304,a,0.565,1/m,model_extrapolation,実測点は412-715 nmのみ。この波長はモデルによる外挿
3C,304,b,0.787,1/m,model_extrapolation,実測点は412-715 nmのみ。この波長はモデルによる外挿
3C,305,a,0.563,1/m,model_extrapolation,実測点は412-715 nmのみ。この波長はモデルによる外挿
3C,305,b,0.786,1/m,model_extrapolation,実測点は412-715 nmのみ。この波長はモデルによる外挿
3C,306,a,0.561,1/m,model_extrapolation,実測点は412-715 nmのみ。この波長はモデルによる外挿
3C,306,b,0.785,1/m,model_extrapolation,実測点は412-715 nmのみ。この波長はモデルによる外挿
3C,307,a,0.558,1/m,model_extrapolation,実測点は412-715 nmのみ。この波長はモデルによる外挿
3C,307,b,0.784,1/m,model_extrapolation,実測点は412-715 nmのみ。この波長はモデルによる外挿
3C,308,a,0.556,1/m,model_extrapolation,実測点は412-715 nmのみ。この波長はモデルによる外挿
3C,308,b,0.783,1/m,model_extrapolation,実測点は412-715 nmのみ。この波長はモデルによる外挿
3C,309,a,0.552,1/m,model_extrapolation,実測点は412-715 nmのみ。この波長はモデルによる外挿
3C,309,b,0.782,1/m,model_extrapolation,実測点は412-715 nmのみ。この波長はモデルによる外挿
3C,310,a,0.549,1/m,model_extrapolation,実測点は412-715 nmのみ。この波長はモデルによる外挿
3C,310,b,0.781,1/m,model_extrapolation,実測点は412-715 nmのみ。この波長はモデルによる外挿
3C,311,a,0.545,1/m,model_extrapolation,実測点は412-715 nmのみ。この波長はモデルによる外挿
3C,311,b,0.78,1/m,model_extrapolation,実測点は412-715 nmのみ。この波長はモデルによる外挿
3C,312,a,0.542,1/m,model_extrapolation,実測点は412-715 nmのみ。この波長はモデルによる外挿
3C,312,b,0.779,1/m,model_extrapolation,実測点は412-715 nmのみ。この波長はモデルによる外挿
3C,313,a,0.538,1/m,model_extrapolation,実測点は412-715 nmのみ。この波長はモデルによる外挿
3C,313,b,0.778,1/m,model_extrapolation,実測点は412-715 nmのみ。この波長はモデルによる外挿
3C,314,a,0.534,1/m,model_extrapolation,実測点は412-715 nmのみ。この波長はモデルによる外挿
3C,314,b,0.777,1/m,model_extrapolation,実測点は412-715 nmのみ。この波長はモデルによる外挿
3C,315,a,0.529,1/m,model_extrapolation,実測点は412-715 nmのみ。この波長はモデルによる外挿
3C,315,b,0.776,1/m,model_extrapolation,実測点は412-715 nmのみ。この波長はモデルによる外挿
3C,316,a,0.524,1/m,model_extrapolation,実測点は412-715 nmのみ。この波長はモデルによる外挿
3C,316,b,0.775,1/m,model_extrapolation,実測点は412-715 nmのみ。この波長はモデルによる外挿
3C,317,a,0.52,1/m,model_extrapolation,実測点は412-715 nmのみ。この波長はモデルによる外挿
3C,317,b,0.774,1/m,model_extrapolation,実測点は412-715 nmのみ。この波長はモデルによる外挿
3C,318,a,0.515,1/m,model_extrapolation,実測点は412-715 nmのみ。この波長はモデルによる外挿
3C,318,b,0.773,1/m,model_extrapolation,実測点は412-715 nmのみ。この波長はモデルによる外挿
3C,319,a,0.51,1/m,model_extrapolation,実測点は412-715 nmのみ。この波長はモデルによる外挿
3C,319,b,0.772,1/m,model_extrapolation,実測点は412-715 nmのみ。この波長はモデルによる外挿
3C,320,a,0.505,1/m,model_extrapolation,実測点は412-715 nmのみ。この波長はモデルによる外挿
3C,320,b,0.772,1/m,model_extrapolation,実測点は412-715 nmのみ。この波長はモデルによる外挿
3C,321,a,0.5,1/m,model_extrapolation,実測点は412-715 nmのみ。この波長はモデルによる外挿
3C,321,b,0.771,1/m,model_extrapolation,実測点は412-715 nmのみ。この波長はモデルによる外挿
3C,322,a,0.495,1/m,model_extrapolation,実測点は412-715 nmのみ。この波長はモデルによる外挿
3C,322,b,0.77,1/m,model_extrapolation,実測点は412-715 nmのみ。この波長はモデルによる外挿
3C,323,a,0.49,1/m,model_extrapolation,実測点は412-715 nmのみ。この波長はモデルによる外挿
3C,323,b,0.769,1/m,model_extrapolation,実測点は412-715 nmのみ。この波長はモデルによる外挿
3C,324,a,0.484,1/m,model_extrapolation,実測点は412-715 nmのみ。この波長はモデルによる外挿
3C,324,b,0.768,1/m,model_extrapolation,実測点は412-715 nmのみ。この波長はモデルによる外挿
3C,325,a,0.478,1/m,model_extrapolation,実測点は412-715 nmのみ。この波長はモデルによる外挿
3C,325,b,0.767,1/m,model_extrapolation,実測点は412-715 nmのみ。この波長はモデルによる外挿
3C,326,a,0.472,1/m,model_extrapolation,実測点は412-715 nmのみ。この波長はモデルによる外挿
3C,326,b,0.766,1/m,model_extrapolation,実測点は412-715 nmのみ。この波長はモデルによる外挿
3C,327,a,0.467,1/m,model_extrapolation,実測点は412-715 nmのみ。この波長はモデルによる外挿
3C,327,b,0.765,1/m,model_extrapolation,実測点は412-715 nmのみ。この波長はモデルによる外挿
3C,328,a,0.461,1/m,model_extrapolation,実測点は412-715 nmのみ。この波長はモデルによる外挿
3C,328,b,0.764,1/m,model_extrapolation,実測点は412-715 nmのみ。この波長はモデルによる外挿
3C,329,a,0.455,1/m,model_extrapolation,実測点は412-715 nmのみ。この波長はモデルによる外挿
3C,329,b,0.764,1/m,model_extrapolation,実測点は412-715 nmのみ。この波長はモデルによる外挿
3C,330,a,0.45,1/m,model_extrapolation,実測点は412-715 nmのみ。この波長はモデルによる外挿
3C,330,b,0.763,1/m,model_extrapolation,実測点は412-715 nmのみ。この波長はモデルによる外挿
3C,331,a,0.444,1/m,model_extrapolation,実測点は412-715 nmのみ。この波長はモデルによる外挿
3C,331,b,0.762,1/m,model_extrapolation,実測点は412-715 nmのみ。この波長はモデルによる外挿
3C,332,a,0.439,1/m,model_extrapolation,実測点は412-715 nmのみ。この波長はモデルによる外挿
3C,332,b,0.761,1/m,model_extrapolation,実測点は412-715 nmのみ。この波長はモデルによる外挿
3C,333,a,0.433,1/m,model_extrapolation,実測点は412-715 nmのみ。この波長はモデルによる外挿
3C,333,b,0.76,1/m,model_extrapolation,実測点は412-715 nmのみ。この波長はモデルによる外挿
3C,334,a,0.428,1/m,model_extrapolation,実測点は412-715 nmのみ。この波長はモデルによる外挿
3C,334,b,0.759,1/m,model_extrapolation,実測点は412-715 nmのみ。この波長はモデルによる外挿
3C,335,a,0.423,1/m,model_extrapolation,実測点は412-715 nmのみ。この波長はモデルによる外挿
3C,335,b,0.759,1/m,model_extrapolation,実測点は412-715 nmのみ。この波長はモデルによる外挿
3C,336,a,0.417,1/m,model_extrapolation,実測点は412-715 nmのみ。この波長はモデルによる外挿
3C,336,b,0.758,1/m,model_extrapolation,実測点は412-715 nmのみ。この波長はモデルによる外挿
3C,337,a,0.411,1/m,model_extrapolation,実測点は412-715 nmのみ。この波長はモデルによる外挿
3C,337,b,0.757,1/m,model_extrapolation,実測点は412-715 nmのみ。この波長はモデルによる外挿
3C,338,a,0.405,1/m,model_extrapolation,実測点は412-715 nmのみ。この波長はモデルによる外挿
3C,338,b,0.756,1/m,model_extrapolation,実測点は412-715 nmのみ。この波長はモデルによる外挿
3C,339,a,0.398,1/m,model_extrapolation,実測点は412-715 nmのみ。この波長はモデルによる外挿
3C,339,b,0.755,1/m,model_extrapolation,実測点は412-715 nmのみ。この波長はモデルによる外挿
3C,340,a,0.392,1/m,model_extrapolation,実測点は412-715 nmのみ。この波長はモデルによる外挿
3C,340,b,0.754,1/m,model_extrapolation,実測点は412-715 nmのみ。この波長はモデルによる外挿
3C,341,a,0.385,1/m,model_extrapolation,実測点は412-715 nmのみ。この波長はモデルによる外挿
3C,341,b,0.754,1/m,model_extrapolation,実測点は412-715 nmのみ。この波長はモデルによる外挿
3C,342,a,0.378,1/m,model_extrapolation,実測点は412-715 nmのみ。この波長はモデルによる外挿
3C,342,b,0.753,1/m,model_extrapolation,実測点は412-715 nmのみ。この波長はモデルによる外挿
3C,343,a,0.37,1/m,model_extrapolation,実測点は412-715 nmのみ。この波長はモデルによる外挿
3C,343,b,0.752,1/m,model_extrapolation,実測点は412-715 nmのみ。この波長はモデルによる外挿
3C,344,a,0.363,1/m,model_extrapolation,実測点は412-715 nmのみ。この波長はモデルによる外挿
3C,344,b,0.751,1/m,model_extrapolation,実測点は412-715 nmのみ。この波長はモデルによる外挿
3C,345,a,0.355,1/m,model_extrapolation,実測点は412-715 nmのみ。この波長はモデルによる外挿
3C,345,b,0.75,1/m,model_extrapolation,実測点は412-715 nmのみ。この波長はモデルによる外挿
3C,346,a,0.347,1/m,model_extrapolation,実測点は412-715 nmのみ。この波長はモデルによる外挿
3C,346,b,0.75,1/m,model_extrapolation,実測点は412-715 nmのみ。この波長はモデルによる外挿
3C,347,a,0.34,1/m,model_extrapolation,実測点は412-715 nmのみ。この波長はモデルによる外挿
3C,347,b,0.749,1/m,model_extrapolation,実測点は412-715 nmのみ。この波長はモデルによる外挿
3C,348,a,0.332,1/m,model_extrapolation,実測点は412-715 nmのみ。この波長はモデルによる外挿
3C,348,b,0.748,1/m,model_extrapolation,実測点は412-715 nmのみ。この波長はモデルによる外挿
3C,349,a,0.326,1/m,model_extrapolation,実測点は412-715 nmのみ。この波長はモデルによる外挿
3C,349,b,0.747,1/m,model_extrapolation,実測点は412-715 nmのみ。この波長はモデルによる外挿
3C,350,a,0.319,1/m,model_extrapolation,実測点は412-715 nmのみ。この波長はモデルによる外挿
3C,350,b,0.747,1/m,model_extrapolation,実測点は412-715 nmのみ。この波長はモデルによる外挿
3C,351,a,0.313,1/m,model_extrapolation,実測点は412-715 nmのみ。この波長はモデルによる外挿
3C,351,b,0.746,1/m,model_extrapolation,実測点は412-715 nmのみ。この波長はモデルによる外挿
3C,352,a,0.306,1/m,model_extrapolation,実測点は412-715 nmのみ。この波長はモデルによる外挿
3C,352,b,0.745,1/m,model_extrapolation,実測点は412-715 nmのみ。この波長はモデルによる外挿
3C,353,a,0.301,1/m,model_extrapolation,実測点は412-715 nmのみ。この波長はモデルによる外挿
3C,353,b,0.744,1/m,model_extrapolation,実測点は412-715 nmのみ。この波長はモデルによる外挿
3C,354,a,0.296,1/m,model_extrapolation,実測点は412-715 nmのみ。この波長はモデルによる外挿
3C,354,b,0.744,1/m,model_extrapolation,実測点は412-715 nmのみ。この波長はモデルによる外挿
3C,355,a,0.291,1/m,model_extrapolation,実測点は412-715 nmのみ。この波長はモデルによる外挿
3C,355,b,0.743,1/m,model_extrapolation,実測点は412-715 nmのみ。この波長はモデルによる外挿
3C,356,a,0.287,1/m,model_extrapolation,実測点は412-715 nmのみ。この波長はモデルによる外挿
3C,356,b,0.742,1/m,model_extrapolation,実測点は412-715 nmのみ。この波長はモデルによる外挿
3C,357,a,0.283,1/m,model_extrapolation,実測点は412-715 nmのみ。この波長はモデルによる外挿
3C,357,b,0.741,1/m,model_extrapolation,実測点は412-715 nmのみ。この波長はモデルによる外挿
3C,358,a,0.279,1/m,model_extrapolation,実測点は412-715 nmのみ。この波長はモデルによる外挿
3C,358,b,0.741,1/m,model_extrapolation,実測点は412-715 nmのみ。この波長はモデルによる外挿
3C,359,a,0.276,1/m,model_extrapolation,実測点は412-715 nmのみ。この波長はモデルによる外挿
3C,359,b,0.74,1/m,model_extrapolation,実測点は412-715 nmのみ。この波長はモデルによる外挿
3C,360,a,0.273,1/m,model_extrapolation,実測点は412-715 nmのみ。この波長はモデルによる外挿
3C,360,b,0.739,1/m,model_extrapolation,実測点は412-715 nmのみ。この波長はモデルによる外挿
3C,361,a,0.271,1/m,model_extrapolation,実測点は412-715 nmのみ。この波長はモデルによる外挿
3C,361,b,0.739,1/m,model_extrapolation,実測点は412-715 nmのみ。この波長はモデルによる外挿
3C,362,a,0.268,1/m,model_extrapolation,実測点は412-715 nmのみ。この波長はモデルによる外挿
3C,362,b,0.738,1/m,model_extrapolation,実測点は412-715 nmのみ。この波長はモデルによる外挿
3C,363,a,0.267,1/m,model_extrapolation,実測点は412-715 nmのみ。この波長はモデルによる外挿
3C,363,b,0.737,1/m,model_extrapolation,実測点は412-715 nmのみ。この波長はモデルによる外挿
3C,364,a,0.265,1/m,model_extrapolation,実測点は412-715 nmのみ。この波長はモデルによる外挿
3C,364,b,0.736,1/m,model_extrapolation,実測点は412-715 nmのみ。この波長はモデルによる外挿
3C,365,a,0.263,1/m,model_extrapolation,実測点は412-715 nmのみ。この波長はモデルによる外挿
3C,365,b,0.736,1/m,model_extrapolation,実測点は412-715 nmのみ。この波長はモデルによる外挿
3C,366,a,0.261,1/m,model_extrapolation,実測点は412-715 nmのみ。この波長はモデルによる外挿
3C,366,b,0.735,1/m,model_extrapolation,実測点は412-715 nmのみ。この波長はモデルによる外挿
3C,367,a,0.26,1/m,model_extrapolation,実測点は412-715 nmのみ。この波長はモデルによる外挿
3C,367,b,0.734,1/m,model_extrapolation,実測点は412-715 nmのみ。この波長はモデルによる外挿
3C,368,a,0.26,1/m,model_extrapolation,実測点は412-715 nmのみ。この波長はモデルによる外挿
3C,368,b,0.734,1/m,model_extrapolation,実測点は412-715 nmのみ。この波長はモデルによる外挿
3C,369,a,0.258,1/m,model_extrapolation,実測点は412-715 nmのみ。この波長はモデルによる外挿
3C,369,b,0.733,1/m,model_extrapolation,実測点は412-715 nmのみ。この波長はモデルによる外挿
3C,370,a,0.257,1/m,model_extrapolation,実測点は412-715 nmのみ。この波長はモデルによる外挿
3C,370,b,0.732,1/m,model_extrapolation,実測点は412-715 nmのみ。この波長はモデルによる外挿
3C,371,a,0.256,1/m,model_extrapolation,実測点は412-715 nmのみ。この波長はモデルによる外挿
3C,371,b,0.732,1/m,model_extrapolation,実測点は412-715 nmのみ。この波長はモデルによる外挿
3C,372,a,0.255,1/m,model_extrapolation,実測点は412-715 nmのみ。この波長はモデルによる外挿
3C,372,b,0.731,1/m,model_extrapolation,実測点は412-715 nmのみ。この波長はモデルによる外挿
3C,373,a,0.255,1/m,model_extrapolation,実測点は412-715 nmのみ。この波長はモデルによる外挿
3C,373,b,0.73,1/m,model_extrapolation,実測点は412-715 nmのみ。この波長はモデルによる外挿
3C,374,a,0.254,1/m,model_extrapolation,実測点は412-715 nmのみ。この波長はモデルによる外挿
3C,374,b,0.73,1/m,model_extrapolation,実測点は412-715 nmのみ。この波長はモデルによる外挿
3C,375,a,0.254,1/m,model_extrapolation,実測点は412-715 nmのみ。この波長はモデルによる外挿
3C,375,b,0.729,1/m,model_extrapolation,実測点は412-715 nmのみ。この波長はモデルによる外挿
3C,376,a,0.253,1/m,model_extrapolation,実測点は412-715 nmのみ。この波長はモデルによる外挿
3C,376,b,0.728,1/m,model_extrapolation,実測点は412-715 nmのみ。この波長はモデルによる外挿
3C,377,a,0.253,1/m,model_extrapolation,実測点は412-715 nmのみ。この波長はモデルによる外挿
3C,377,b,0.728,1/m,model_extrapolation,実測点は412-715 nmのみ。この波長はモデルによる外挿
3C,378,a,0.252,1/m,model_extrapolation,実測点は412-715 nmのみ。この波長はモデルによる外挿
3C,378,b,0.727,1/m,model_extrapolation,実測点は412-715 nmのみ。この波長はモデルによる外挿
3C,379,a,0.251,1/m,model_extrapolation,実測点は412-715 nmのみ。この波長はモデルによる外挿
3C,379,b,0.726,1/m,model_extrapolation,実測点は412-715 nmのみ。この波長はモデルによる外挿
3C,380,a,0.251,1/m,model_extrapolation,実測点は412-715 nmのみ。この波長はモデルによる外挿
3C,380,b,0.726,1/m,model_extrapolation,実測点は412-715 nmのみ。この波長はモデルによる外挿
3C,381,a,0.25,1/m,model_extrapolation,実測点は412-715 nmのみ。この波長はモデルによる外挿
3C,381,b,0.725,1/m,model_extrapolation,実測点は412-715 nmのみ。この波長はモデルによる外挿
3C,382,a,0.25,1/m,model_extrapolation,実測点は412-715 nmのみ。この波長はモデルによる外挿
3C,382,b,0.724,1/m,model_extrapolation,実測点は412-715 nmのみ。この波長はモデルによる外挿
3C,383,a,0.249,1/m,model_extrapolation,実測点は412-715 nmのみ。この波長はモデルによる外挿
3C,383,b,0.724,1/m,model_extrapolation,実測点は412-715 nmのみ。この波長はモデルによる外挿
3C,384,a,0.248,1/m,model_extrapolation,実測点は412-715 nmのみ。この波長はモデルによる外挿
3C,384,b,0.723,1/m,model_extrapolation,実測点は412-715 nmのみ。この波長はモデルによる外挿
3C,385,a,0.247,1/m,model_extrapolation,実測点は412-715 nmのみ。この波長はモデルによる外挿
3C,385,b,0.722,1/m,model_extrapolation,実測点は412-715 nmのみ。この波長はモデルによる外挿
3C,386,a,0.246,1/m,model_extrapolation,実測点は412-715 nmのみ。この波長はモデルによる外挿
3C,386,b,0.722,1/m,model_extrapolation,実測点は412-715 nmのみ。この波長はモデルによる外挿
3C,387,a,0.245,1/m,model_extrapolation,実測点は412-715 nmのみ。この波長はモデルによる外挿
3C,387,b,0.721,1/m,model_extrapolation,実測点は412-715 nmのみ。この波長はモデルによる外挿
3C,388,a,0.245,1/m,model_extrapolation,実測点は412-715 nmのみ。この波長はモデルによる外挿
3C,388,b,0.72,1/m,model_extrapolation,実測点は412-715 nmのみ。この波長はモデルによる外挿
3C,389,a,0.244,1/m,model_extrapolation,実測点は412-715 nmのみ。この波長はモデルによる外挿
3C,389,b,0.72,1/m,model_extrapolation,実測点は412-715 nmのみ。この波長はモデルによる外挿
3C,390,a,0.243,1/m,model_extrapolation,実測点は412-715 nmのみ。この波長はモデルによる外挿
3C,390,b,0.719,1/m,model_extrapolation,実測点は412-715 nmのみ。この波長はモデルによる外挿
3C,391,a,0.242,1/m,model_extrapolation,実測点は412-715 nmのみ。この波長はモデルによる外挿
3C,391,b,0.719,1/m,model_extrapolation,実測点は412-715 nmのみ。この波長はモデルによる外挿
3C,392,a,0.241,1/m,model_extrapolation,実測点は412-715 nmのみ。この波長はモデルによる外挿
3C,392,b,0.718,1/m,model_extrapolation,実測点は412-715 nmのみ。この波長はモデルによる外挿
3C,393,a,0.24,1/m,model_extrapolation,実測点は412-715 nmのみ。この波長はモデルによる外挿
3C,393,b,0.717,1/m,model_extrapolation,実測点は412-715 nmのみ。この波長はモデルによる外挿
3C,394,a,0.239,1/m,model_extrapolation,実測点は412-715 nmのみ。この波長はモデルによる外挿
3C,394,b,0.717,1/m,model_extrapolation,実測点は412-715 nmのみ。この波長はモデルによる外挿
3C,395,a,0.239,1/m,model_extrapolation,実測点は412-715 nmのみ。この波長はモデルによる外挿
3C,395,b,0.716,1/m,model_extrapolation,実測点は412-715 nmのみ。この波長はモデルによる外挿
3C,396,a,0.238,1/m,model_extrapolation,実測点は412-715 nmのみ。この波長はモデルによる外挿
3C,396,b,0.716,1/m,model_extrapolation,実測点は412-715 nmのみ。この波長はモデルによる外挿
3C,397,a,0.237,1/m,model_extrapolation,実測点は412-715 nmのみ。この波長はモデルによる外挿
3C,397,b,0.715,1/m,model_extrapolation,実測点は412-715 nmのみ。この波長はモデルによる外挿
3C,398,a,0.237,1/m,model_extrapolation,実測点は412-715 nmのみ。この波長はモデルによる外挿
3C,398,b,0.714,1/m,model_extrapolation,実測点は412-715 nmのみ。この波長はモデルによる外挿
3C,399,a,0.236,1/m,model_extrapolation,実測点は412-715 nmのみ。この波長はモデルによる外挿
3C,399,b,0.714,1/m,model_extrapolation,実測点は412-715 nmのみ。この波長はモデルによる外挿
3C,400,a,0.236,1/m,model_extrapolation,実測点は412-715 nmのみ。この波長はモデルによる外挿
3C,400,b,0.713,1/m,model_extrapolation,実測点は412-715 nmのみ。この波長はモデルによる外挿
3C,401,a,0.235,1/m,model_extrapolation,実測点は412-715 nmのみ。この波長はモデルによる外挿
3C,401,b,0.713,1/m,model_extrapolation,実測点は412-715 nmのみ。この波長はモデルによる外挿
3C,402,a,0.235,1/m,model_extrapolation,実測点は412-715 nmのみ。この波長はモデルによる外挿
3C,402,b,0.712,1/m,model_extrapolation,実測点は412-715 nmのみ。この波長はモデルによる外挿
3C,403,a,0.235,1/m,model_extrapolation,実測点は412-715 nmのみ。この波長はモデルによる外挿
3C,403,b,0.711,1/m,model_extrapolation,実測点は412-715 nmのみ。この波長はモデルによる外挿
3C,404,a,0.234,1/m,model_extrapolation,実測点は412-715 nmのみ。この波長はモデルによる外挿
3C,404,b,0.711,1/m,model_extrapolation,実測点は412-715 nmのみ。この波長はモデルによる外挿
3C,405,a,0.234,1/m,model_extrapolation,実測点は412-715 nmのみ。この波長はモデルによる外挿
3C,405,b,0.71,1/m,model_extrapolation,実測点は412-715 nmのみ。この波長はモデルによる外挿
3C,406,a,0.235,1/m,model_extrapolation,実測点は412-715 nmのみ。この波長はモデルによる外挿
3C,406,b,0.71,1/m,model_extrapolation,実測点は412-715 nmのみ。この波長はモデルによる外挿
3C,407,a,0.235,1/m,model_extrapolation,実測点は412-715 nmのみ。この波長はモデルによる外挿
3C,407,b,0.709,1/m,model_extrapolation,実測点は412-715 nmのみ。この波長はモデルによる外挿
3C,408,a,0.235,1/m,model_extrapolation,実測点は412-715 nmのみ。この波長はモデルによる外挿
3C,408,b,0.708,1/m,model_extrapolation,実測点は412-715 nmのみ。この波長はモデルによる外挿
3C,409,a,0.235,1/m,model_extrapolation,実測点は412-715 nmのみ。この波長はモデルによる外挿
3C,409,b,0.708,1/m,model_extrapolation,実測点は412-715 nmのみ。この波長はモデルによる外挿
3C,410,a,0.235,1/m,model_extrapolation,実測点は412-715 nmのみ。この波長はモデルによる外挿
3C,410,b,0.707,1/m,model_extrapolation,実測点は412-715 nmのみ。この波長はモデルによる外挿
3C,411,a,0.235,1/m,model_extrapolation,実測点は412-715 nmのみ。この波長はモデルによる外挿
3C,411,b,0.707,1/m,model_extrapolation,実測点は412-715 nmのみ。この波長はモデルによる外挿
3C,412,a,0.235,1/m,ok,
3C,412,b,0.706,1/m,ok,
3C,413,a,0.235,1/m,ok,
3C,413,b,0.706,1/m,ok,
3C,414,a,0.235,1/m,ok,
3C,414,b,0.705,1/m,ok,
3C,415,a,0.234,1/m,ok,
3C,415,b,0.705,1/m,ok,
3C,416,a,0.234,1/m,ok,
3C,416,b,0.704,1/m,ok,
3C,417,a,0.234,1/m,ok,
3C,417,b,0.703,1/m,ok,
3C,418,a,0.234,1/m,ok,
3C,418,b,0.703,1/m,ok,
3C,419,a,0.233,1/m,ok,
3C,419,b,0.702,1/m,ok,
3C,420,a,0.233,1/m,ok,
3C,420,b,0.702,1/m,ok,
3C,421,a,0.232,1/m,ok,
3C,421,b,0.701,1/m,ok,
3C,422,a,0.23,1/m,ok,
3C,422,b,0.701,1/m,ok,
3C,423,a,0.229,1/m,ok,
3C,423,b,0.7,1/m,ok,
3C,424,a,0.228,1/m,ok,
3C,424,b,0.7,1/m,ok,
3C,425,a,0.228,1/m,ok,
3C,425,b,0.699,1/m,ok,
3C,426,a,0.227,1/m,ok,
3C,426,b,0.699,1/m,ok,
3C,427,a,0.227,1/m,ok,
3C,427,b,0.698,1/m,ok,
3C,428,a,0.227,1/m,ok,
3C,428,b,0.697,1/m,ok,
3C,429,a,0.228,1/m,ok,
3C,429,b,0.697,1/m,ok,
3C,430,a,0.228,1/m,ok,
3C,430,b,0.696,1/m,ok,
3C,431,a,0.227,1/m,ok,
3C,431,b,0.696,1/m,ok,
3C,432,a,0.227,1/m,ok,
3C,432,b,0.695,1/m,ok,
3C,433,a,0.226,1/m,ok,
3C,433,b,0.695,1/m,ok,
3C,434,a,0.225,1/m,ok,
3C,434,b,0.694,1/m,ok,
3C,435,a,0.224,1/m,ok,
3C,435,b,0.694,1/m,ok,
3C,436,a,0.223,1/m,ok,
3C,436,b,0.693,1/m,ok,
3C,437,a,0.222,1/m,ok,
3C,437,b,0.693,1/m,ok,
3C,438,a,0.222,1/m,ok,
3C,438,b,0.692,1/m,ok,
3C,439,a,0.221,1/m,ok,
3C,439,b,0.692,1/m,ok,
3C,440,a,0.22,1/m,ok,
3C,440,b,0.691,1/m,ok,
3C,441,a,0.218,1/m,ok,
3C,441,b,0.691,1/m,ok,
3C,442,a,0.216,1/m,ok,
3C,442,b,0.69,1/m,ok,
3C,443,a,0.214,1/m,ok,
3C,443,b,0.69,1/m,ok,
3C,444,a,0.212,1/m,ok,
3C,444,b,0.689,1/m,ok,
3C,445,a,0.209,1/m,ok,
3C,445,b,0.689,1/m,ok,
3C,446,a,0.207,1/m,ok,
3C,446,b,0.688,1/m,ok,
3C,447,a,0.205,1/m,ok,
3C,447,b,0.688,1/m,ok,
3C,448,a,0.203,1/m,ok,
3C,448,b,0.687,1/m,ok,
3C,449,a,0.201,1/m,ok,
3C,449,b,0.687,1/m,ok,
3C,450,a,0.2,1/m,ok,
3C,450,b,0.686,1/m,ok,
3C,451,a,0.198,1/m,ok,
3C,451,b,0.686,1/m,ok,
3C,452,a,0.196,1/m,ok,
3C,452,b,0.685,1/m,ok,
3C,453,a,0.195,1/m,ok,
3C,453,b,0.685,1/m,ok,
3C,454,a,0.193,1/m,ok,
3C,454,b,0.684,1/m,ok,
3C,455,a,0.191,1/m,ok,
3C,455,b,0.684,1/m,ok,
3C,456,a,0.19,1/m,ok,
3C,456,b,0.683,1/m,ok,
3C,457,a,0.189,1/m,ok,
3C,457,b,0.683,1/m,ok,
3C,458,a,0.187,1/m,ok,
3C,458,b,0.682,1/m,ok,
3C,459,a,0.187,1/m,ok,
3C,459,b,0.682,1/m,ok,
3C,460,a,0.186,1/m,ok,
3C,460,b,0.681,1/m,ok,
3C,461,a,0.185,1/m,ok,
3C,461,b,0.681,1/m,ok,
3C,462,a,0.184,1/m,ok,
3C,462,b,0.681,1/m,ok,
3C,463,a,0.182,1/m,ok,
3C,463,b,0.68,1/m,ok,
3C,464,a,0.181,1/m,ok,
3C,464,b,0.68,1/m,ok,
3C,465,a,0.18,1/m,ok,
3C,465,b,0.679,1/m,ok,
3C,466,a,0.179,1/m,ok,
3C,466,b,0.679,1/m,ok,
3C,467,a,0.178,1/m,ok,
3C,467,b,0.678,1/m,ok,
3C,468,a,0.176,1/m,ok,
3C,468,b,0.678,1/m,ok,
3C,469,a,0.175,1/m,ok,
3C,469,b,0.677,1/m,ok,
3C,470,a,0.174,1/m,ok,
3C,470,b,0.677,1/m,ok,
3C,471,a,0.173,1/m,ok,
3C,471,b,0.676,1/m,ok,
3C,472,a,0.171,1/m,ok,
3C,472,b,0.676,1/m,ok,
3C,473,a,0.17,1/m,ok,
3C,473,b,0.675,1/m,ok,
3C,474,a,0.168,1/m,ok,
3C,474,b,0.675,1/m,ok,
3C,475,a,0.166,1/m,ok,
3C,475,b,0.675,1/m,ok,
3C,476,a,0.165,1/m,ok,
3C,476,b,0.674,1/m,ok,
3C,477,a,0.164,1/m,ok,
3C,477,b,0.674,1/m,ok,
3C,478,a,0.162,1/m,ok,
3C,478,b,0.673,1/m,ok,
3C,479,a,0.161,1/m,ok,
3C,479,b,0.673,1/m,ok,
3C,480,a,0.16,1/m,ok,
3C,480,b,0.672,1/m,ok,
3C,481,a,0.159,1/m,ok,
3C,481,b,0.672,1/m,ok,
3C,482,a,0.158,1/m,ok,
3C,482,b,0.671,1/m,ok,
3C,483,a,0.157,1/m,ok,
3C,483,b,0.671,1/m,ok,
3C,484,a,0.156,1/m,ok,
3C,484,b,0.671,1/m,ok,
3C,485,a,0.155,1/m,ok,
3C,485,b,0.67,1/m,ok,
3C,486,a,0.154,1/m,ok,
3C,486,b,0.67,1/m,ok,
3C,487,a,0.153,1/m,ok,
3C,487,b,0.669,1/m,ok,
3C,488,a,0.153,1/m,ok,
3C,488,b,0.669,1/m,ok,
3C,489,a,0.152,1/m,ok,
3C,489,b,0.668,1/m,ok,
3C,490,a,0.152,1/m,ok,
3C,490,b,0.668,1/m,ok,
3C,491,a,0.151,1/m,ok,
3C,491,b,0.668,1/m,ok,
3C,492,a,0.15,1/m,ok,
3C,492,b,0.667,1/m,ok,
3C,493,a,0.149,1/m,ok,
3C,493,b,0.667,1/m,ok,
3C,494,a,0.148,1/m,ok,
3C,494,b,0.666,1/m,ok,
3C,495,a,0.147,1/m,ok,
3C,495,b,0.666,1/m,ok,
3C,496,a,0.146,1/m,ok,
3C,496,b,0.665,1/m,ok,
3C,497,a,0.146,1/m,ok,
3C,497,b,0.665,1/m,ok,
3C,498,a,0.145,1/m,ok,
3C,498,b,0.665,1/m,ok,
3C,499,a,0.144,1/m,ok,
3C,499,b,0.664,1/m,ok,
3C,500,a,0.144,1/m,ok,
3C,500,b,0.664,1/m,ok,
3C,501,a,0.143,1/m,ok,
3C,501,b,0.663,1/m,ok,
3C,502,a,0.143,1/m,ok,
3C,502,b,0.663,1/m,ok,
3C,503,a,0.142,1/m,ok,
3C,503,b,0.662,1/m,ok,
3C,504,a,0.141,1/m,ok,
3C,504,b,0.662,1/m,ok,
3C,505,a,0.141,1/m,ok,
3C,505,b,0.662,1/m,ok,
3C,506,a,0.14,1/m,ok,
3C,506,b,0.661,1/m,ok,
3C,507,a,0.14,1/m,ok,
3C,507,b,0.661,1/m,ok,
3C,508,a,0.14,1/m,ok,
3C,508,b,0.66,1/m,ok,
3C,509,a,0.139,1/m,ok,
3C,509,b,0.66,1/m,ok,
3C,510,a,0.139,1/m,ok,
3C,510,b,0.66,1/m,ok,
3C,511,a,0.139,1/m,ok,
3C,511,b,0.659,1/m,ok,
3C,512,a,0.138,1/m,ok,
3C,512,b,0.659,1/m,ok,
3C,513,a,0.138,1/m,ok,
3C,513,b,0.658,1/m,ok,
3C,514,a,0.138,1/m,ok,
3C,514,b,0.658,1/m,ok,
3C,515,a,0.137,1/m,ok,
3C,515,b,0.658,1/m,ok,
3C,516,a,0.137,1/m,ok,
3C,516,b,0.657,1/m,ok,
3C,517,a,0.137,1/m,ok,
3C,517,b,0.657,1/m,ok,
3C,518,a,0.137,1/m,ok,
3C,518,b,0.656,1/m,ok,
3C,519,a,0.136,1/m,ok,
3C,519,b,0.656,1/m,ok,
3C,520,a,0.136,1/m,ok,
3C,520,b,0.656,1/m,ok,
3C,521,a,0.135,1/m,ok,
3C,521,b,0.655,1/m,ok,
3C,522,a,0.135,1/m,ok,
3C,522,b,0.655,1/m,ok,
3C,523,a,0.133,1/m,ok,
3C,523,b,0.654,1/m,ok,
3C,524,a,0.132,1/m,ok,
3C,524,b,0.654,1/m,ok,
3C,525,a,0.132,1/m,ok,
3C,525,b,0.654,1/m,ok,
3C,526,a,0.131,1/m,ok,
3C,526,b,0.653,1/m,ok,
3C,527,a,0.13,1/m,ok,
3C,527,b,0.653,1/m,ok,
3C,528,a,0.129,1/m,ok,
3C,528,b,0.653,1/m,ok,
3C,529,a,0.129,1/m,ok,
3C,529,b,0.652,1/m,ok,
3C,530,a,0.128,1/m,ok,
3C,530,b,0.652,1/m,ok,
3C,531,a,0.128,1/m,ok,
3C,531,b,0.651,1/m,ok,
3C,532,a,0.128,1/m,ok,
3C,532,b,0.651,1/m,ok,
3C,533,a,0.128,1/m,ok,
3C,533,b,0.651,1/m,ok,
3C,534,a,0.127,1/m,ok,
3C,534,b,0.65,1/m,ok,
3C,535,a,0.127,1/m,ok,
3C,535,b,0.65,1/m,ok,
3C,536,a,0.127,1/m,ok,
3C,536,b,0.65,1/m,ok,
3C,537,a,0.127,1/m,ok,
3C,537,b,0.649,1/m,ok,
3C,538,a,0.127,1/m,ok,
3C,538,b,0.649,1/m,ok,
3C,539,a,0.127,1/m,ok,
3C,539,b,0.648,1/m,ok,
3C,540,a,0.127,1/m,ok,
3C,540,b,0.648,1/m,ok,
3C,541,a,0.126,1/m,ok,
3C,541,b,0.648,1/m,ok,
3C,542,a,0.126,1/m,ok,
3C,542,b,0.647,1/m,ok,
3C,543,a,0.126,1/m,ok,
3C,543,b,0.647,1/m,ok,
3C,544,a,0.127,1/m,ok,
3C,544,b,0.647,1/m,ok,
3C,545,a,0.127,1/m,ok,
3C,545,b,0.646,1/m,ok,
3C,546,a,0.127,1/m,ok,
3C,546,b,0.646,1/m,ok,
3C,547,a,0.127,1/m,ok,
3C,547,b,0.645,1/m,ok,
3C,548,a,0.127,1/m,ok,
3C,548,b,0.645,1/m,ok,
3C,549,a,0.127,1/m,ok,
3C,549,b,0.645,1/m,ok,
3C,550,a,0.128,1/m,ok,
3C,550,b,0.644,1/m,ok,
3C,551,a,0.128,1/m,ok,
3C,551,b,0.644,1/m,ok,
3C,552,a,0.128,1/m,ok,
3C,552,b,0.644,1/m,ok,
3C,553,a,0.128,1/m,ok,
3C,553,b,0.643,1/m,ok,
3C,554,a,0.128,1/m,ok,
3C,554,b,0.643,1/m,ok,
3C,555,a,0.128,1/m,ok,
3C,555,b,0.643,1/m,ok,
3C,556,a,0.128,1/m,ok,
3C,556,b,0.642,1/m,ok,
3C,557,a,0.128,1/m,ok,
3C,557,b,0.642,1/m,ok,
3C,558,a,0.128,1/m,ok,
3C,558,b,0.641,1/m,ok,
3C,559,a,0.127,1/m,ok,
3C,559,b,0.641,1/m,ok,
3C,560,a,0.127,1/m,ok,
3C,560,b,0.641,1/m,ok,
3C,561,a,0.127,1/m,ok,
3C,561,b,0.64,1/m,ok,
3C,562,a,0.127,1/m,ok,
3C,562,b,0.64,1/m,ok,
3C,563,a,0.127,1/m,ok,
3C,563,b,0.64,1/m,ok,
3C,564,a,0.127,1/m,ok,
3C,564,b,0.639,1/m,ok,
3C,565,a,0.127,1/m,ok,
3C,565,b,0.639,1/m,ok,
3C,566,a,0.128,1/m,ok,
3C,566,b,0.639,1/m,ok,
3C,567,a,0.128,1/m,ok,
3C,567,b,0.638,1/m,ok,
3C,568,a,0.128,1/m,ok,
3C,568,b,0.638,1/m,ok,
3C,569,a,0.129,1/m,ok,
3C,569,b,0.638,1/m,ok,
3C,570,a,0.13,1/m,ok,
3C,570,b,0.637,1/m,ok,
3C,571,a,0.131,1/m,ok,
3C,571,b,0.637,1/m,ok,
3C,572,a,0.132,1/m,ok,
3C,572,b,0.637,1/m,ok,
3C,573,a,0.133,1/m,ok,
3C,573,b,0.636,1/m,ok,
3C,574,a,0.134,1/m,ok,
3C,574,b,0.636,1/m,ok,
3C,575,a,0.136,1/m,ok,
3C,575,b,0.636,1/m,ok,
3C,576,a,0.138,1/m,ok,
3C,576,b,0.635,1/m,ok,
3C,577,a,0.139,1/m,ok,
3C,577,b,0.635,1/m,ok,
3C,578,a,0.141,1/m,ok,
3C,578,b,0.635,1/m,ok,
3C,579,a,0.144,1/m,ok,
3C,579,b,0.634,1/m,ok,
3C,580,a,0.146,1/m,ok,
3C,580,b,0.634,1/m,ok,
3C,581,a,0.148,1/m,ok,
3C,581,b,0.634,1/m,ok,
3C,582,a,0.151,1/m,ok,
3C,582,b,0.633,1/m,ok,
3C,583,a,0.154,1/m,ok,
3C,583,b,0.633,1/m,ok,
3C,584,a,0.158,1/m,ok,
3C,584,b,0.633,1/m,ok,
3C,585,a,0.162,1/m,ok,
3C,585,b,0.632,1/m,ok,
3C,586,a,0.166,1/m,ok,
3C,586,b,0.632,1/m,ok,
3C,587,a,0.17,1/m,ok,
3C,587,b,0.632,1/m,ok,
3C,588,a,0.175,1/m,ok,
3C,588,b,0.631,1/m,ok,
3C,589,a,0.18,1/m,ok,
3C,589,b,0.631,1/m,ok,
3C,590,a,0.185,1/m,ok,
3C,590,b,0.631,1/m,ok,
3C,591,a,0.189,1/m,ok,
3C,591,b,0.63,1/m,ok,
3C,592,a,0.194,1/m,ok,
3C,592,b,0.63,1/m,ok,
3C,593,a,0.199,1/m,ok,
3C,593,b,0.63,1/m,ok,
3C,594,a,0.204,1/m,ok,
3C,594,b,0.629,1/m,ok,
3C,595,a,0.211,1/m,ok,
3C,595,b,0.629,1/m,ok,
3C,596,a,0.217,1/m,ok,
3C,596,b,0.629,1/m,ok,
3C,597,a,0.225,1/m,ok,
3C,597,b,0.628,1/m,ok,
3C,598,a,0.232,1/m,ok,
3C,598,b,0.628,1/m,ok,
3C,599,a,0.25,1/m,ok,
3C,599,b,0.628,1/m,ok,
3C,600,a,0.268,1/m,ok,
3C,600,b,0.627,1/m,ok,
3C,601,a,0.275,1/m,ok,
3C,601,b,0.627,1/m,ok,
3C,602,a,0.282,1/m,ok,
3C,602,b,0.627,1/m,ok,
3C,603,a,0.286,1/m,ok,
3C,603,b,0.626,1/m,ok,
3C,604,a,0.29,1/m,ok,
3C,604,b,0.626,1/m,ok,
3C,605,a,0.297,1/m,ok,
3C,605,b,0.626,1/m,ok,
3C,606,a,0.304,1/m,ok,
3C,606,b,0.625,1/m,ok,
3C,607,a,0.307,1/m,ok,
3C,607,b,0.625,1/m,ok,
3C,608,a,0.31,1/m,ok,
3C,608,b,0.625,1/m,ok,
3C,609,a,0.312,1/m,ok,
3C,609,b,0.624,1/m,ok,
3C,610,a,0.314,1/m,ok,
3C,610,b,0.624,1/m,ok,
3C,611,a,0.316,1/m,ok,
3C,611,b,0.624,1/m,ok,
3C,612,a,0.317,1/m,ok,
3C,612,b,0.624,1/m,ok,
3C,613,a,0.319,1/m,ok,
3C,613,b,0.623,1/m,ok,
3C,614,a,0.32,1/m,ok,
3C,614,b,0.623,1/m,ok,
3C,615,a,0.321,1/m,ok,
3C,615,b,0.623,1/m,ok,
3C,616,a,0.323,1/m,ok,
3C,616,b,0.622,1/m,ok,
3C,617,a,0.324,1/m,ok,
3C,617,b,0.622,1/m,ok,
3C,618,a,0.325,1/m,ok,
3C,618,b,0.622,1/m,ok,
3C,619,a,0.326,1/m,ok,
3C,619,b,0.621,1/m,ok,
3C,620,a,0.328,1/m,ok,
3C,620,b,0.621,1/m,ok,
3C,621,a,0.329,1/m,ok,
3C,621,b,0.621,1/m,ok,
3C,622,a,0.331,1/m,ok,
3C,622,b,0.62,1/m,ok,
3C,623,a,0.332,1/m,ok,
3C,623,b,0.62,1/m,ok,
3C,624,a,0.333,1/m,ok,
3C,624,b,0.62,1/m,ok,
3C,625,a,0.335,1/m,ok,
3C,625,b,0.62,1/m,ok,
3C,626,a,0.336,1/m,ok,
3C,626,b,0.619,1/m,ok,
3C,627,a,0.338,1/m,ok,
3C,627,b,0.619,1/m,ok,
3C,628,a,0.339,1/m,ok,
3C,628,b,0.619,1/m,ok,
3C,629,a,0.341,1/m,ok,
3C,629,b,0.618,1/m,ok,
3C,630,a,0.343,1/m,ok,
3C,630,b,0.618,1/m,ok,
3C,631,a,0.344,1/m,ok,
3C,631,b,0.618,1/m,ok,
3C,632,a,0.346,1/m,ok,
3C,632,b,0.617,1/m,ok,
3C,633,a,0.347,1/m,ok,
3C,633,b,0.617,1/m,ok,
3C,634,a,0.348,1/m,ok,
3C,634,b,0.617,1/m,ok,
3C,635,a,0.35,1/m,ok,
3C,635,b,0.617,1/m,ok,
3C,636,a,0.351,1/m,ok,
3C,636,b,0.616,1/m,ok,
3C,637,a,0.353,1/m,ok,
3C,637,b,0.616,1/m,ok,
3C,638,a,0.355,1/m,ok,
3C,638,b,0.616,1/m,ok,
3C,639,a,0.357,1/m,ok,
3C,639,b,0.615,1/m,ok,
3C,640,a,0.358,1/m,ok,
3C,640,b,0.615,1/m,ok,
3C,641,a,0.36,1/m,ok,
3C,641,b,0.615,1/m,ok,
3C,642,a,0.361,1/m,ok,
3C,642,b,0.614,1/m,ok,
3C,643,a,0.363,1/m,ok,
3C,643,b,0.614,1/m,ok,
3C,644,a,0.365,1/m,ok,
3C,644,b,0.614,1/m,ok,
3C,645,a,0.367,1/m,ok,
3C,645,b,0.614,1/m,ok,
3C,646,a,0.369,1/m,ok,
3C,646,b,0.613,1/m,ok,
3C,647,a,0.371,1/m,ok,
3C,647,b,0.613,1/m,ok,
3C,648,a,0.373,1/m,ok,
3C,648,b,0.613,1/m,ok,
3C,649,a,0.376,1/m,ok,
3C,649,b,0.612,1/m,ok,
3C,650,a,0.379,1/m,ok,
3C,650,b,0.612,1/m,ok,
3C,651,a,0.381,1/m,ok,
3C,651,b,0.612,1/m,ok,
3C,652,a,0.384,1/m,ok,
3C,652,b,0.612,1/m,ok,
3C,653,a,0.388,1/m,ok,
3C,653,b,0.611,1/m,ok,
3C,654,a,0.391,1/m,ok,
3C,654,b,0.611,1/m,ok,
3C,655,a,0.397,1/m,ok,
3C,655,b,0.611,1/m,ok,
3C,656,a,0.402,1/m,ok,
3C,656,b,0.61,1/m,ok,
3C,657,a,0.41,1/m,ok,
3C,657,b,0.61,1/m,ok,
3C,658,a,0.418,1/m,ok,
3C,658,b,0.61,1/m,ok,
3C,659,a,0.427,1/m,ok,
3C,659,b,0.61,1/m,ok,
3C,660,a,0.437,1/m,ok,
3C,660,b,0.609,1/m,ok,
3C,661,a,0.446,1/m,ok,
3C,661,b,0.609,1/m,ok,
3C,662,a,0.456,1/m,ok,
3C,662,b,0.609,1/m,ok,
3C,663,a,0.462,1/m,ok,
3C,663,b,0.608,1/m,ok,
3C,664,a,0.469,1/m,ok,
3C,664,b,0.608,1/m,ok,
3C,665,a,0.474,1/m,ok,
3C,665,b,0.608,1/m,ok,
3C,666,a,0.479,1/m,ok,
3C,666,b,0.608,1/m,ok,
3C,667,a,0.483,1/m,ok,
3C,667,b,0.607,1/m,ok,
3C,668,a,0.487,1/m,ok,
3C,668,b,0.607,1/m,ok,
3C,669,a,0.49,1/m,ok,
3C,669,b,0.607,1/m,ok,
3C,670,a,0.493,1/m,ok,
3C,670,b,0.607,1/m,ok,
3C,671,a,0.495,1/m,ok,
3C,671,b,0.606,1/m,ok,
3C,672,a,0.498,1/m,ok,
3C,672,b,0.606,1/m,ok,
3C,673,a,0.499,1/m,ok,
3C,673,b,0.606,1/m,ok,
3C,674,a,0.501,1/m,ok,
3C,674,b,0.605,1/m,ok,
3C,675,a,0.503,1/m,ok,
3C,675,b,0.605,1/m,ok,
3C,676,a,0.505,1/m,ok,
3C,676,b,0.605,1/m,ok,
3C,677,a,0.506,1/m,ok,
3C,677,b,0.605,1/m,ok,
3C,678,a,0.507,1/m,ok,
3C,678,b,0.604,1/m,ok,
3C,679,a,0.507,1/m,ok,
3C,679,b,0.604,1/m,ok,
3C,680,a,0.508,1/m,ok,
3C,680,b,0.604,1/m,ok,
3C,681,a,0.509,1/m,ok,
3C,681,b,0.604,1/m,ok,
3C,682,a,0.509,1/m,ok,
3C,682,b,0.603,1/m,ok,
3C,683,a,0.51,1/m,ok,
3C,683,b,0.603,1/m,ok,
3C,684,a,0.51,1/m,ok,
3C,684,b,0.603,1/m,ok,
3C,685,a,0.511,1/m,ok,
3C,685,b,0.602,1/m,ok,
3C,686,a,0.512,1/m,ok,
3C,686,b,0.602,1/m,ok,
3C,687,a,0.514,1/m,ok,
3C,687,b,0.602,1/m,ok,
3C,688,a,0.516,1/m,ok,
3C,688,b,0.602,1/m,ok,
3C,689,a,0.518,1/m,ok,
3C,689,b,0.601,1/m,ok,
3C,690,a,0.521,1/m,ok,
3C,690,b,0.601,1/m,ok,
3C,691,a,0.525,1/m,ok,
3C,691,b,0.601,1/m,ok,
3C,692,a,0.529,1/m,ok,
3C,692,b,0.601,1/m,ok,
3C,693,a,0.535,1/m,ok,
3C,693,b,0.6,1/m,ok,
3C,694,a,0.541,1/m,ok,
3C,694,b,0.6,1/m,ok,
3C,695,a,0.548,1/m,ok,
3C,695,b,0.6,1/m,ok,
3C,696,a,0.555,1/m,ok,
3C,696,b,0.6,1/m,ok,
3C,697,a,0.565,1/m,ok,
3C,697,b,0.599,1/m,ok,
3C,698,a,0.575,1/m,ok,
3C,698,b,0.599,1/m,ok,
3C,699,a,0.586,1/m,ok,
3C,699,b,0.599,1/m,ok,
3C,700,a,0.598,1/m,ok,
3C,700,b,0.599,1/m,ok,
3C,701,a,0.61,1/m,ok,
3C,701,b,0.598,1/m,ok,
3C,702,a,0.622,1/m,ok,
3C,702,b,0.598,1/m,ok,
3C,703,a,0.636,1/m,ok,
3C,703,b,0.598,1/m,ok,
3C,704,a,0.651,1/m,ok,
3C,704,b,0.597,1/m,ok,
3C,705,a,0.665,1/m,ok,
3C,705,b,0.597,1/m,ok,
3C,706,a,0.68,1/m,ok,
3C,706,b,0.597,1/m,ok,
3C,707,a,0.697,1/m,ok,
3C,707,b,0.597,1/m,ok,
3C,708,a,0.714,1/m,ok,
3C,708,b,0.596,1/m,ok,
3C,709,a,0.734,1/m,ok,
3C,709,b,0.596,1/m,ok,
3C,710,a,0.754,1/m,ok,
3C,710,b,0.596,1/m,ok,
3C,711,a,0.777,1/m,ok,
3C,711,b,0.596,1/m,ok,
3C,712,a,0.799,1/m,ok,
3C,712,b,0.595,1/m,ok,
3C,713,a,0.826,1/m,ok,
3C,713,b,0.595,1/m,ok,
3C,714,a,0.852,1/m,ok,
3C,714,b,0.595,1/m,ok,
3C,715,a,0.884,1/m,ok,
3C,715,b,0.595,1/m,ok,
3C,716,a,0.917,1/m,model_extrapolation,実測点は412-715 nmのみ。この波長はモデルによる外挿
3C,716,b,0.594,1/m,model_extrapolation,実測点は412-715 nmのみ。この波長はモデルによる外挿
3C,717,a,0.955,1/m,model_extrapolation,実測点は412-715 nmのみ。この波長はモデルによる外挿
3C,717,b,0.594,1/m,model_extrapolation,実測点は412-715 nmのみ。この波長はモデルによる外挿
3C,718,a,0.993,1/m,model_extrapolation,実測点は412-715 nmのみ。この波長はモデルによる外挿
3C,718,b,0.594,1/m,model_extrapolation,実測点は412-715 nmのみ。この波長はモデルによる外挿
3C,719,a,1.03,1/m,model_extrapolation,実測点は412-715 nmのみ。この波長はモデルによる外挿
3C,719,b,0.594,1/m,model_extrapolation,実測点は412-715 nmのみ。この波長はモデルによる外挿
3C,720,a,1.08,1/m,model_extrapolation,実測点は412-715 nmのみ。この波長はモデルによる外挿
3C,720,b,0.593,1/m,model_extrapolation,実測点は412-715 nmのみ。この波長はモデルによる外挿
3C,721,a,1.13,1/m,model_extrapolation,実測点は412-715 nmのみ。この波長はモデルによる外挿
3C,721,b,0.593,1/m,model_extrapolation,実測点は412-715 nmのみ。この波長はモデルによる外挿
3C,722,a,1.17,1/m,model_extrapolation,実測点は412-715 nmのみ。この波長はモデルによる外挿
3C,722,b,0.593,1/m,model_extrapolation,実測点は412-715 nmのみ。この波長はモデルによる外挿
3C,723,a,1.22,1/m,model_extrapolation,実測点は412-715 nmのみ。この波長はモデルによる外挿
3C,723,b,0.593,1/m,model_extrapolation,実測点は412-715 nmのみ。この波長はモデルによる外挿
3C,724,a,1.27,1/m,model_extrapolation,実測点は412-715 nmのみ。この波長はモデルによる外挿
3C,724,b,0.592,1/m,model_extrapolation,実測点は412-715 nmのみ。この波長はモデルによる外挿
3C,725,a,1.32,1/m,model_extrapolation,実測点は412-715 nmのみ。この波長はモデルによる外挿
3C,725,b,0.592,1/m,model_extrapolation,実測点は412-715 nmのみ。この波長はモデルによる外挿
3C,726,a,1.38,1/m,model_extrapolation,実測点は412-715 nmのみ。この波長はモデルによる外挿
3C,726,b,0.592,1/m,model_extrapolation,実測点は412-715 nmのみ。この波長はモデルによる外挿
3C,727,a,1.43,1/m,model_extrapolation,実測点は412-715 nmのみ。この波長はモデルによる外挿
3C,727,b,0.592,1/m,model_extrapolation,実測点は412-715 nmのみ。この波長はモデルによる外挿
3C,728,a,1.49,1/m,model_extrapolation,実測点は412-715 nmのみ。この波長はモデルによる外挿
3C,728,b,0.591,1/m,model_extrapolation,実測点は412-715 nmのみ。この波長はモデルによる外挿
3C,729,a,1.56,1/m,model_extrapolation,実測点は412-715 nmのみ。この波長はモデルによる外挿
3C,729,b,0.591,1/m,model_extrapolation,実測点は412-715 nmのみ。この波長はモデルによる外挿
3C,730,a,1.63,1/m,model_extrapolation,実測点は412-715 nmのみ。この波長はモデルによる外挿
3C,730,b,0.591,1/m,model_extrapolation,実測点は412-715 nmのみ。この波長はモデルによる外挿
3C,731,a,1.71,1/m,model_extrapolation,実測点は412-715 nmのみ。この波長はモデルによる外挿
3C,731,b,0.591,1/m,model_extrapolation,実測点は412-715 nmのみ。この波長はモデルによる外挿
3C,732,a,1.79,1/m,model_extrapolation,実測点は412-715 nmのみ。この波長はモデルによる外挿
3C,732,b,0.59,1/m,model_extrapolation,実測点は412-715 nmのみ。この波長はモデルによる外挿
3C,733,a,1.89,1/m,model_extrapolation,実測点は412-715 nmのみ。この波長はモデルによる外挿
3C,733,b,0.59,1/m,model_extrapolation,実測点は412-715 nmのみ。この波長はモデルによる外挿
3C,734,a,2,1/m,model_extrapolation,実測点は412-715 nmのみ。この波長はモデルによる外挿
3C,734,b,0.59,1/m,model_extrapolation,実測点は412-715 nmのみ。この波長はモデルによる外挿
3C,735,a,2.1,1/m,model_extrapolation,実測点は412-715 nmのみ。この波長はモデルによる外挿
3C,735,b,0.59,1/m,model_extrapolation,実測点は412-715 nmのみ。この波長はモデルによる外挿
3C,736,a,2.21,1/m,model_extrapolation,実測点は412-715 nmのみ。この波長はモデルによる外挿
3C,736,b,0.589,1/m,model_extrapolation,実測点は412-715 nmのみ。この波長はモデルによる外挿
3C,737,a,2.31,1/m,model_extrapolation,実測点は412-715 nmのみ。この波長はモデルによる外挿
3C,737,b,0.589,1/m,model_extrapolation,実測点は412-715 nmのみ。この波長はモデルによる外挿
3C,738,a,2.4,1/m,model_extrapolation,実測点は412-715 nmのみ。この波長はモデルによる外挿
3C,738,b,0.589,1/m,model_extrapolation,実測点は412-715 nmのみ。この波長はモデルによる外挿
3C,739,a,2.47,1/m,model_extrapolation,実測点は412-715 nmのみ。この波長はモデルによる外挿
3C,739,b,0.589,1/m,model_extrapolation,実測点は412-715 nmのみ。この波長はモデルによる外挿
3C,740,a,2.54,1/m,model_extrapolation,実測点は412-715 nmのみ。この波長はモデルによる外挿
3C,740,b,0.589,1/m,model_extrapolation,実測点は412-715 nmのみ。この波長はモデルによる外挿
3C,741,a,2.58,1/m,model_extrapolation,実測点は412-715 nmのみ。この波長はモデルによる外挿
3C,741,b,0.588,1/m,model_extrapolation,実測点は412-715 nmのみ。この波長はモデルによる外挿
3C,742,a,2.63,1/m,model_extrapolation,実測点は412-715 nmのみ。この波長はモデルによる外挿
3C,742,b,0.588,1/m,model_extrapolation,実測点は412-715 nmのみ。この波長はモデルによる外挿
3C,743,a,2.65,1/m,model_extrapolation,実測点は412-715 nmのみ。この波長はモデルによる外挿
3C,743,b,0.588,1/m,model_extrapolation,実測点は412-715 nmのみ。この波長はモデルによる外挿
3C,744,a,2.68,1/m,model_extrapolation,実測点は412-715 nmのみ。この波長はモデルによる外挿
3C,744,b,0.588,1/m,model_extrapolation,実測点は412-715 nmのみ。この波長はモデルによる外挿
3C,745,a,2.69,1/m,model_extrapolation,実測点は412-715 nmのみ。この波長はモデルによる外挿
3C,745,b,0.587,1/m,model_extrapolation,実測点は412-715 nmのみ。この波長はモデルによる外挿
3C,746,a,2.71,1/m,model_extrapolation,実測点は412-715 nmのみ。この波長はモデルによる外挿
3C,746,b,0.587,1/m,model_extrapolation,実測点は412-715 nmのみ。この波長はモデルによる外挿
3C,747,a,2.72,1/m,model_extrapolation,実測点は412-715 nmのみ。この波長はモデルによる外挿
3C,747,b,0.587,1/m,model_extrapolation,実測点は412-715 nmのみ。この波長はモデルによる外挿
3C,748,a,2.73,1/m,model_extrapolation,実測点は412-715 nmのみ。この波長はモデルによる外挿
3C,748,b,0.587,1/m,model_extrapolation,実測点は412-715 nmのみ。この波長はモデルによる外挿
3C,749,a,2.73,1/m,model_extrapolation,実測点は412-715 nmのみ。この波長はモデルによる外挿
3C,749,b,0.586,1/m,model_extrapolation,実測点は412-715 nmのみ。この波長はモデルによる外挿
3C,750,a,2.74,1/m,model_extrapolation,実測点は412-715 nmのみ。この波長はモデルによる外挿
3C,750,b,0.586,1/m,model_extrapolation,実測点は412-715 nmのみ。この波長はモデルによる外挿
3C,751,a,2.74,1/m,model_extrapolation,実測点は412-715 nmのみ。この波長はモデルによる外挿
3C,751,b,0.586,1/m,model_extrapolation,実測点は412-715 nmのみ。この波長はモデルによる外挿
3C,752,a,2.74,1/m,model_extrapolation,実測点は412-715 nmのみ。この波長はモデルによる外挿
3C,752,b,0.586,1/m,model_extrapolation,実測点は412-715 nmのみ。この波長はモデルによる外挿
3C,753,a,2.75,1/m,model_extrapolation,実測点は412-715 nmのみ。この波長はモデルによる外挿
3C,753,b,0.585,1/m,model_extrapolation,実測点は412-715 nmのみ。この波長はモデルによる外挿
3C,754,a,2.75,1/m,model_extrapolation,実測点は412-715 nmのみ。この波長はモデルによる外挿
3C,754,b,0.585,1/m,model_extrapolation,実測点は412-715 nmのみ。この波長はモデルによる外挿
3C,755,a,2.75,1/m,model_extrapolation,実測点は412-715 nmのみ。この波長はモデルによる外挿
3C,755,b,0.585,1/m,model_extrapolation,実測点は412-715 nmのみ。この波長はモデルによる外挿
3C,756,a,2.76,1/m,model_extrapolation,実測点は412-715 nmのみ。この波長はモデルによる外挿
3C,756,b,0.585,1/m,model_extrapolation,実測点は412-715 nmのみ。この波長はモデルによる外挿
3C,757,a,2.76,1/m,model_extrapolation,実測点は412-715 nmのみ。この波長はモデルによる外挿
3C,757,b,0.584,1/m,model_extrapolation,実測点は412-715 nmのみ。この波長はモデルによる外挿
3C,758,a,2.77,1/m,model_extrapolation,実測点は412-715 nmのみ。この波長はモデルによる外挿
3C,758,b,0.584,1/m,model_extrapolation,実測点は412-715 nmのみ。この波長はモデルによる外挿
3C,759,a,2.77,1/m,model_extrapolation,実測点は412-715 nmのみ。この波長はモデルによる外挿
3C,759,b,0.584,1/m,model_extrapolation,実測点は412-715 nmのみ。この波長はモデルによる外挿
3C,760,a,2.77,1/m,model_extrapolation,実測点は412-715 nmのみ。この波長はモデルによる外挿
3C,760,b,0.584,1/m,model_extrapolation,実測点は412-715 nmのみ。この波長はモデルによる外挿
3C,761,a,2.78,1/m,model_extrapolation,実測点は412-715 nmのみ。この波長はモデルによる外挿
3C,761,b,0.584,1/m,model_extrapolation,実測点は412-715 nmのみ。この波長はモデルによる外挿
3C,762,a,2.78,1/m,model_extrapolation,実測点は412-715 nmのみ。この波長はモデルによる外挿
3C,762,b,0.583,1/m,model_extrapolation,実測点は412-715 nmのみ。この波長はモデルによる外挿
3C,763,a,2.78,1/m,model_extrapolation,実測点は412-715 nmのみ。この波長はモデルによる外挿
3C,763,b,0.583,1/m,model_extrapolation,実測点は412-715 nmのみ。この波長はモデルによる外挿
3C,764,a,2.78,1/m,model_extrapolation,実測点は412-715 nmのみ。この波長はモデルによる外挿
3C,764,b,0.583,1/m,model_extrapolation,実測点は412-715 nmのみ。この波長はモデルによる外挿
3C,765,a,2.78,1/m,model_extrapolation,実測点は412-715 nmのみ。この波長はモデルによる外挿
3C,765,b,0.583,1/m,model_extrapolation,実測点は412-715 nmのみ。この波長はモデルによる外挿
3C,766,a,2.77,1/m,model_extrapolation,実測点は412-715 nmのみ。この波長はモデルによる外挿
3C,766,b,0.582,1/m,model_extrapolation,実測点は412-715 nmのみ。この波長はモデルによる外挿
3C,767,a,2.77,1/m,model_extrapolation,実測点は412-715 nmのみ。この波長はモデルによる外挿
3C,767,b,0.582,1/m,model_extrapolation,実測点は412-715 nmのみ。この波長はモデルによる外挿
3C,768,a,2.76,1/m,model_extrapolation,実測点は412-715 nmのみ。この波長はモデルによる外挿
3C,768,b,0.582,1/m,model_extrapolation,実測点は412-715 nmのみ。この波長はモデルによる外挿
3C,769,a,2.76,1/m,model_extrapolation,実測点は412-715 nmのみ。この波長はモデルによる外挿
3C,769,b,0.582,1/m,model_extrapolation,実測点は412-715 nmのみ。この波長はモデルによる外挿
3C,770,a,2.76,1/m,model_extrapolation,実測点は412-715 nmのみ。この波長はモデルによる外挿
3C,770,b,0.581,1/m,model_extrapolation,実測点は412-715 nmのみ。この波長はモデルによる外挿
3C,771,a,2.75,1/m,model_extrapolation,実測点は412-715 nmのみ。この波長はモデルによる外挿
3C,771,b,0.581,1/m,model_extrapolation,実測点は412-715 nmのみ。この波長はモデルによる外挿
3C,772,a,2.75,1/m,model_extrapolation,実測点は412-715 nmのみ。この波長はモデルによる外挿
3C,772,b,0.581,1/m,model_extrapolation,実測点は412-715 nmのみ。この波長はモデルによる外挿
3C,773,a,2.74,1/m,model_extrapolation,実測点は412-715 nmのみ。この波長はモデルによる外挿
3C,773,b,0.581,1/m,model_extrapolation,実測点は412-715 nmのみ。この波長はモデルによる外挿
3C,774,a,2.73,1/m,model_extrapolation,実測点は412-715 nmのみ。この波長はモデルによる外挿
3C,774,b,0.581,1/m,model_extrapolation,実測点は412-715 nmのみ。この波長はモデルによる外挿
3C,775,a,2.72,1/m,model_extrapolation,実測点は412-715 nmのみ。この波長はモデルによる外挿
3C,775,b,0.58,1/m,model_extrapolation,実測点は412-715 nmのみ。この波長はモデルによる外挿
3C,776,a,2.71,1/m,model_extrapolation,実測点は412-715 nmのみ。この波長はモデルによる外挿
3C,776,b,0.58,1/m,model_extrapolation,実測点は412-715 nmのみ。この波長はモデルによる外挿
3C,777,a,2.7,1/m,model_extrapolation,実測点は412-715 nmのみ。この波長はモデルによる外挿
3C,777,b,0.58,1/m,model_extrapolation,実測点は412-715 nmのみ。この波長はモデルによる外挿
3C,778,a,2.69,1/m,model_extrapolation,実測点は412-715 nmのみ。この波長はモデルによる外挿
3C,778,b,0.58,1/m,model_extrapolation,実測点は412-715 nmのみ。この波長はモデルによる外挿
3C,779,a,2.68,1/m,model_extrapolation,実測点は412-715 nmのみ。この波長はモデルによる外挿
3C,779,b,0.579,1/m,model_extrapolation,実測点は412-715 nmのみ。この波長はモデルによる外挿
3C,780,a,2.66,1/m,model_extrapolation,実測点は412-715 nmのみ。この波長はモデルによる外挿
3C,780,b,0.579,1/m,model_extrapolation,実測点は412-715 nmのみ。この波長はモデルによる外挿
3C,781,a,2.65,1/m,model_extrapolation,実測点は412-715 nmのみ。この波長はモデルによる外挿
3C,781,b,0.579,1/m,model_extrapolation,実測点は412-715 nmのみ。この波長はモデルによる外挿
3C,782,a,2.64,1/m,model_extrapolation,実測点は412-715 nmのみ。この波長はモデルによる外挿
3C,782,b,0.579,1/m,model_extrapolation,実測点は412-715 nmのみ。この波長はモデルによる外挿
3C,783,a,2.62,1/m,model_extrapolation,実測点は412-715 nmのみ。この波長はモデルによる外挿
3C,783,b,0.579,1/m,model_extrapolation,実測点は412-715 nmのみ。この波長はモデルによる外挿
3C,784,a,2.61,1/m,model_extrapolation,実測点は412-715 nmのみ。この波長はモデルによる外挿
3C,784,b,0.578,1/m,model_extrapolation,実測点は412-715 nmのみ。この波長はモデルによる外挿
3C,785,a,2.59,1/m,model_extrapolation,実測点は412-715 nmのみ。この波長はモデルによる外挿
3C,785,b,0.578,1/m,model_extrapolation,実測点は412-715 nmのみ。この波長はモデルによる外挿
3C,786,a,2.57,1/m,model_extrapolation,実測点は412-715 nmのみ。この波長はモデルによる外挿
3C,786,b,0.578,1/m,model_extrapolation,実測点は412-715 nmのみ。この波長はモデルによる外挿
3C,787,a,2.55,1/m,model_extrapolation,実測点は412-715 nmのみ。この波長はモデルによる外挿
3C,787,b,0.578,1/m,model_extrapolation,実測点は412-715 nmのみ。この波長はモデルによる外挿
3C,788,a,2.54,1/m,model_extrapolation,実測点は412-715 nmのみ。この波長はモデルによる外挿
3C,788,b,0.577,1/m,model_extrapolation,実測点は412-715 nmのみ。この波長はモデルによる外挿
3C,789,a,2.52,1/m,model_extrapolation,実測点は412-715 nmのみ。この波長はモデルによる外挿
3C,789,b,0.577,1/m,model_extrapolation,実測点は412-715 nmのみ。この波長はモデルによる外挿
3C,790,a,2.49,1/m,model_extrapolation,実測点は412-715 nmのみ。この波長はモデルによる外挿
3C,790,b,0.577,1/m,model_extrapolation,実測点は412-715 nmのみ。この波長はモデルによる外挿
3C,791,a,2.47,1/m,model_extrapolation,実測点は412-715 nmのみ。この波長はモデルによる外挿
3C,791,b,0.577,1/m,model_extrapolation,実測点は412-715 nmのみ。この波長はモデルによる外挿
3C,792,a,2.45,1/m,model_extrapolation,実測点は412-715 nmのみ。この波長はモデルによる外挿
3C,792,b,0.577,1/m,model_extrapolation,実測点は412-715 nmのみ。この波長はモデルによる外挿
3C,793,a,2.43,1/m,model_extrapolation,実測点は412-715 nmのみ。この波長はモデルによる外挿
3C,793,b,0.576,1/m,model_extrapolation,実測点は412-715 nmのみ。この波長はモデルによる外挿
3C,794,a,2.41,1/m,model_extrapolation,実測点は412-715 nmのみ。この波長はモデルによる外挿
3C,794,b,0.576,1/m,model_extrapolation,実測点は412-715 nmのみ。この波長はモデルによる外挿
3C,795,a,2.39,1/m,model_extrapolation,実測点は412-715 nmのみ。この波長はモデルによる外挿
3C,795,b,0.576,1/m,model_extrapolation,実測点は412-715 nmのみ。この波長はモデルによる外挿
3C,796,a,2.38,1/m,model_extrapolation,実測点は412-715 nmのみ。この波長はモデルによる外挿
3C,796,b,0.576,1/m,model_extrapolation,実測点は412-715 nmのみ。この波長はモデルによる外挿
3C,797,a,2.36,1/m,model_extrapolation,実測点は412-715 nmのみ。この波長はモデルによる外挿
3C,797,b,0.575,1/m,model_extrapolation,実測点は412-715 nmのみ。この波長はモデルによる外挿
3C,798,a,2.34,1/m,model_extrapolation,実測点は412-715 nmのみ。この波長はモデルによる外挿
3C,798,b,0.575,1/m,model_extrapolation,実測点は412-715 nmのみ。この波長はモデルによる外挿
3C,799,a,2.32,1/m,model_extrapolation,実測点は412-715 nmのみ。この波長はモデルによる外挿
3C,799,b,0.575,1/m,model_extrapolation,実測点は412-715 nmのみ。この波長はモデルによる外挿
3C,800,a,2.3,1/m,model_extrapolation,実測点は412-715 nmのみ。この波長はモデルによる外挿
3C,800,b,0.575,1/m,model_extrapolation,実測点は412-715 nmのみ。この波長はモデルによる外挿
5C,300,a,1.91,1/m,model_extrapolation,実測点は412-715 nmのみ。この波長はモデルによる外挿
5C,300,b,1.45,1/m,model_extrapolation,実測点は412-715 nmのみ。この波長はモデルによる外挿
5C,301,a,1.89,1/m,model_extrapolation,実測点は412-715 nmのみ。この波長はモデルによる外挿
5C,301,b,1.45,1/m,model_extrapolation,実測点は412-715 nmのみ。この波長はモデルによる外挿
5C,302,a,1.87,1/m,model_extrapolation,実測点は412-715 nmのみ。この波長はモデルによる外挿
5C,302,b,1.45,1/m,model_extrapolation,実測点は412-715 nmのみ。この波長はモデルによる外挿
5C,303,a,1.85,1/m,model_extrapolation,実測点は412-715 nmのみ。この波長はモデルによる外挿
5C,303,b,1.45,1/m,model_extrapolation,実測点は412-715 nmのみ。この波長はモデルによる外挿
5C,304,a,1.82,1/m,model_extrapolation,実測点は412-715 nmのみ。この波長はモデルによる外挿
5C,304,b,1.44,1/m,model_extrapolation,実測点は412-715 nmのみ。この波長はモデルによる外挿
5C,305,a,1.8,1/m,model_extrapolation,実測点は412-715 nmのみ。この波長はモデルによる外挿
5C,305,b,1.44,1/m,model_extrapolation,実測点は412-715 nmのみ。この波長はモデルによる外挿
5C,306,a,1.78,1/m,model_extrapolation,実測点は412-715 nmのみ。この波長はモデルによる外挿
5C,306,b,1.44,1/m,model_extrapolation,実測点は412-715 nmのみ。この波長はモデルによる外挿
5C,307,a,1.76,1/m,model_extrapolation,実測点は412-715 nmのみ。この波長はモデルによる外挿
5C,307,b,1.44,1/m,model_extrapolation,実測点は412-715 nmのみ。この波長はモデルによる外挿
5C,308,a,1.74,1/m,model_extrapolation,実測点は412-715 nmのみ。この波長はモデルによる外挿
5C,308,b,1.44,1/m,model_extrapolation,実測点は412-715 nmのみ。この波長はモデルによる外挿
5C,309,a,1.72,1/m,model_extrapolation,実測点は412-715 nmのみ。この波長はモデルによる外挿
5C,309,b,1.44,1/m,model_extrapolation,実測点は412-715 nmのみ。この波長はモデルによる外挿
5C,310,a,1.7,1/m,model_extrapolation,実測点は412-715 nmのみ。この波長はモデルによる外挿
5C,310,b,1.43,1/m,model_extrapolation,実測点は412-715 nmのみ。この波長はモデルによる外挿
5C,311,a,1.68,1/m,model_extrapolation,実測点は412-715 nmのみ。この波長はモデルによる外挿
5C,311,b,1.43,1/m,model_extrapolation,実測点は412-715 nmのみ。この波長はモデルによる外挿
5C,312,a,1.66,1/m,model_extrapolation,実測点は412-715 nmのみ。この波長はモデルによる外挿
5C,312,b,1.43,1/m,model_extrapolation,実測点は412-715 nmのみ。この波長はモデルによる外挿
5C,313,a,1.63,1/m,model_extrapolation,実測点は412-715 nmのみ。この波長はモデルによる外挿
5C,313,b,1.43,1/m,model_extrapolation,実測点は412-715 nmのみ。この波長はモデルによる外挿
5C,314,a,1.61,1/m,model_extrapolation,実測点は412-715 nmのみ。この波長はモデルによる外挿
5C,314,b,1.43,1/m,model_extrapolation,実測点は412-715 nmのみ。この波長はモデルによる外挿
5C,315,a,1.59,1/m,model_extrapolation,実測点は412-715 nmのみ。この波長はモデルによる外挿
5C,315,b,1.43,1/m,model_extrapolation,実測点は412-715 nmのみ。この波長はモデルによる外挿
5C,316,a,1.57,1/m,model_extrapolation,実測点は412-715 nmのみ。この波長はモデルによる外挿
5C,316,b,1.42,1/m,model_extrapolation,実測点は412-715 nmのみ。この波長はモデルによる外挿
5C,317,a,1.54,1/m,model_extrapolation,実測点は412-715 nmのみ。この波長はモデルによる外挿
5C,317,b,1.42,1/m,model_extrapolation,実測点は412-715 nmのみ。この波長はモデルによる外挿
5C,318,a,1.52,1/m,model_extrapolation,実測点は412-715 nmのみ。この波長はモデルによる外挿
5C,318,b,1.42,1/m,model_extrapolation,実測点は412-715 nmのみ。この波長はモデルによる外挿
5C,319,a,1.5,1/m,model_extrapolation,実測点は412-715 nmのみ。この波長はモデルによる外挿
5C,319,b,1.42,1/m,model_extrapolation,実測点は412-715 nmのみ。この波長はモデルによる外挿
5C,320,a,1.48,1/m,model_extrapolation,実測点は412-715 nmのみ。この波長はモデルによる外挿
5C,320,b,1.42,1/m,model_extrapolation,実測点は412-715 nmのみ。この波長はモデルによる外挿
5C,321,a,1.45,1/m,model_extrapolation,実測点は412-715 nmのみ。この波長はモデルによる外挿
5C,321,b,1.42,1/m,model_extrapolation,実測点は412-715 nmのみ。この波長はモデルによる外挿
5C,322,a,1.43,1/m,model_extrapolation,実測点は412-715 nmのみ。この波長はモデルによる外挿
5C,322,b,1.41,1/m,model_extrapolation,実測点は412-715 nmのみ。この波長はモデルによる外挿
5C,323,a,1.41,1/m,model_extrapolation,実測点は412-715 nmのみ。この波長はモデルによる外挿
5C,323,b,1.41,1/m,model_extrapolation,実測点は412-715 nmのみ。この波長はモデルによる外挿
5C,324,a,1.39,1/m,model_extrapolation,実測点は412-715 nmのみ。この波長はモデルによる外挿
5C,324,b,1.41,1/m,model_extrapolation,実測点は412-715 nmのみ。この波長はモデルによる外挿
5C,325,a,1.36,1/m,model_extrapolation,実測点は412-715 nmのみ。この波長はモデルによる外挿
5C,325,b,1.41,1/m,model_extrapolation,実測点は412-715 nmのみ。この波長はモデルによる外挿
5C,326,a,1.34,1/m,model_extrapolation,実測点は412-715 nmのみ。この波長はモデルによる外挿
5C,326,b,1.41,1/m,model_extrapolation,実測点は412-715 nmのみ。この波長はモデルによる外挿
5C,327,a,1.32,1/m,model_extrapolation,実測点は412-715 nmのみ。この波長はモデルによる外挿
5C,327,b,1.41,1/m,model_extrapolation,実測点は412-715 nmのみ。この波長はモデルによる外挿
5C,328,a,1.3,1/m,model_extrapolation,実測点は412-715 nmのみ。この波長はモデルによる外挿
5C,328,b,1.41,1/m,model_extrapolation,実測点は412-715 nmのみ。この波長はモデルによる外挿
5C,329,a,1.28,1/m,model_extrapolation,実測点は412-715 nmのみ。この波長はモデルによる外挿
5C,329,b,1.4,1/m,model_extrapolation,実測点は412-715 nmのみ。この波長はモデルによる外挿
5C,330,a,1.26,1/m,model_extrapolation,実測点は412-715 nmのみ。この波長はモデルによる外挿
5C,330,b,1.4,1/m,model_extrapolation,実測点は412-715 nmのみ。この波長はモデルによる外挿
5C,331,a,1.24,1/m,model_extrapolation,実測点は412-715 nmのみ。この波長はモデルによる外挿
5C,331,b,1.4,1/m,model_extrapolation,実測点は412-715 nmのみ。この波長はモデルによる外挿
5C,332,a,1.22,1/m,model_extrapolation,実測点は412-715 nmのみ。この波長はモデルによる外挿
5C,332,b,1.4,1/m,model_extrapolation,実測点は412-715 nmのみ。この波長はモデルによる外挿
5C,333,a,1.2,1/m,model_extrapolation,実測点は412-715 nmのみ。この波長はモデルによる外挿
5C,333,b,1.4,1/m,model_extrapolation,実測点は412-715 nmのみ。この波長はモデルによる外挿
5C,334,a,1.18,1/m,model_extrapolation,実測点は412-715 nmのみ。この波長はモデルによる外挿
5C,334,b,1.4,1/m,model_extrapolation,実測点は412-715 nmのみ。この波長はモデルによる外挿
5C,335,a,1.16,1/m,model_extrapolation,実測点は412-715 nmのみ。この波長はモデルによる外挿
5C,335,b,1.4,1/m,model_extrapolation,実測点は412-715 nmのみ。この波長はモデルによる外挿
5C,336,a,1.14,1/m,model_extrapolation,実測点は412-715 nmのみ。この波長はモデルによる外挿
5C,336,b,1.39,1/m,model_extrapolation,実測点は412-715 nmのみ。この波長はモデルによる外挿
5C,337,a,1.12,1/m,model_extrapolation,実測点は412-715 nmのみ。この波長はモデルによる外挿
5C,337,b,1.39,1/m,model_extrapolation,実測点は412-715 nmのみ。この波長はモデルによる外挿
5C,338,a,1.1,1/m,model_extrapolation,実測点は412-715 nmのみ。この波長はモデルによる外挿
5C,338,b,1.39,1/m,model_extrapolation,実測点は412-715 nmのみ。この波長はモデルによる外挿
5C,339,a,1.08,1/m,model_extrapolation,実測点は412-715 nmのみ。この波長はモデルによる外挿
5C,339,b,1.39,1/m,model_extrapolation,実測点は412-715 nmのみ。この波長はモデルによる外挿
5C,340,a,1.06,1/m,model_extrapolation,実測点は412-715 nmのみ。この波長はモデルによる外挿
5C,340,b,1.39,1/m,model_extrapolation,実測点は412-715 nmのみ。この波長はモデルによる外挿
5C,341,a,1.04,1/m,model_extrapolation,実測点は412-715 nmのみ。この波長はモデルによる外挿
5C,341,b,1.39,1/m,model_extrapolation,実測点は412-715 nmのみ。この波長はモデルによる外挿
5C,342,a,1.01,1/m,model_extrapolation,実測点は412-715 nmのみ。この波長はモデルによる外挿
5C,342,b,1.39,1/m,model_extrapolation,実測点は412-715 nmのみ。この波長はモデルによる外挿
5C,343,a,0.993,1/m,model_extrapolation,実測点は412-715 nmのみ。この波長はモデルによる外挿
5C,343,b,1.39,1/m,model_extrapolation,実測点は412-715 nmのみ。この波長はモデルによる外挿
5C,344,a,0.972,1/m,model_extrapolation,実測点は412-715 nmのみ。この波長はモデルによる外挿
5C,344,b,1.38,1/m,model_extrapolation,実測点は412-715 nmのみ。この波長はモデルによる外挿
5C,345,a,0.951,1/m,model_extrapolation,実測点は412-715 nmのみ。この波長はモデルによる外挿
5C,345,b,1.38,1/m,model_extrapolation,実測点は412-715 nmのみ。この波長はモデルによる外挿
5C,346,a,0.93,1/m,model_extrapolation,実測点は412-715 nmのみ。この波長はモデルによる外挿
5C,346,b,1.38,1/m,model_extrapolation,実測点は412-715 nmのみ。この波長はモデルによる外挿
5C,347,a,0.909,1/m,model_extrapolation,実測点は412-715 nmのみ。この波長はモデルによる外挿
5C,347,b,1.38,1/m,model_extrapolation,実測点は412-715 nmのみ。この波長はモデルによる外挿
5C,348,a,0.888,1/m,model_extrapolation,実測点は412-715 nmのみ。この波長はモデルによる外挿
5C,348,b,1.38,1/m,model_extrapolation,実測点は412-715 nmのみ。この波長はモデルによる外挿
5C,349,a,0.869,1/m,model_extrapolation,実測点は412-715 nmのみ。この波長はモデルによる外挿
5C,349,b,1.38,1/m,model_extrapolation,実測点は412-715 nmのみ。この波長はモデルによる外挿
5C,350,a,0.851,1/m,model_extrapolation,実測点は412-715 nmのみ。この波長はモデルによる外挿
5C,350,b,1.38,1/m,model_extrapolation,実測点は412-715 nmのみ。この波長はモデルによる外挿
5C,351,a,0.833,1/m,model_extrapolation,実測点は412-715 nmのみ。この波長はモデルによる外挿
5C,351,b,1.37,1/m,model_extrapolation,実測点は412-715 nmのみ。この波長はモデルによる外挿
5C,352,a,0.815,1/m,model_extrapolation,実測点は412-715 nmのみ。この波長はモデルによる外挿
5C,352,b,1.37,1/m,model_extrapolation,実測点は412-715 nmのみ。この波長はモデルによる外挿
5C,353,a,0.799,1/m,model_extrapolation,実測点は412-715 nmのみ。この波長はモデルによる外挿
5C,353,b,1.37,1/m,model_extrapolation,実測点は412-715 nmのみ。この波長はモデルによる外挿
5C,354,a,0.783,1/m,model_extrapolation,実測点は412-715 nmのみ。この波長はモデルによる外挿
5C,354,b,1.37,1/m,model_extrapolation,実測点は412-715 nmのみ。この波長はモデルによる外挿
5C,355,a,0.768,1/m,model_extrapolation,実測点は412-715 nmのみ。この波長はモデルによる外挿
5C,355,b,1.37,1/m,model_extrapolation,実測点は412-715 nmのみ。この波長はモデルによる外挿
5C,356,a,0.754,1/m,model_extrapolation,実測点は412-715 nmのみ。この波長はモデルによる外挿
5C,356,b,1.37,1/m,model_extrapolation,実測点は412-715 nmのみ。この波長はモデルによる外挿
5C,357,a,0.741,1/m,model_extrapolation,実測点は412-715 nmのみ。この波長はモデルによる外挿
5C,357,b,1.37,1/m,model_extrapolation,実測点は412-715 nmのみ。この波長はモデルによる外挿
5C,358,a,0.728,1/m,model_extrapolation,実測点は412-715 nmのみ。この波長はモデルによる外挿
5C,358,b,1.37,1/m,model_extrapolation,実測点は412-715 nmのみ。この波長はモデルによる外挿
5C,359,a,0.717,1/m,model_extrapolation,実測点は412-715 nmのみ。この波長はモデルによる外挿
5C,359,b,1.36,1/m,model_extrapolation,実測点は412-715 nmのみ。この波長はモデルによる外挿
5C,360,a,0.705,1/m,model_extrapolation,実測点は412-715 nmのみ。この波長はモデルによる外挿
5C,360,b,1.36,1/m,model_extrapolation,実測点は412-715 nmのみ。この波長はモデルによる外挿
5C,361,a,0.695,1/m,model_extrapolation,実測点は412-715 nmのみ。この波長はモデルによる外挿
5C,361,b,1.36,1/m,model_extrapolation,実測点は412-715 nmのみ。この波長はモデルによる外挿
5C,362,a,0.685,1/m,model_extrapolation,実測点は412-715 nmのみ。この波長はモデルによる外挿
5C,362,b,1.36,1/m,model_extrapolation,実測点は412-715 nmのみ。この波長はモデルによる外挿
5C,363,a,0.676,1/m,model_extrapolation,実測点は412-715 nmのみ。この波長はモデルによる外挿
5C,363,b,1.36,1/m,model_extrapolation,実測点は412-715 nmのみ。この波長はモデルによる外挿
5C,364,a,0.668,1/m,model_extrapolation,実測点は412-715 nmのみ。この波長はモデルによる外挿
5C,364,b,1.36,1/m,model_extrapolation,実測点は412-715 nmのみ。この波長はモデルによる外挿
5C,365,a,0.659,1/m,model_extrapolation,実測点は412-715 nmのみ。この波長はモデルによる外挿
5C,365,b,1.36,1/m,model_extrapolation,実測点は412-715 nmのみ。この波長はモデルによる外挿
5C,366,a,0.649,1/m,model_extrapolation,実測点は412-715 nmのみ。この波長はモデルによる外挿
5C,366,b,1.36,1/m,model_extrapolation,実測点は412-715 nmのみ。この波長はモデルによる外挿
5C,367,a,0.643,1/m,model_extrapolation,実測点は412-715 nmのみ。この波長はモデルによる外挿
5C,367,b,1.35,1/m,model_extrapolation,実測点は412-715 nmのみ。この波長はモデルによる外挿
5C,368,a,0.637,1/m,model_extrapolation,実測点は412-715 nmのみ。この波長はモデルによる外挿
5C,368,b,1.35,1/m,model_extrapolation,実測点は412-715 nmのみ。この波長はモデルによる外挿
5C,369,a,0.629,1/m,model_extrapolation,実測点は412-715 nmのみ。この波長はモデルによる外挿
5C,369,b,1.35,1/m,model_extrapolation,実測点は412-715 nmのみ。この波長はモデルによる外挿
5C,370,a,0.621,1/m,model_extrapolation,実測点は412-715 nmのみ。この波長はモデルによる外挿
5C,370,b,1.35,1/m,model_extrapolation,実測点は412-715 nmのみ。この波長はモデルによる外挿
5C,371,a,0.615,1/m,model_extrapolation,実測点は412-715 nmのみ。この波長はモデルによる外挿
5C,371,b,1.35,1/m,model_extrapolation,実測点は412-715 nmのみ。この波長はモデルによる外挿
5C,372,a,0.608,1/m,model_extrapolation,実測点は412-715 nmのみ。この波長はモデルによる外挿
5C,372,b,1.35,1/m,model_extrapolation,実測点は412-715 nmのみ。この波長はモデルによる外挿
5C,373,a,0.603,1/m,model_extrapolation,実測点は412-715 nmのみ。この波長はモデルによる外挿
5C,373,b,1.35,1/m,model_extrapolation,実測点は412-715 nmのみ。この波長はモデルによる外挿
5C,374,a,0.597,1/m,model_extrapolation,実測点は412-715 nmのみ。この波長はモデルによる外挿
5C,374,b,1.35,1/m,model_extrapolation,実測点は412-715 nmのみ。この波長はモデルによる外挿
5C,375,a,0.592,1/m,model_extrapolation,実測点は412-715 nmのみ。この波長はモデルによる外挿
5C,375,b,1.35,1/m,model_extrapolation,実測点は412-715 nmのみ。この波長はモデルによる外挿
5C,376,a,0.586,1/m,model_extrapolation,実測点は412-715 nmのみ。この波長はモデルによる外挿
5C,376,b,1.34,1/m,model_extrapolation,実測点は412-715 nmのみ。この波長はモデルによる外挿
5C,377,a,0.581,1/m,model_extrapolation,実測点は412-715 nmのみ。この波長はモデルによる外挿
5C,377,b,1.34,1/m,model_extrapolation,実測点は412-715 nmのみ。この波長はモデルによる外挿
5C,378,a,0.576,1/m,model_extrapolation,実測点は412-715 nmのみ。この波長はモデルによる外挿
5C,378,b,1.34,1/m,model_extrapolation,実測点は412-715 nmのみ。この波長はモデルによる外挿
5C,379,a,0.57,1/m,model_extrapolation,実測点は412-715 nmのみ。この波長はモデルによる外挿
5C,379,b,1.34,1/m,model_extrapolation,実測点は412-715 nmのみ。この波長はモデルによる外挿
5C,380,a,0.565,1/m,model_extrapolation,実測点は412-715 nmのみ。この波長はモデルによる外挿
5C,380,b,1.34,1/m,model_extrapolation,実測点は412-715 nmのみ。この波長はモデルによる外挿
5C,381,a,0.559,1/m,model_extrapolation,実測点は412-715 nmのみ。この波長はモデルによる外挿
5C,381,b,1.34,1/m,model_extrapolation,実測点は412-715 nmのみ。この波長はモデルによる外挿
5C,382,a,0.554,1/m,model_extrapolation,実測点は412-715 nmのみ。この波長はモデルによる外挿
5C,382,b,1.34,1/m,model_extrapolation,実測点は412-715 nmのみ。この波長はモデルによる外挿
5C,383,a,0.549,1/m,model_extrapolation,実測点は412-715 nmのみ。この波長はモデルによる外挿
5C,383,b,1.34,1/m,model_extrapolation,実測点は412-715 nmのみ。この波長はモデルによる外挿
5C,384,a,0.544,1/m,model_extrapolation,実測点は412-715 nmのみ。この波長はモデルによる外挿
5C,384,b,1.33,1/m,model_extrapolation,実測点は412-715 nmのみ。この波長はモデルによる外挿
5C,385,a,0.538,1/m,model_extrapolation,実測点は412-715 nmのみ。この波長はモデルによる外挿
5C,385,b,1.33,1/m,model_extrapolation,実測点は412-715 nmのみ。この波長はモデルによる外挿
5C,386,a,0.533,1/m,model_extrapolation,実測点は412-715 nmのみ。この波長はモデルによる外挿
5C,386,b,1.33,1/m,model_extrapolation,実測点は412-715 nmのみ。この波長はモデルによる外挿
5C,387,a,0.528,1/m,model_extrapolation,実測点は412-715 nmのみ。この波長はモデルによる外挿
5C,387,b,1.33,1/m,model_extrapolation,実測点は412-715 nmのみ。この波長はモデルによる外挿
5C,388,a,0.523,1/m,model_extrapolation,実測点は412-715 nmのみ。この波長はモデルによる外挿
5C,388,b,1.33,1/m,model_extrapolation,実測点は412-715 nmのみ。この波長はモデルによる外挿
5C,389,a,0.518,1/m,model_extrapolation,実測点は412-715 nmのみ。この波長はモデルによる外挿
5C,389,b,1.33,1/m,model_extrapolation,実測点は412-715 nmのみ。この波長はモデルによる外挿
5C,390,a,0.513,1/m,model_extrapolation,実測点は412-715 nmのみ。この波長はモデルによる外挿
5C,390,b,1.33,1/m,model_extrapolation,実測点は412-715 nmのみ。この波長はモデルによる外挿
5C,391,a,0.508,1/m,model_extrapolation,実測点は412-715 nmのみ。この波長はモデルによる外挿
5C,391,b,1.33,1/m,model_extrapolation,実測点は412-715 nmのみ。この波長はモデルによる外挿
5C,392,a,0.503,1/m,model_extrapolation,実測点は412-715 nmのみ。この波長はモデルによる外挿
5C,392,b,1.33,1/m,model_extrapolation,実測点は412-715 nmのみ。この波長はモデルによる外挿
5C,393,a,0.499,1/m,model_extrapolation,実測点は412-715 nmのみ。この波長はモデルによる外挿
5C,393,b,1.33,1/m,model_extrapolation,実測点は412-715 nmのみ。この波長はモデルによる外挿
5C,394,a,0.494,1/m,model_extrapolation,実測点は412-715 nmのみ。この波長はモデルによる外挿
5C,394,b,1.32,1/m,model_extrapolation,実測点は412-715 nmのみ。この波長はモデルによる外挿
5C,395,a,0.49,1/m,model_extrapolation,実測点は412-715 nmのみ。この波長はモデルによる外挿
5C,395,b,1.32,1/m,model_extrapolation,実測点は412-715 nmのみ。この波長はモデルによる外挿
5C,396,a,0.485,1/m,model_extrapolation,実測点は412-715 nmのみ。この波長はモデルによる外挿
5C,396,b,1.32,1/m,model_extrapolation,実測点は412-715 nmのみ。この波長はモデルによる外挿
5C,397,a,0.481,1/m,model_extrapolation,実測点は412-715 nmのみ。この波長はモデルによる外挿
5C,397,b,1.32,1/m,model_extrapolation,実測点は412-715 nmのみ。この波長はモデルによる外挿
5C,398,a,0.477,1/m,model_extrapolation,実測点は412-715 nmのみ。この波長はモデルによる外挿
5C,398,b,1.32,1/m,model_extrapolation,実測点は412-715 nmのみ。この波長はモデルによる外挿
5C,399,a,0.473,1/m,model_extrapolation,実測点は412-715 nmのみ。この波長はモデルによる外挿
5C,399,b,1.32,1/m,model_extrapolation,実測点は412-715 nmのみ。この波長はモデルによる外挿
5C,400,a,0.469,1/m,model_extrapolation,実測点は412-715 nmのみ。この波長はモデルによる外挿
5C,400,b,1.32,1/m,model_extrapolation,実測点は412-715 nmのみ。この波長はモデルによる外挿
5C,401,a,0.466,1/m,model_extrapolation,実測点は412-715 nmのみ。この波長はモデルによる外挿
5C,401,b,1.32,1/m,model_extrapolation,実測点は412-715 nmのみ。この波長はモデルによる外挿
5C,402,a,0.463,1/m,model_extrapolation,実測点は412-715 nmのみ。この波長はモデルによる外挿
5C,402,b,1.32,1/m,model_extrapolation,実測点は412-715 nmのみ。この波長はモデルによる外挿
5C,403,a,0.459,1/m,model_extrapolation,実測点は412-715 nmのみ。この波長はモデルによる外挿
5C,403,b,1.31,1/m,model_extrapolation,実測点は412-715 nmのみ。この波長はモデルによる外挿
5C,404,a,0.456,1/m,model_extrapolation,実測点は412-715 nmのみ。この波長はモデルによる外挿
5C,404,b,1.31,1/m,model_extrapolation,実測点は412-715 nmのみ。この波長はモデルによる外挿
5C,405,a,0.453,1/m,model_extrapolation,実測点は412-715 nmのみ。この波長はモデルによる外挿
5C,405,b,1.31,1/m,model_extrapolation,実測点は412-715 nmのみ。この波長はモデルによる外挿
5C,406,a,0.451,1/m,model_extrapolation,実測点は412-715 nmのみ。この波長はモデルによる外挿
5C,406,b,1.31,1/m,model_extrapolation,実測点は412-715 nmのみ。この波長はモデルによる外挿
5C,407,a,0.448,1/m,model_extrapolation,実測点は412-715 nmのみ。この波長はモデルによる外挿
5C,407,b,1.31,1/m,model_extrapolation,実測点は412-715 nmのみ。この波長はモデルによる外挿
5C,408,a,0.446,1/m,model_extrapolation,実測点は412-715 nmのみ。この波長はモデルによる外挿
5C,408,b,1.31,1/m,model_extrapolation,実測点は412-715 nmのみ。この波長はモデルによる外挿
5C,409,a,0.443,1/m,model_extrapolation,実測点は412-715 nmのみ。この波長はモデルによる外挿
5C,409,b,1.31,1/m,model_extrapolation,実測点は412-715 nmのみ。この波長はモデルによる外挿
5C,410,a,0.441,1/m,model_extrapolation,実測点は412-715 nmのみ。この波長はモデルによる外挿
5C,410,b,1.31,1/m,model_extrapolation,実測点は412-715 nmのみ。この波長はモデルによる外挿
5C,411,a,0.439,1/m,model_extrapolation,実測点は412-715 nmのみ。この波長はモデルによる外挿
5C,411,b,1.31,1/m,model_extrapolation,実測点は412-715 nmのみ。この波長はモデルによる外挿
5C,412,a,0.436,1/m,ok,
5C,412,b,1.31,1/m,ok,
5C,413,a,0.434,1/m,ok,
5C,413,b,1.3,1/m,ok,
5C,414,a,0.431,1/m,ok,
5C,414,b,1.3,1/m,ok,
5C,415,a,0.428,1/m,ok,
5C,415,b,1.3,1/m,ok,
5C,416,a,0.426,1/m,ok,
5C,416,b,1.3,1/m,ok,
5C,417,a,0.423,1/m,ok,
5C,417,b,1.3,1/m,ok,
5C,418,a,0.42,1/m,ok,
5C,418,b,1.3,1/m,ok,
5C,419,a,0.417,1/m,ok,
5C,419,b,1.3,1/m,ok,
5C,420,a,0.414,1/m,ok,
5C,420,b,1.3,1/m,ok,
5C,421,a,0.41,1/m,ok,
5C,421,b,1.3,1/m,ok,
5C,422,a,0.406,1/m,ok,
5C,422,b,1.3,1/m,ok,
5C,423,a,0.402,1/m,ok,
5C,423,b,1.29,1/m,ok,
5C,424,a,0.398,1/m,ok,
5C,424,b,1.29,1/m,ok,
5C,425,a,0.395,1/m,ok,
5C,425,b,1.29,1/m,ok,
5C,426,a,0.393,1/m,ok,
5C,426,b,1.29,1/m,ok,
5C,427,a,0.391,1/m,ok,
5C,427,b,1.29,1/m,ok,
5C,428,a,0.389,1/m,ok,
5C,428,b,1.29,1/m,ok,
5C,429,a,0.388,1/m,ok,
5C,429,b,1.29,1/m,ok,
5C,430,a,0.388,1/m,ok,
5C,430,b,1.29,1/m,ok,
5C,431,a,0.385,1/m,ok,
5C,431,b,1.29,1/m,ok,
5C,432,a,0.382,1/m,ok,
5C,432,b,1.29,1/m,ok,
5C,433,a,0.379,1/m,ok,
5C,433,b,1.29,1/m,ok,
5C,434,a,0.375,1/m,ok,
5C,434,b,1.28,1/m,ok,
5C,435,a,0.372,1/m,ok,
5C,435,b,1.28,1/m,ok,
5C,436,a,0.37,1/m,ok,
5C,436,b,1.28,1/m,ok,
5C,437,a,0.366,1/m,ok,
5C,437,b,1.28,1/m,ok,
5C,438,a,0.363,1/m,ok,
5C,438,b,1.28,1/m,ok,
5C,439,a,0.361,1/m,ok,
5C,439,b,1.28,1/m,ok,
5C,440,a,0.359,1/m,ok,
5C,440,b,1.28,1/m,ok,
5C,441,a,0.354,1/m,ok,
5C,441,b,1.28,1/m,ok,
5C,442,a,0.35,1/m,ok,
5C,442,b,1.28,1/m,ok,
5C,443,a,0.344,1/m,ok,
5C,443,b,1.28,1/m,ok,
5C,444,a,0.339,1/m,ok,
5C,444,b,1.28,1/m,ok,
5C,445,a,0.334,1/m,ok,
5C,445,b,1.27,1/m,ok,
5C,446,a,0.329,1/m,ok,
5C,446,b,1.27,1/m,ok,
5C,447,a,0.324,1/m,ok,
5C,447,b,1.27,1/m,ok,
5C,448,a,0.319,1/m,ok,
5C,448,b,1.27,1/m,ok,
5C,449,a,0.316,1/m,ok,
5C,449,b,1.27,1/m,ok,
5C,450,a,0.313,1/m,ok,
5C,450,b,1.27,1/m,ok,
5C,451,a,0.31,1/m,ok,
5C,451,b,1.27,1/m,ok,
5C,452,a,0.306,1/m,ok,
5C,452,b,1.27,1/m,ok,
5C,453,a,0.302,1/m,ok,
5C,453,b,1.27,1/m,ok,
5C,454,a,0.298,1/m,ok,
5C,454,b,1.27,1/m,ok,
5C,455,a,0.295,1/m,ok,
5C,455,b,1.27,1/m,ok,
5C,456,a,0.292,1/m,ok,
5C,456,b,1.26,1/m,ok,
5C,457,a,0.289,1/m,ok,
5C,457,b,1.26,1/m,ok,
5C,458,a,0.286,1/m,ok,
5C,458,b,1.26,1/m,ok,
5C,459,a,0.285,1/m,ok,
5C,459,b,1.26,1/m,ok,
5C,460,a,0.283,1/m,ok,
5C,460,b,1.26,1/m,ok,
5C,461,a,0.281,1/m,ok,
5C,461,b,1.26,1/m,ok,
5C,462,a,0.278,1/m,ok,
5C,462,b,1.26,1/m,ok,
5C,463,a,0.275,1/m,ok,
5C,463,b,1.26,1/m,ok,
5C,464,a,0.272,1/m,ok,
5C,464,b,1.26,1/m,ok,
5C,465,a,0.27,1/m,ok,
5C,465,b,1.26,1/m,ok,
5C,466,a,0.267,1/m,ok,
5C,466,b,1.26,1/m,ok,
5C,467,a,0.265,1/m,ok,
5C,467,b,1.26,1/m,ok,
5C,468,a,0.262,1/m,ok,
5C,468,b,1.25,1/m,ok,
5C,469,a,0.26,1/m,ok,
5C,469,b,1.25,1/m,ok,
5C,470,a,0.258,1/m,ok,
5C,470,b,1.25,1/m,ok,
5C,471,a,0.255,1/m,ok,
5C,471,b,1.25,1/m,ok,
5C,472,a,0.252,1/m,ok,
5C,472,b,1.25,1/m,ok,
5C,473,a,0.249,1/m,ok,
5C,473,b,1.25,1/m,ok,
5C,474,a,0.246,1/m,ok,
5C,474,b,1.25,1/m,ok,
5C,475,a,0.243,1/m,ok,
5C,475,b,1.25,1/m,ok,
5C,476,a,0.24,1/m,ok,
5C,476,b,1.25,1/m,ok,
5C,477,a,0.237,1/m,ok,
5C,477,b,1.25,1/m,ok,
5C,478,a,0.234,1/m,ok,
5C,478,b,1.25,1/m,ok,
5C,479,a,0.232,1/m,ok,
5C,479,b,1.25,1/m,ok,
5C,480,a,0.23,1/m,ok,
5C,480,b,1.24,1/m,ok,
5C,481,a,0.228,1/m,ok,
5C,481,b,1.24,1/m,ok,
5C,482,a,0.226,1/m,ok,
5C,482,b,1.24,1/m,ok,
5C,483,a,0.224,1/m,ok,
5C,483,b,1.24,1/m,ok,
5C,484,a,0.222,1/m,ok,
5C,484,b,1.24,1/m,ok,
5C,485,a,0.22,1/m,ok,
5C,485,b,1.24,1/m,ok,
5C,486,a,0.218,1/m,ok,
5C,486,b,1.24,1/m,ok,
5C,487,a,0.217,1/m,ok,
5C,487,b,1.24,1/m,ok,
5C,488,a,0.215,1/m,ok,
5C,488,b,1.24,1/m,ok,
5C,489,a,0.214,1/m,ok,
5C,489,b,1.24,1/m,ok,
5C,490,a,0.213,1/m,ok,
5C,490,b,1.24,1/m,ok,
5C,491,a,0.212,1/m,ok,
5C,491,b,1.24,1/m,ok,
5C,492,a,0.21,1/m,ok,
5C,492,b,1.24,1/m,ok,
5C,493,a,0.208,1/m,ok,
5C,493,b,1.23,1/m,ok,
5C,494,a,0.207,1/m,ok,
5C,494,b,1.23,1/m,ok,
5C,495,a,0.205,1/m,ok,
5C,495,b,1.23,1/m,ok,
5C,496,a,0.204,1/m,ok,
5C,496,b,1.23,1/m,ok,
5C,497,a,0.202,1/m,ok,
5C,497,b,1.23,1/m,ok,
5C,498,a,0.201,1/m,ok,
5C,498,b,1.23,1/m,ok,
5C,499,a,0.2,1/m,ok,
5C,499,b,1.23,1/m,ok,
5C,500,a,0.199,1/m,ok,
5C,500,b,1.23,1/m,ok,
5C,501,a,0.197,1/m,ok,
5C,501,b,1.23,1/m,ok,
5C,502,a,0.196,1/m,ok,
5C,502,b,1.23,1/m,ok,
5C,503,a,0.195,1/m,ok,
5C,503,b,1.23,1/m,ok,
5C,504,a,0.194,1/m,ok,
5C,504,b,1.23,1/m,ok,
5C,505,a,0.193,1/m,ok,
5C,505,b,1.23,1/m,ok,
5C,506,a,0.192,1/m,ok,
5C,506,b,1.22,1/m,ok,
5C,507,a,0.191,1/m,ok,
5C,507,b,1.22,1/m,ok,
5C,508,a,0.19,1/m,ok,
5C,508,b,1.22,1/m,ok,
5C,509,a,0.189,1/m,ok,
5C,509,b,1.22,1/m,ok,
5C,510,a,0.188,1/m,ok,
5C,510,b,1.22,1/m,ok,
5C,511,a,0.187,1/m,ok,
5C,511,b,1.22,1/m,ok,
5C,512,a,0.186,1/m,ok,
5C,512,b,1.22,1/m,ok,
5C,513,a,0.185,1/m,ok,
5C,513,b,1.22,1/m,ok,
5C,514,a,0.184,1/m,ok,
5C,514,b,1.22,1/m,ok,
5C,515,a,0.184,1/m,ok,
5C,515,b,1.22,1/m,ok,
5C,516,a,0.183,1/m,ok,
5C,516,b,1.22,1/m,ok,
5C,517,a,0.183,1/m,ok,
5C,517,b,1.22,1/m,ok,
5C,518,a,0.182,1/m,ok,
5C,518,b,1.22,1/m,ok,
5C,519,a,0.181,1/m,ok,
5C,519,b,1.22,1/m,ok,
5C,520,a,0.18,1/m,ok,
5C,520,b,1.21,1/m,ok,
5C,521,a,0.179,1/m,ok,
5C,521,b,1.21,1/m,ok,
5C,522,a,0.178,1/m,ok,
5C,522,b,1.21,1/m,ok,
5C,523,a,0.177,1/m,ok,
5C,523,b,1.21,1/m,ok,
5C,524,a,0.175,1/m,ok,
5C,524,b,1.21,1/m,ok,
5C,525,a,0.174,1/m,ok,
5C,525,b,1.21,1/m,ok,
5C,526,a,0.173,1/m,ok,
5C,526,b,1.21,1/m,ok,
5C,527,a,0.172,1/m,ok,
5C,527,b,1.21,1/m,ok,
5C,528,a,0.17,1/m,ok,
5C,528,b,1.21,1/m,ok,
5C,529,a,0.169,1/m,ok,
5C,529,b,1.21,1/m,ok,
5C,530,a,0.169,1/m,ok,
5C,530,b,1.21,1/m,ok,
5C,531,a,0.168,1/m,ok,
5C,531,b,1.21,1/m,ok,
5C,532,a,0.168,1/m,ok,
5C,532,b,1.21,1/m,ok,
5C,533,a,0.167,1/m,ok,
5C,533,b,1.21,1/m,ok,
5C,534,a,0.166,1/m,ok,
5C,534,b,1.2,1/m,ok,
5C,535,a,0.165,1/m,ok,
5C,535,b,1.2,1/m,ok,
5C,536,a,0.165,1/m,ok,
5C,536,b,1.2,1/m,ok,
5C,537,a,0.164,1/m,ok,
5C,537,b,1.2,1/m,ok,
5C,538,a,0.163,1/m,ok,
5C,538,b,1.2,1/m,ok,
5C,539,a,0.163,1/m,ok,
5C,539,b,1.2,1/m,ok,
5C,540,a,0.163,1/m,ok,
5C,540,b,1.2,1/m,ok,
5C,541,a,0.162,1/m,ok,
5C,541,b,1.2,1/m,ok,
5C,542,a,0.161,1/m,ok,
5C,542,b,1.2,1/m,ok,
5C,543,a,0.161,1/m,ok,
5C,543,b,1.2,1/m,ok,
5C,544,a,0.162,1/m,ok,
5C,544,b,1.2,1/m,ok,
5C,545,a,0.161,1/m,ok,
5C,545,b,1.2,1/m,ok,
5C,546,a,0.161,1/m,ok,
5C,546,b,1.2,1/m,ok,
5C,547,a,0.16,1/m,ok,
5C,547,b,1.2,1/m,ok,
5C,548,a,0.159,1/m,ok,
5C,548,b,1.2,1/m,ok,
5C,549,a,0.159,1/m,ok,
5C,549,b,1.19,1/m,ok,
5C,550,a,0.159,1/m,ok,
5C,550,b,1.19,1/m,ok,
5C,551,a,0.159,1/m,ok,
5C,551,b,1.19,1/m,ok,
5C,552,a,0.159,1/m,ok,
5C,552,b,1.19,1/m,ok,
5C,553,a,0.158,1/m,ok,
5C,553,b,1.19,1/m,ok,
5C,554,a,0.157,1/m,ok,
5C,554,b,1.19,1/m,ok,
5C,555,a,0.157,1/m,ok,
5C,555,b,1.19,1/m,ok,
5C,556,a,0.156,1/m,ok,
5C,556,b,1.19,1/m,ok,
5C,557,a,0.155,1/m,ok,
5C,557,b,1.19,1/m,ok,
5C,558,a,0.154,1/m,ok,
5C,558,b,1.19,1/m,ok,
5C,559,a,0.153,1/m,ok,
5C,559,b,1.19,1/m,ok,
5C,560,a,0.152,1/m,ok,
5C,560,b,1.19,1/m,ok,
5C,561,a,0.152,1/m,ok,
5C,561,b,1.19,1/m,ok,
5C,562,a,0.152,1/m,ok,
5C,562,b,1.19,1/m,ok,
5C,563,a,0.151,1/m,ok,
5C,563,b,1.19,1/m,ok,
5C,564,a,0.15,1/m,ok,
5C,564,b,1.18,1/m,ok,
5C,565,a,0.15,1/m,ok,
5C,565,b,1.18,1/m,ok,
5C,566,a,0.15,1/m,ok,
5C,566,b,1.18,1/m,ok,
5C,567,a,0.15,1/m,ok,
5C,567,b,1.18,1/m,ok,
5C,568,a,0.15,1/m,ok,
5C,568,b,1.18,1/m,ok,
5C,569,a,0.151,1/m,ok,
5C,569,b,1.18,1/m,ok,
5C,570,a,0.151,1/m,ok,
5C,570,b,1.18,1/m,ok,
5C,571,a,0.152,1/m,ok,
5C,571,b,1.18,1/m,ok,
5C,572,a,0.153,1/m,ok,
5C,572,b,1.18,1/m,ok,
5C,573,a,0.154,1/m,ok,
5C,573,b,1.18,1/m,ok,
5C,574,a,0.155,1/m,ok,
5C,574,b,1.18,1/m,ok,
5C,575,a,0.156,1/m,ok,
5C,575,b,1.18,1/m,ok,
5C,576,a,0.158,1/m,ok,
5C,576,b,1.18,1/m,ok,
5C,577,a,0.159,1/m,ok,
5C,577,b,1.18,1/m,ok,
5C,578,a,0.161,1/m,ok,
5C,578,b,1.18,1/m,ok,
5C,579,a,0.163,1/m,ok,
5C,579,b,1.18,1/m,ok,
5C,580,a,0.166,1/m,ok,
5C,580,b,1.17,1/m,ok,
5C,581,a,0.168,1/m,ok,
5C,581,b,1.17,1/m,ok,
5C,582,a,0.17,1/m,ok,
5C,582,b,1.17,1/m,ok,
5C,583,a,0.174,1/m,ok,
5C,583,b,1.17,1/m,ok,
5C,584,a,0.177,1/m,ok,
5C,584,b,1.17,1/m,ok,
5C,585,a,0.181,1/m,ok,
5C,585,b,1.17,1/m,ok,
5C,586,a,0.185,1/m,ok,
5C,586,b,1.17,1/m,ok,
5C,587,a,0.189,1/m,ok,
5C,587,b,1.17,1/m,ok,
5C,588,a,0.194,1/m,ok,
5C,588,b,1.17,1/m,ok,
5C,589,a,0.198,1/m,ok,
5C,589,b,1.17,1/m,ok,
5C,590,a,0.203,1/m,ok,
5C,590,b,1.17,1/m,ok,
5C,591,a,0.208,1/m,ok,
5C,591,b,1.17,1/m,ok,
5C,592,a,0.213,1/m,ok,
5C,592,b,1.17,1/m,ok,
5C,593,a,0.217,1/m,ok,
5C,593,b,1.17,1/m,ok,
5C,594,a,0.222,1/m,ok,
5C,594,b,1.17,1/m,ok,
5C,595,a,0.228,1/m,ok,
5C,595,b,1.17,1/m,ok,
5C,596,a,0.234,1/m,ok,
5C,596,b,1.16,1/m,ok,
5C,597,a,0.241,1/m,ok,
5C,597,b,1.16,1/m,ok,
5C,598,a,0.249,1/m,ok,
5C,598,b,1.16,1/m,ok,
5C,599,a,0.267,1/m,ok,
5C,599,b,1.16,1/m,ok,
5C,600,a,0.285,1/m,ok,
5C,600,b,1.16,1/m,ok,
5C,601,a,0.292,1/m,ok,
5C,601,b,1.16,1/m,ok,
5C,602,a,0.299,1/m,ok,
5C,602,b,1.16,1/m,ok,
5C,603,a,0.303,1/m,ok,
5C,603,b,1.16,1/m,ok,
5C,604,a,0.307,1/m,ok,
5C,604,b,1.16,1/m,ok,
5C,605,a,0.314,1/m,ok,
5C,605,b,1.16,1/m,ok,
5C,606,a,0.321,1/m,ok,
5C,606,b,1.16,1/m,ok,
5C,607,a,0.324,1/m,ok,
5C,607,b,1.16,1/m,ok,
5C,608,a,0.328,1/m,ok,
5C,608,b,1.16,1/m,ok,
5C,609,a,0.33,1/m,ok,
5C,609,b,1.16,1/m,ok,
5C,610,a,0.333,1/m,ok,
5C,610,b,1.16,1/m,ok,
5C,611,a,0.334,1/m,ok,
5C,611,b,1.16,1/m,ok,
5C,612,a,0.336,1/m,ok,
5C,612,b,1.16,1/m,ok,
5C,613,a,0.338,1/m,ok,
5C,613,b,1.15,1/m,ok,
5C,614,a,0.34,1/m,ok,
5C,614,b,1.15,1/m,ok,
5C,615,a,0.341,1/m,ok,
5C,615,b,1.15,1/m,ok,
5C,616,a,0.343,1/m,ok,
5C,616,b,1.15,1/m,ok,
5C,617,a,0.344,1/m,ok,
5C,617,b,1.15,1/m,ok,
5C,618,a,0.346,1/m,ok,
5C,618,b,1.15,1/m,ok,
5C,619,a,0.348,1/m,ok,
5C,619,b,1.15,1/m,ok,
5C,620,a,0.349,1/m,ok,
5C,620,b,1.15,1/m,ok,
5C,621,a,0.351,1/m,ok,
5C,621,b,1.15,1/m,ok,
5C,622,a,0.352,1/m,ok,
5C,622,b,1.15,1/m,ok,
5C,623,a,0.354,1/m,ok,
5C,623,b,1.15,1/m,ok,
5C,624,a,0.355,1/m,ok,
5C,624,b,1.15,1/m,ok,
5C,625,a,0.357,1/m,ok,
5C,625,b,1.15,1/m,ok,
5C,626,a,0.358,1/m,ok,
5C,626,b,1.15,1/m,ok,
5C,627,a,0.36,1/m,ok,
5C,627,b,1.15,1/m,ok,
5C,628,a,0.362,1/m,ok,
5C,628,b,1.15,1/m,ok,
5C,629,a,0.363,1/m,ok,
5C,629,b,1.15,1/m,ok,
5C,630,a,0.365,1/m,ok,
5C,630,b,1.15,1/m,ok,
5C,631,a,0.367,1/m,ok,
5C,631,b,1.14,1/m,ok,
5C,632,a,0.369,1/m,ok,
5C,632,b,1.14,1/m,ok,
5C,633,a,0.37,1/m,ok,
5C,633,b,1.14,1/m,ok,
5C,634,a,0.372,1/m,ok,
5C,634,b,1.14,1/m,ok,
5C,635,a,0.373,1/m,ok,
5C,635,b,1.14,1/m,ok,
5C,636,a,0.375,1/m,ok,
5C,636,b,1.14,1/m,ok,
5C,637,a,0.377,1/m,ok,
5C,637,b,1.14,1/m,ok,
5C,638,a,0.379,1/m,ok,
5C,638,b,1.14,1/m,ok,
5C,639,a,0.38,1/m,ok,
5C,639,b,1.14,1/m,ok,
5C,640,a,0.382,1/m,ok,
5C,640,b,1.14,1/m,ok,
5C,641,a,0.383,1/m,ok,
5C,641,b,1.14,1/m,ok,
5C,642,a,0.384,1/m,ok,
5C,642,b,1.14,1/m,ok,
5C,643,a,0.386,1/m,ok,
5C,643,b,1.14,1/m,ok,
5C,644,a,0.388,1/m,ok,
5C,644,b,1.14,1/m,ok,
5C,645,a,0.39,1/m,ok,
5C,645,b,1.14,1/m,ok,
5C,646,a,0.392,1/m,ok,
5C,646,b,1.14,1/m,ok,
5C,647,a,0.394,1/m,ok,
5C,647,b,1.14,1/m,ok,
5C,648,a,0.396,1/m,ok,
5C,648,b,1.14,1/m,ok,
5C,649,a,0.399,1/m,ok,
5C,649,b,1.14,1/m,ok,
5C,650,a,0.402,1/m,ok,
5C,650,b,1.13,1/m,ok,
5C,651,a,0.405,1/m,ok,
5C,651,b,1.13,1/m,ok,
5C,652,a,0.408,1/m,ok,
5C,652,b,1.13,1/m,ok,
5C,653,a,0.412,1/m,ok,
5C,653,b,1.13,1/m,ok,
5C,654,a,0.417,1/m,ok,
5C,654,b,1.13,1/m,ok,
5C,655,a,0.423,1/m,ok,
5C,655,b,1.13,1/m,ok,
5C,656,a,0.429,1/m,ok,
5C,656,b,1.13,1/m,ok,
5C,657,a,0.438,1/m,ok,
5C,657,b,1.13,1/m,ok,
5C,658,a,0.448,1/m,ok,
5C,658,b,1.13,1/m,ok,
5C,659,a,0.459,1/m,ok,
5C,659,b,1.13,1/m,ok,
5C,660,a,0.47,1/m,ok,
5C,660,b,1.13,1/m,ok,
5C,661,a,0.482,1/m,ok,
5C,661,b,1.13,1/m,ok,
5C,662,a,0.493,1/m,ok,
5C,662,b,1.13,1/m,ok,
5C,663,a,0.502,1/m,ok,
5C,663,b,1.13,1/m,ok,
5C,664,a,0.51,1/m,ok,
5C,664,b,1.13,1/m,ok,
5C,665,a,0.517,1/m,ok,
5C,665,b,1.13,1/m,ok,
5C,666,a,0.524,1/m,ok,
5C,666,b,1.13,1/m,ok,
5C,667,a,0.53,1/m,ok,
5C,667,b,1.13,1/m,ok,
5C,668,a,0.535,1/m,ok,
5C,668,b,1.13,1/m,ok,
5C,669,a,0.54,1/m,ok,
5C,669,b,1.12,1/m,ok,
5C,670,a,0.545,1/m,ok,
5C,670,b,1.12,1/m,ok,
5C,671,a,0.548,1/m,ok,
5C,671,b,1.12,1/m,ok,
5C,672,a,0.551,1/m,ok,
5C,672,b,1.12,1/m,ok,
5C,673,a,0.553,1/m,ok,
5C,673,b,1.12,1/m,ok,
5C,674,a,0.555,1/m,ok,
5C,674,b,1.12,1/m,ok,
5C,675,a,0.557,1/m,ok,
5C,675,b,1.12,1/m,ok,
5C,676,a,0.559,1/m,ok,
5C,676,b,1.12,1/m,ok,
5C,677,a,0.559,1/m,ok,
5C,677,b,1.12,1/m,ok,
5C,678,a,0.56,1/m,ok,
5C,678,b,1.12,1/m,ok,
5C,679,a,0.559,1/m,ok,
5C,679,b,1.12,1/m,ok,
5C,680,a,0.558,1/m,ok,
5C,680,b,1.12,1/m,ok,
5C,681,a,0.558,1/m,ok,
5C,681,b,1.12,1/m,ok,
5C,682,a,0.557,1/m,ok,
5C,682,b,1.12,1/m,ok,
5C,683,a,0.556,1/m,ok,
5C,683,b,1.12,1/m,ok,
5C,684,a,0.554,1/m,ok,
5C,684,b,1.12,1/m,ok,
5C,685,a,0.553,1/m,ok,
5C,685,b,1.12,1/m,ok,
5C,686,a,0.552,1/m,ok,
5C,686,b,1.12,1/m,ok,
5C,687,a,0.552,1/m,ok,
5C,687,b,1.12,1/m,ok,
5C,688,a,0.551,1/m,ok,
5C,688,b,1.12,1/m,ok,
5C,689,a,0.551,1/m,ok,
5C,689,b,1.11,1/m,ok,
5C,690,a,0.552,1/m,ok,
5C,690,b,1.11,1/m,ok,
5C,691,a,0.553,1/m,ok,
5C,691,b,1.11,1/m,ok,
5C,692,a,0.555,1/m,ok,
5C,692,b,1.11,1/m,ok,
5C,693,a,0.56,1/m,ok,
5C,693,b,1.11,1/m,ok,
5C,694,a,0.564,1/m,ok,
5C,694,b,1.11,1/m,ok,
5C,695,a,0.57,1/m,ok,
5C,695,b,1.11,1/m,ok,
5C,696,a,0.576,1/m,ok,
5C,696,b,1.11,1/m,ok,
5C,697,a,0.584,1/m,ok,
5C,697,b,1.11,1/m,ok,
5C,698,a,0.593,1/m,ok,
5C,698,b,1.11,1/m,ok,
5C,699,a,0.603,1/m,ok,
5C,699,b,1.11,1/m,ok,
5C,700,a,0.614,1/m,ok,
5C,700,b,1.11,1/m,ok,
5C,701,a,0.625,1/m,ok,
5C,701,b,1.11,1/m,ok,
5C,702,a,0.636,1/m,ok,
5C,702,b,1.11,1/m,ok,
5C,703,a,0.649,1/m,ok,
5C,703,b,1.11,1/m,ok,
5C,704,a,0.661,1/m,ok,
5C,704,b,1.11,1/m,ok,
5C,705,a,0.675,1/m,ok,
5C,705,b,1.11,1/m,ok,
5C,706,a,0.689,1/m,ok,
5C,706,b,1.11,1/m,ok,
5C,707,a,0.704,1/m,ok,
5C,707,b,1.11,1/m,ok,
5C,708,a,0.72,1/m,ok,
5C,708,b,1.11,1/m,ok,
5C,709,a,0.739,1/m,ok,
5C,709,b,1.11,1/m,ok,
5C,710,a,0.757,1/m,ok,
5C,710,b,1.1,1/m,ok,
5C,711,a,0.779,1/m,ok,
5C,711,b,1.1,1/m,ok,
5C,712,a,0.8,1/m,ok,
5C,712,b,1.1,1/m,ok,
5C,713,a,0.825,1/m,ok,
5C,713,b,1.1,1/m,ok,
5C,714,a,0.85,1/m,ok,
5C,714,b,1.1,1/m,ok,
5C,715,a,0.881,1/m,ok,
5C,715,b,1.1,1/m,ok,
5C,716,a,0.914,1/m,model_extrapolation,実測点は412-715 nmのみ。この波長はモデルによる外挿
5C,716,b,1.1,1/m,model_extrapolation,実測点は412-715 nmのみ。この波長はモデルによる外挿
5C,717,a,0.951,1/m,model_extrapolation,実測点は412-715 nmのみ。この波長はモデルによる外挿
5C,717,b,1.1,1/m,model_extrapolation,実測点は412-715 nmのみ。この波長はモデルによる外挿
5C,718,a,0.989,1/m,model_extrapolation,実測点は412-715 nmのみ。この波長はモデルによる外挿
5C,718,b,1.1,1/m,model_extrapolation,実測点は412-715 nmのみ。この波長はモデルによる外挿
5C,719,a,1.03,1/m,model_extrapolation,実測点は412-715 nmのみ。この波長はモデルによる外挿
5C,719,b,1.1,1/m,model_extrapolation,実測点は412-715 nmのみ。この波長はモデルによる外挿
5C,720,a,1.07,1/m,model_extrapolation,実測点は412-715 nmのみ。この波長はモデルによる外挿
5C,720,b,1.1,1/m,model_extrapolation,実測点は412-715 nmのみ。この波長はモデルによる外挿
5C,721,a,1.12,1/m,model_extrapolation,実測点は412-715 nmのみ。この波長はモデルによる外挿
5C,721,b,1.1,1/m,model_extrapolation,実測点は412-715 nmのみ。この波長はモデルによる外挿
5C,722,a,1.17,1/m,model_extrapolation,実測点は412-715 nmのみ。この波長はモデルによる外挿
5C,722,b,1.1,1/m,model_extrapolation,実測点は412-715 nmのみ。この波長はモデルによる外挿
5C,723,a,1.22,1/m,model_extrapolation,実測点は412-715 nmのみ。この波長はモデルによる外挿
5C,723,b,1.1,1/m,model_extrapolation,実測点は412-715 nmのみ。この波長はモデルによる外挿
5C,724,a,1.27,1/m,model_extrapolation,実測点は412-715 nmのみ。この波長はモデルによる外挿
5C,724,b,1.1,1/m,model_extrapolation,実測点は412-715 nmのみ。この波長はモデルによる外挿
5C,725,a,1.32,1/m,model_extrapolation,実測点は412-715 nmのみ。この波長はモデルによる外挿
5C,725,b,1.1,1/m,model_extrapolation,実測点は412-715 nmのみ。この波長はモデルによる外挿
5C,726,a,1.37,1/m,model_extrapolation,実測点は412-715 nmのみ。この波長はモデルによる外挿
5C,726,b,1.1,1/m,model_extrapolation,実測点は412-715 nmのみ。この波長はモデルによる外挿
5C,727,a,1.43,1/m,model_extrapolation,実測点は412-715 nmのみ。この波長はモデルによる外挿
5C,727,b,1.1,1/m,model_extrapolation,実測点は412-715 nmのみ。この波長はモデルによる外挿
5C,728,a,1.49,1/m,model_extrapolation,実測点は412-715 nmのみ。この波長はモデルによる外挿
5C,728,b,1.1,1/m,model_extrapolation,実測点は412-715 nmのみ。この波長はモデルによる外挿
5C,729,a,1.55,1/m,model_extrapolation,実測点は412-715 nmのみ。この波長はモデルによる外挿
5C,729,b,1.1,1/m,model_extrapolation,実測点は412-715 nmのみ。この波長はモデルによる外挿
5C,730,a,1.62,1/m,model_extrapolation,実測点は412-715 nmのみ。この波長はモデルによる外挿
5C,730,b,1.1,1/m,model_extrapolation,実測点は412-715 nmのみ。この波長はモデルによる外挿
5C,731,a,1.71,1/m,model_extrapolation,実測点は412-715 nmのみ。この波長はモデルによる外挿
5C,731,b,1.1,1/m,model_extrapolation,実測点は412-715 nmのみ。この波長はモデルによる外挿
5C,732,a,1.79,1/m,model_extrapolation,実測点は412-715 nmのみ。この波長はモデルによる外挿
5C,732,b,1.09,1/m,model_extrapolation,実測点は412-715 nmのみ。この波長はモデルによる外挿
5C,733,a,1.89,1/m,model_extrapolation,実測点は412-715 nmのみ。この波長はモデルによる外挿
5C,733,b,1.09,1/m,model_extrapolation,実測点は412-715 nmのみ。この波長はモデルによる外挿
5C,734,a,1.99,1/m,model_extrapolation,実測点は412-715 nmのみ。この波長はモデルによる外挿
5C,734,b,1.09,1/m,model_extrapolation,実測点は412-715 nmのみ。この波長はモデルによる外挿
5C,735,a,2.1,1/m,model_extrapolation,実測点は412-715 nmのみ。この波長はモデルによる外挿
5C,735,b,1.09,1/m,model_extrapolation,実測点は412-715 nmのみ。この波長はモデルによる外挿
5C,736,a,2.21,1/m,model_extrapolation,実測点は412-715 nmのみ。この波長はモデルによる外挿
5C,736,b,1.09,1/m,model_extrapolation,実測点は412-715 nmのみ。この波長はモデルによる外挿
5C,737,a,2.3,1/m,model_extrapolation,実測点は412-715 nmのみ。この波長はモデルによる外挿
5C,737,b,1.09,1/m,model_extrapolation,実測点は412-715 nmのみ。この波長はモデルによる外挿
5C,738,a,2.39,1/m,model_extrapolation,実測点は412-715 nmのみ。この波長はモデルによる外挿
5C,738,b,1.09,1/m,model_extrapolation,実測点は412-715 nmのみ。この波長はモデルによる外挿
5C,739,a,2.46,1/m,model_extrapolation,実測点は412-715 nmのみ。この波長はモデルによる外挿
5C,739,b,1.09,1/m,model_extrapolation,実測点は412-715 nmのみ。この波長はモデルによる外挿
5C,740,a,2.53,1/m,model_extrapolation,実測点は412-715 nmのみ。この波長はモデルによる外挿
5C,740,b,1.09,1/m,model_extrapolation,実測点は412-715 nmのみ。この波長はモデルによる外挿
5C,741,a,2.58,1/m,model_extrapolation,実測点は412-715 nmのみ。この波長はモデルによる外挿
5C,741,b,1.09,1/m,model_extrapolation,実測点は412-715 nmのみ。この波長はモデルによる外挿
5C,742,a,2.62,1/m,model_extrapolation,実測点は412-715 nmのみ。この波長はモデルによる外挿
5C,742,b,1.09,1/m,model_extrapolation,実測点は412-715 nmのみ。この波長はモデルによる外挿
5C,743,a,2.65,1/m,model_extrapolation,実測点は412-715 nmのみ。この波長はモデルによる外挿
5C,743,b,1.09,1/m,model_extrapolation,実測点は412-715 nmのみ。この波長はモデルによる外挿
5C,744,a,2.67,1/m,model_extrapolation,実測点は412-715 nmのみ。この波長はモデルによる外挿
5C,744,b,1.09,1/m,model_extrapolation,実測点は412-715 nmのみ。この波長はモデルによる外挿
5C,745,a,2.69,1/m,model_extrapolation,実測点は412-715 nmのみ。この波長はモデルによる外挿
5C,745,b,1.09,1/m,model_extrapolation,実測点は412-715 nmのみ。この波長はモデルによる外挿
5C,746,a,2.7,1/m,model_extrapolation,実測点は412-715 nmのみ。この波長はモデルによる外挿
5C,746,b,1.09,1/m,model_extrapolation,実測点は412-715 nmのみ。この波長はモデルによる外挿
5C,747,a,2.71,1/m,model_extrapolation,実測点は412-715 nmのみ。この波長はモデルによる外挿
5C,747,b,1.09,1/m,model_extrapolation,実測点は412-715 nmのみ。この波長はモデルによる外挿
5C,748,a,2.72,1/m,model_extrapolation,実測点は412-715 nmのみ。この波長はモデルによる外挿
5C,748,b,1.09,1/m,model_extrapolation,実測点は412-715 nmのみ。この波長はモデルによる外挿
5C,749,a,2.73,1/m,model_extrapolation,実測点は412-715 nmのみ。この波長はモデルによる外挿
5C,749,b,1.09,1/m,model_extrapolation,実測点は412-715 nmのみ。この波長はモデルによる外挿
5C,750,a,2.73,1/m,model_extrapolation,実測点は412-715 nmのみ。この波長はモデルによる外挿
5C,750,b,1.09,1/m,model_extrapolation,実測点は412-715 nmのみ。この波長はモデルによる外挿
5C,751,a,2.74,1/m,model_extrapolation,実測点は412-715 nmのみ。この波長はモデルによる外挿
5C,751,b,1.09,1/m,model_extrapolation,実測点は412-715 nmのみ。この波長はモデルによる外挿
5C,752,a,2.74,1/m,model_extrapolation,実測点は412-715 nmのみ。この波長はモデルによる外挿
5C,752,b,1.09,1/m,model_extrapolation,実測点は412-715 nmのみ。この波長はモデルによる外挿
5C,753,a,2.75,1/m,model_extrapolation,実測点は412-715 nmのみ。この波長はモデルによる外挿
5C,753,b,1.09,1/m,model_extrapolation,実測点は412-715 nmのみ。この波長はモデルによる外挿
5C,754,a,2.75,1/m,model_extrapolation,実測点は412-715 nmのみ。この波長はモデルによる外挿
5C,754,b,1.08,1/m,model_extrapolation,実測点は412-715 nmのみ。この波長はモデルによる外挿
5C,755,a,2.75,1/m,model_extrapolation,実測点は412-715 nmのみ。この波長はモデルによる外挿
5C,755,b,1.08,1/m,model_extrapolation,実測点は412-715 nmのみ。この波長はモデルによる外挿
5C,756,a,2.75,1/m,model_extrapolation,実測点は412-715 nmのみ。この波長はモデルによる外挿
5C,756,b,1.08,1/m,model_extrapolation,実測点は412-715 nmのみ。この波長はモデルによる外挿
5C,757,a,2.76,1/m,model_extrapolation,実測点は412-715 nmのみ。この波長はモデルによる外挿
5C,757,b,1.08,1/m,model_extrapolation,実測点は412-715 nmのみ。この波長はモデルによる外挿
5C,758,a,2.76,1/m,model_extrapolation,実測点は412-715 nmのみ。この波長はモデルによる外挿
5C,758,b,1.08,1/m,model_extrapolation,実測点は412-715 nmのみ。この波長はモデルによる外挿
5C,759,a,2.77,1/m,model_extrapolation,実測点は412-715 nmのみ。この波長はモデルによる外挿
5C,759,b,1.08,1/m,model_extrapolation,実測点は412-715 nmのみ。この波長はモデルによる外挿
5C,760,a,2.77,1/m,model_extrapolation,実測点は412-715 nmのみ。この波長はモデルによる外挿
5C,760,b,1.08,1/m,model_extrapolation,実測点は412-715 nmのみ。この波長はモデルによる外挿
5C,761,a,2.77,1/m,model_extrapolation,実測点は412-715 nmのみ。この波長はモデルによる外挿
5C,761,b,1.08,1/m,model_extrapolation,実測点は412-715 nmのみ。この波長はモデルによる外挿
5C,762,a,2.77,1/m,model_extrapolation,実測点は412-715 nmのみ。この波長はモデルによる外挿
5C,762,b,1.08,1/m,model_extrapolation,実測点は412-715 nmのみ。この波長はモデルによる外挿
5C,763,a,2.77,1/m,model_extrapolation,実測点は412-715 nmのみ。この波長はモデルによる外挿
5C,763,b,1.08,1/m,model_extrapolation,実測点は412-715 nmのみ。この波長はモデルによる外挿
5C,764,a,2.77,1/m,model_extrapolation,実測点は412-715 nmのみ。この波長はモデルによる外挿
5C,764,b,1.08,1/m,model_extrapolation,実測点は412-715 nmのみ。この波長はモデルによる外挿
5C,765,a,2.77,1/m,model_extrapolation,実測点は412-715 nmのみ。この波長はモデルによる外挿
5C,765,b,1.08,1/m,model_extrapolation,実測点は412-715 nmのみ。この波長はモデルによる外挿
5C,766,a,2.77,1/m,model_extrapolation,実測点は412-715 nmのみ。この波長はモデルによる外挿
5C,766,b,1.08,1/m,model_extrapolation,実測点は412-715 nmのみ。この波長はモデルによる外挿
5C,767,a,2.77,1/m,model_extrapolation,実測点は412-715 nmのみ。この波長はモデルによる外挿
5C,767,b,1.08,1/m,model_extrapolation,実測点は412-715 nmのみ。この波長はモデルによる外挿
5C,768,a,2.76,1/m,model_extrapolation,実測点は412-715 nmのみ。この波長はモデルによる外挿
5C,768,b,1.08,1/m,model_extrapolation,実測点は412-715 nmのみ。この波長はモデルによる外挿
5C,769,a,2.76,1/m,model_extrapolation,実測点は412-715 nmのみ。この波長はモデルによる外挿
5C,769,b,1.08,1/m,model_extrapolation,実測点は412-715 nmのみ。この波長はモデルによる外挿
5C,770,a,2.75,1/m,model_extrapolation,実測点は412-715 nmのみ。この波長はモデルによる外挿
5C,770,b,1.08,1/m,model_extrapolation,実測点は412-715 nmのみ。この波長はモデルによる外挿
5C,771,a,2.75,1/m,model_extrapolation,実測点は412-715 nmのみ。この波長はモデルによる外挿
5C,771,b,1.08,1/m,model_extrapolation,実測点は412-715 nmのみ。この波長はモデルによる外挿
5C,772,a,2.75,1/m,model_extrapolation,実測点は412-715 nmのみ。この波長はモデルによる外挿
5C,772,b,1.08,1/m,model_extrapolation,実測点は412-715 nmのみ。この波長はモデルによる外挿
5C,773,a,2.74,1/m,model_extrapolation,実測点は412-715 nmのみ。この波長はモデルによる外挿
5C,773,b,1.08,1/m,model_extrapolation,実測点は412-715 nmのみ。この波長はモデルによる外挿
5C,774,a,2.73,1/m,model_extrapolation,実測点は412-715 nmのみ。この波長はモデルによる外挿
5C,774,b,1.08,1/m,model_extrapolation,実測点は412-715 nmのみ。この波長はモデルによる外挿
5C,775,a,2.72,1/m,model_extrapolation,実測点は412-715 nmのみ。この波長はモデルによる外挿
5C,775,b,1.08,1/m,model_extrapolation,実測点は412-715 nmのみ。この波長はモデルによる外挿
5C,776,a,2.71,1/m,model_extrapolation,実測点は412-715 nmのみ。この波長はモデルによる外挿
5C,776,b,1.08,1/m,model_extrapolation,実測点は412-715 nmのみ。この波長はモデルによる外挿
5C,777,a,2.7,1/m,model_extrapolation,実測点は412-715 nmのみ。この波長はモデルによる外挿
5C,777,b,1.08,1/m,model_extrapolation,実測点は412-715 nmのみ。この波長はモデルによる外挿
5C,778,a,2.69,1/m,model_extrapolation,実測点は412-715 nmのみ。この波長はモデルによる外挿
5C,778,b,1.07,1/m,model_extrapolation,実測点は412-715 nmのみ。この波長はモデルによる外挿
5C,779,a,2.67,1/m,model_extrapolation,実測点は412-715 nmのみ。この波長はモデルによる外挿
5C,779,b,1.07,1/m,model_extrapolation,実測点は412-715 nmのみ。この波長はモデルによる外挿
5C,780,a,2.66,1/m,model_extrapolation,実測点は412-715 nmのみ。この波長はモデルによる外挿
5C,780,b,1.07,1/m,model_extrapolation,実測点は412-715 nmのみ。この波長はモデルによる外挿
5C,781,a,2.65,1/m,model_extrapolation,実測点は412-715 nmのみ。この波長はモデルによる外挿
5C,781,b,1.07,1/m,model_extrapolation,実測点は412-715 nmのみ。この波長はモデルによる外挿
5C,782,a,2.63,1/m,model_extrapolation,実測点は412-715 nmのみ。この波長はモデルによる外挿
5C,782,b,1.07,1/m,model_extrapolation,実測点は412-715 nmのみ。この波長はモデルによる外挿
5C,783,a,2.62,1/m,model_extrapolation,実測点は412-715 nmのみ。この波長はモデルによる外挿
5C,783,b,1.07,1/m,model_extrapolation,実測点は412-715 nmのみ。この波長はモデルによる外挿
5C,784,a,2.61,1/m,model_extrapolation,実測点は412-715 nmのみ。この波長はモデルによる外挿
5C,784,b,1.07,1/m,model_extrapolation,実測点は412-715 nmのみ。この波長はモデルによる外挿
5C,785,a,2.59,1/m,model_extrapolation,実測点は412-715 nmのみ。この波長はモデルによる外挿
5C,785,b,1.07,1/m,model_extrapolation,実測点は412-715 nmのみ。この波長はモデルによる外挿
5C,786,a,2.57,1/m,model_extrapolation,実測点は412-715 nmのみ。この波長はモデルによる外挿
5C,786,b,1.07,1/m,model_extrapolation,実測点は412-715 nmのみ。この波長はモデルによる外挿
5C,787,a,2.55,1/m,model_extrapolation,実測点は412-715 nmのみ。この波長はモデルによる外挿
5C,787,b,1.07,1/m,model_extrapolation,実測点は412-715 nmのみ。この波長はモデルによる外挿
5C,788,a,2.53,1/m,model_extrapolation,実測点は412-715 nmのみ。この波長はモデルによる外挿
5C,788,b,1.07,1/m,model_extrapolation,実測点は412-715 nmのみ。この波長はモデルによる外挿
5C,789,a,2.51,1/m,model_extrapolation,実測点は412-715 nmのみ。この波長はモデルによる外挿
5C,789,b,1.07,1/m,model_extrapolation,実測点は412-715 nmのみ。この波長はモデルによる外挿
5C,790,a,2.49,1/m,model_extrapolation,実測点は412-715 nmのみ。この波長はモデルによる外挿
5C,790,b,1.07,1/m,model_extrapolation,実測点は412-715 nmのみ。この波長はモデルによる外挿
5C,791,a,2.47,1/m,model_extrapolation,実測点は412-715 nmのみ。この波長はモデルによる外挿
5C,791,b,1.07,1/m,model_extrapolation,実測点は412-715 nmのみ。この波長はモデルによる外挿
5C,792,a,2.45,1/m,model_extrapolation,実測点は412-715 nmのみ。この波長はモデルによる外挿
5C,792,b,1.07,1/m,model_extrapolation,実測点は412-715 nmのみ。この波長はモデルによる外挿
5C,793,a,2.43,1/m,model_extrapolation,実測点は412-715 nmのみ。この波長はモデルによる外挿
5C,793,b,1.07,1/m,model_extrapolation,実測点は412-715 nmのみ。この波長はモデルによる外挿
5C,794,a,2.41,1/m,model_extrapolation,実測点は412-715 nmのみ。この波長はモデルによる外挿
5C,794,b,1.07,1/m,model_extrapolation,実測点は412-715 nmのみ。この波長はモデルによる外挿
5C,795,a,2.39,1/m,model_extrapolation,実測点は412-715 nmのみ。この波長はモデルによる外挿
5C,795,b,1.07,1/m,model_extrapolation,実測点は412-715 nmのみ。この波長はモデルによる外挿
5C,796,a,2.37,1/m,model_extrapolation,実測点は412-715 nmのみ。この波長はモデルによる外挿
5C,796,b,1.07,1/m,model_extrapolation,実測点は412-715 nmのみ。この波長はモデルによる外挿
5C,797,a,2.35,1/m,model_extrapolation,実測点は412-715 nmのみ。この波長はモデルによる外挿
5C,797,b,1.07,1/m,model_extrapolation,実測点は412-715 nmのみ。この波長はモデルによる外挿
5C,798,a,2.33,1/m,model_extrapolation,実測点は412-715 nmのみ。この波長はモデルによる外挿
5C,798,b,1.07,1/m,model_extrapolation,実測点は412-715 nmのみ。この波長はモデルによる外挿
5C,799,a,2.31,1/m,model_extrapolation,実測点は412-715 nmのみ。この波長はモデルによる外挿
5C,799,b,1.07,1/m,model_extrapolation,実測点は412-715 nmのみ。この波長はモデルによる外挿
5C,800,a,2.29,1/m,model_extrapolation,実測点は412-715 nmのみ。この波長はモデルによる外挿
5C,800,b,1.07,1/m,model_extrapolation,実測点は412-715 nmのみ。この波長はモデルによる外挿
