water_type,wavelength_nm,Kd_downwelling_per_m,status,note
I,300,0.172,extrapolated_by_dataset,Jerlov printed 310-700 nm; linear extrapolation in the Dstl dataset
I,301,0.1698,extrapolated_by_dataset,Jerlov printed 310-700 nm; linear extrapolation in the Dstl dataset
I,302,0.1676,extrapolated_by_dataset,Jerlov printed 310-700 nm; linear extrapolation in the Dstl dataset
I,303,0.1654,extrapolated_by_dataset,Jerlov printed 310-700 nm; linear extrapolation in the Dstl dataset
I,304,0.1632,extrapolated_by_dataset,Jerlov printed 310-700 nm; linear extrapolation in the Dstl dataset
I,305,0.161,extrapolated_by_dataset,Jerlov printed 310-700 nm; linear extrapolation in the Dstl dataset
I,306,0.1588,extrapolated_by_dataset,Jerlov printed 310-700 nm; linear extrapolation in the Dstl dataset
I,307,0.1566,extrapolated_by_dataset,Jerlov printed 310-700 nm; linear extrapolation in the Dstl dataset
I,308,0.1544,extrapolated_by_dataset,Jerlov printed 310-700 nm; linear extrapolation in the Dstl dataset
I,309,0.1522,extrapolated_by_dataset,Jerlov printed 310-700 nm; linear extrapolation in the Dstl dataset
I,310,0.15,ok,
I,311,0.1478,interpolated,
I,312,0.1456,interpolated,
I,313,0.1434,interpolated,
I,314,0.1412,interpolated,
I,315,0.139,interpolated,
I,316,0.1368,interpolated,
I,317,0.1346,interpolated,
I,318,0.1324,interpolated,
I,319,0.1302,interpolated,
I,320,0.128,interpolated,
I,321,0.1258,interpolated,
I,322,0.1236,interpolated,
I,323,0.1214,interpolated,
I,324,0.1192,interpolated,
I,325,0.117,interpolated,
I,326,0.1148,interpolated,
I,327,0.1126,interpolated,
I,328,0.1104,interpolated,
I,329,0.1082,interpolated,
I,330,0.106,interpolated,
I,331,0.1038,interpolated,
I,332,0.1016,interpolated,
I,333,0.0994,interpolated,
I,334,0.0972,interpolated,
I,335,0.095,interpolated,
I,336,0.0928,interpolated,
I,337,0.0906,interpolated,
I,338,0.0884,interpolated,
I,339,0.0862,interpolated,
I,340,0.084,interpolated,
I,341,0.0818,interpolated,
I,342,0.0796,interpolated,
I,343,0.0774,interpolated,
I,344,0.0752,interpolated,
I,345,0.073,interpolated,
I,346,0.0708,interpolated,
I,347,0.0686,interpolated,
I,348,0.0664,interpolated,
I,349,0.0642,interpolated,
I,350,0.062,ok,
I,351,0.061,interpolated,
I,352,0.0601,interpolated,
I,353,0.0591,interpolated,
I,354,0.0582,interpolated,
I,355,0.0572,interpolated,
I,356,0.0562,interpolated,
I,357,0.0553,interpolated,
I,358,0.0543,interpolated,
I,359,0.0534,interpolated,
I,360,0.0524,interpolated,
I,361,0.0514,interpolated,
I,362,0.0505,interpolated,
I,363,0.0495,interpolated,
I,364,0.0486,interpolated,
I,365,0.0476,interpolated,
I,366,0.0466,interpolated,
I,367,0.0457,interpolated,
I,368,0.0447,interpolated,
I,369,0.0438,interpolated,
I,370,0.0428,interpolated,
I,371,0.0418,interpolated,
I,372,0.0409,interpolated,
I,373,0.0399,interpolated,
I,374,0.039,interpolated,
I,375,0.038,ok,
I,376,0.0376,interpolated,
I,377,0.0372,interpolated,
I,378,0.0368,interpolated,
I,379,0.0364,interpolated,
I,380,0.036,interpolated,
I,381,0.0356,interpolated,
I,382,0.0352,interpolated,
I,383,0.0348,interpolated,
I,384,0.0344,interpolated,
I,385,0.034,interpolated,
I,386,0.0336,interpolated,
I,387,0.0332,interpolated,
I,388,0.0328,interpolated,
I,389,0.0324,interpolated,
I,390,0.032,interpolated,
I,391,0.0316,interpolated,
I,392,0.0312,interpolated,
I,393,0.0308,interpolated,
I,394,0.0304,interpolated,
I,395,0.03,interpolated,
I,396,0.0296,interpolated,
I,397,0.0292,interpolated,
I,398,0.0288,interpolated,
I,399,0.0284,interpolated,
I,400,0.028,ok,
I,401,0.0278,interpolated,
I,402,0.0275,interpolated,
I,403,0.0273,interpolated,
I,404,0.027,interpolated,
I,405,0.0268,interpolated,
I,406,0.0266,interpolated,
I,407,0.0263,interpolated,
I,408,0.0261,interpolated,
I,409,0.0258,interpolated,
I,410,0.0256,interpolated,
I,411,0.0254,interpolated,
I,412,0.0251,interpolated,
I,413,0.0249,interpolated,
I,414,0.0246,interpolated,
I,415,0.0244,interpolated,
I,416,0.0242,interpolated,
I,417,0.0239,interpolated,
I,418,0.0237,interpolated,
I,419,0.0234,interpolated,
I,420,0.0232,interpolated,
I,421,0.023,interpolated,
I,422,0.0227,interpolated,
I,423,0.0225,interpolated,
I,424,0.0222,interpolated,
I,425,0.022,ok,
I,426,0.0219,interpolated,
I,427,0.0218,interpolated,
I,428,0.0216,interpolated,
I,429,0.0215,interpolated,
I,430,0.0214,interpolated,
I,431,0.0213,interpolated,
I,432,0.0212,interpolated,
I,433,0.021,interpolated,
I,434,0.0209,interpolated,
I,435,0.0208,interpolated,
I,436,0.0207,interpolated,
I,437,0.0206,interpolated,
I,438,0.0204,interpolated,
I,439,0.0203,interpolated,
I,440,0.0202,interpolated,
I,441,0.0201,interpolated,
I,442,0.02,interpolated,
I,443,0.0198,interpolated,
I,444,0.0197,interpolated,
I,445,0.0196,interpolated,
I,446,0.0195,interpolated,
I,447,0.0194,interpolated,
I,448,0.0192,interpolated,
I,449,0.0191,interpolated,
I,450,0.019,ok,
I,451,0.019,interpolated,
I,452,0.0189,interpolated,
I,453,0.0189,interpolated,
I,454,0.0188,interpolated,
I,455,0.0188,interpolated,
I,456,0.0188,interpolated,
I,457,0.0187,interpolated,
I,458,0.0187,interpolated,
I,459,0.0186,interpolated,
I,460,0.0186,interpolated,
I,461,0.0186,interpolated,
I,462,0.0185,interpolated,
I,463,0.0185,interpolated,
I,464,0.0184,interpolated,
I,465,0.0184,interpolated,
I,466,0.0184,interpolated,
I,467,0.0183,interpolated,
I,468,0.0183,interpolated,
I,469,0.0182,interpolated,
I,470,0.0182,interpolated,
I,471,0.0182,interpolated,
I,472,0.0181,interpolated,
I,473,0.0181,interpolated,
I,474,0.018,interpolated,
I,475,0.018,ok,
I,476,0.0184,interpolated,
I,477,0.0187,interpolated,
I,478,0.0191,interpolated,
I,479,0.0194,interpolated,
I,480,0.0198,interpolated,
I,481,0.0202,interpolated,
I,482,0.0205,interpolated,
I,483,0.0209,interpolated,
I,484,0.0212,interpolated,
I,485,0.0216,interpolated,
I,486,0.022,interpolated,
I,487,0.0223,interpolated,
I,488,0.0227,interpolated,
I,489,0.023,interpolated,
I,490,0.0234,interpolated,
I,491,0.0238,interpolated,
I,492,0.0241,interpolated,
I,493,0.0245,interpolated,
I,494,0.0248,interpolated,
I,495,0.0252,interpolated,
I,496,0.0256,interpolated,
I,497,0.0259,interpolated,
I,498,0.0263,interpolated,
I,499,0.0266,interpolated,
I,500,0.027,ok,
I,501,0.0276,interpolated,
I,502,0.0283,interpolated,
I,503,0.0289,interpolated,
I,504,0.0296,interpolated,
I,505,0.0302,interpolated,
I,506,0.0308,interpolated,
I,507,0.0315,interpolated,
I,508,0.0321,interpolated,
I,509,0.0328,interpolated,
I,510,0.0334,interpolated,
I,511,0.034,interpolated,
I,512,0.0347,interpolated,
I,513,0.0353,interpolated,
I,514,0.036,interpolated,
I,515,0.0366,interpolated,
I,516,0.0372,interpolated,
I,517,0.0379,interpolated,
I,518,0.0385,interpolated,
I,519,0.0392,interpolated,
I,520,0.0398,interpolated,
I,521,0.0404,interpolated,
I,522,0.0411,interpolated,
I,523,0.0417,interpolated,
I,524,0.0424,interpolated,
I,525,0.043,ok,
I,526,0.0438,interpolated,
I,527,0.0446,interpolated,
I,528,0.0454,interpolated,
I,529,0.0462,interpolated,
I,530,0.047,interpolated,
I,531,0.0478,interpolated,
I,532,0.0486,interpolated,
I,533,0.0494,interpolated,
I,534,0.0502,interpolated,
I,535,0.051,interpolated,
I,536,0.0518,interpolated,
I,537,0.0526,interpolated,
I,538,0.0534,interpolated,
I,539,0.0542,interpolated,
I,540,0.055,interpolated,
I,541,0.0558,interpolated,
I,542,0.0566,interpolated,
I,543,0.0574,interpolated,
I,544,0.0582,interpolated,
I,545,0.059,interpolated,
I,546,0.0598,interpolated,
I,547,0.0606,interpolated,
I,548,0.0614,interpolated,
I,549,0.0622,interpolated,
I,550,0.063,ok,
I,551,0.064,interpolated,
I,552,0.0651,interpolated,
I,553,0.0661,interpolated,
I,554,0.0672,interpolated,
I,555,0.0682,interpolated,
I,556,0.0692,interpolated,
I,557,0.0703,interpolated,
I,558,0.0713,interpolated,
I,559,0.0724,interpolated,
I,560,0.0734,interpolated,
I,561,0.0744,interpolated,
I,562,0.0755,interpolated,
I,563,0.0765,interpolated,
I,564,0.0776,interpolated,
I,565,0.0786,interpolated,
I,566,0.0796,interpolated,
I,567,0.0807,interpolated,
I,568,0.0817,interpolated,
I,569,0.0828,interpolated,
I,570,0.0838,interpolated,
I,571,0.0848,interpolated,
I,572,0.0859,interpolated,
I,573,0.0869,interpolated,
I,574,0.088,interpolated,
I,575,0.089,ok,
I,576,0.0948,interpolated,
I,577,0.1007,interpolated,
I,578,0.1065,interpolated,
I,579,0.1124,interpolated,
I,580,0.1182,interpolated,
I,581,0.124,interpolated,
I,582,0.1299,interpolated,
I,583,0.1357,interpolated,
I,584,0.1416,interpolated,
I,585,0.1474,interpolated,
I,586,0.1532,interpolated,
I,587,0.1591,interpolated,
I,588,0.1649,interpolated,
I,589,0.1708,interpolated,
I,590,0.1766,interpolated,
I,591,0.1824,interpolated,
I,592,0.1883,interpolated,
I,593,0.1941,interpolated,
I,594,0.2,interpolated,
I,595,0.2058,interpolated,
I,596,0.2116,interpolated,
I,597,0.2175,interpolated,
I,598,0.2233,interpolated,
I,599,0.2292,interpolated,
I,600,0.235,ok,
I,601,0.2378,interpolated,
I,602,0.2406,interpolated,
I,603,0.2434,interpolated,
I,604,0.2462,interpolated,
I,605,0.249,interpolated,
I,606,0.2518,interpolated,
I,607,0.2546,interpolated,
I,608,0.2574,interpolated,
I,609,0.2602,interpolated,
I,610,0.263,interpolated,
I,611,0.2658,interpolated,
I,612,0.2686,interpolated,
I,613,0.2714,interpolated,
I,614,0.2742,interpolated,
I,615,0.277,interpolated,
I,616,0.2798,interpolated,
I,617,0.2826,interpolated,
I,618,0.2854,interpolated,
I,619,0.2882,interpolated,
I,620,0.291,interpolated,
I,621,0.2938,interpolated,
I,622,0.2966,interpolated,
I,623,0.2994,interpolated,
I,624,0.3022,interpolated,
I,625,0.305,ok,
I,626,0.3072,interpolated,
I,627,0.3094,interpolated,
I,628,0.3116,interpolated,
I,629,0.3138,interpolated,
I,630,0.316,interpolated,
I,631,0.3182,interpolated,
I,632,0.3204,interpolated,
I,633,0.3226,interpolated,
I,634,0.3248,interpolated,
I,635,0.327,interpolated,
I,636,0.3292,interpolated,
I,637,0.3314,interpolated,
I,638,0.3336,interpolated,
I,639,0.3358,interpolated,
I,640,0.338,interpolated,
I,641,0.3402,interpolated,
I,642,0.3424,interpolated,
I,643,0.3446,interpolated,
I,644,0.3468,interpolated,
I,645,0.349,interpolated,
I,646,0.3512,interpolated,
I,647,0.3534,interpolated,
I,648,0.3556,interpolated,
I,649,0.3578,interpolated,
I,650,0.36,ok,
I,651,0.3624,interpolated,
I,652,0.3648,interpolated,
I,653,0.3672,interpolated,
I,654,0.3696,interpolated,
I,655,0.372,interpolated,
I,656,0.3744,interpolated,
I,657,0.3768,interpolated,
I,658,0.3792,interpolated,
I,659,0.3816,interpolated,
I,660,0.384,interpolated,
I,661,0.3864,interpolated,
I,662,0.3888,interpolated,
I,663,0.3912,interpolated,
I,664,0.3936,interpolated,
I,665,0.396,interpolated,
I,666,0.3984,interpolated,
I,667,0.4008,interpolated,
I,668,0.4032,interpolated,
I,669,0.4056,interpolated,
I,670,0.408,interpolated,
I,671,0.4104,interpolated,
I,672,0.4128,interpolated,
I,673,0.4152,interpolated,
I,674,0.4176,interpolated,
I,675,0.42,ok,
I,676,0.4256,interpolated,
I,677,0.4312,interpolated,
I,678,0.4368,interpolated,
I,679,0.4424,interpolated,
I,680,0.448,interpolated,
I,681,0.4536,interpolated,
I,682,0.4592,interpolated,
I,683,0.4648,interpolated,
I,684,0.4704,interpolated,
I,685,0.476,interpolated,
I,686,0.4816,interpolated,
I,687,0.4872,interpolated,
I,688,0.4928,interpolated,
I,689,0.4984,interpolated,
I,690,0.504,interpolated,
I,691,0.5096,interpolated,
I,692,0.5152,interpolated,
I,693,0.5208,interpolated,
I,694,0.5264,interpolated,
I,695,0.532,interpolated,
I,696,0.5376,interpolated,
I,697,0.5432,interpolated,
I,698,0.5488,interpolated,
I,699,0.5544,interpolated,
I,700,0.56,ok,
I,701,0.5656,extrapolated_by_dataset,Jerlov printed 310-700 nm; linear extrapolation in the Dstl dataset
I,702,0.5712,extrapolated_by_dataset,Jerlov printed 310-700 nm; linear extrapolation in the Dstl dataset
I,703,0.5768,extrapolated_by_dataset,Jerlov printed 310-700 nm; linear extrapolation in the Dstl dataset
I,704,0.5824,extrapolated_by_dataset,Jerlov printed 310-700 nm; linear extrapolation in the Dstl dataset
I,705,0.588,extrapolated_by_dataset,Jerlov printed 310-700 nm; linear extrapolation in the Dstl dataset
I,706,0.5936,extrapolated_by_dataset,Jerlov printed 310-700 nm; linear extrapolation in the Dstl dataset
I,707,0.5992,extrapolated_by_dataset,Jerlov printed 310-700 nm; linear extrapolation in the Dstl dataset
I,708,0.6048,extrapolated_by_dataset,Jerlov printed 310-700 nm; linear extrapolation in the Dstl dataset
I,709,0.6104,extrapolated_by_dataset,Jerlov printed 310-700 nm; linear extrapolation in the Dstl dataset
I,710,0.616,extrapolated_by_dataset,Jerlov printed 310-700 nm; linear extrapolation in the Dstl dataset
I,711,0.6216,extrapolated_by_dataset,Jerlov printed 310-700 nm; linear extrapolation in the Dstl dataset
I,712,0.6272,extrapolated_by_dataset,Jerlov printed 310-700 nm; linear extrapolation in the Dstl dataset
I,713,0.6328,extrapolated_by_dataset,Jerlov printed 310-700 nm; linear extrapolation in the Dstl dataset
I,714,0.6384,extrapolated_by_dataset,Jerlov printed 310-700 nm; linear extrapolation in the Dstl dataset
I,715,0.644,extrapolated_by_dataset,Jerlov printed 310-700 nm; linear extrapolation in the Dstl dataset
IA,300,0.2055,extrapolated_by_dataset,Jerlov printed 310-700 nm; linear extrapolation in the Dstl dataset
IA,301,0.203,extrapolated_by_dataset,Jerlov printed 310-700 nm; linear extrapolation in the Dstl dataset
IA,302,0.2004,extrapolated_by_dataset,Jerlov printed 310-700 nm; linear extrapolation in the Dstl dataset
IA,303,0.1979,extrapolated_by_dataset,Jerlov printed 310-700 nm; linear extrapolation in the Dstl dataset
IA,304,0.1953,extrapolated_by_dataset,Jerlov printed 310-700 nm; linear extrapolation in the Dstl dataset
IA,305,0.1928,extrapolated_by_dataset,Jerlov printed 310-700 nm; linear extrapolation in the Dstl dataset
IA,306,0.1902,extrapolated_by_dataset,Jerlov printed 310-700 nm; linear extrapolation in the Dstl dataset
IA,307,0.1877,extrapolated_by_dataset,Jerlov printed 310-700 nm; linear extrapolation in the Dstl dataset
IA,308,0.1851,extrapolated_by_dataset,Jerlov printed 310-700 nm; linear extrapolation in the Dstl dataset
IA,309,0.1826,extrapolated_by_dataset,Jerlov printed 310-700 nm; linear extrapolation in the Dstl dataset
IA,310,0.18,ok,
IA,311,0.1775,interpolated,
IA,312,0.1749,interpolated,
IA,313,0.1724,interpolated,
IA,314,0.1698,interpolated,
IA,315,0.1673,interpolated,
IA,316,0.1647,interpolated,
IA,317,0.1622,interpolated,
IA,318,0.1596,interpolated,
IA,319,0.1571,interpolated,
IA,320,0.1545,interpolated,
IA,321,0.152,interpolated,
IA,322,0.1494,interpolated,
IA,323,0.1469,interpolated,
IA,324,0.1443,interpolated,
IA,325,0.1418,interpolated,
IA,326,0.1392,interpolated,
IA,327,0.1367,interpolated,
IA,328,0.1341,interpolated,
IA,329,0.1316,interpolated,
IA,330,0.129,interpolated,
IA,331,0.1265,interpolated,
IA,332,0.1239,interpolated,
IA,333,0.1214,interpolated,
IA,334,0.1188,interpolated,
IA,335,0.1163,interpolated,
IA,336,0.1137,interpolated,
IA,337,0.1112,interpolated,
IA,338,0.1086,interpolated,
IA,339,0.1061,interpolated,
IA,340,0.1035,interpolated,
IA,341,0.101,interpolated,
IA,342,0.0984,interpolated,
IA,343,0.0959,interpolated,
IA,344,0.0933,interpolated,
IA,345,0.0908,interpolated,
IA,346,0.0882,interpolated,
IA,347,0.0857,interpolated,
IA,348,0.0831,interpolated,
IA,349,0.0806,interpolated,
IA,350,0.078,ok,
IA,351,0.077,interpolated,
IA,352,0.0759,interpolated,
IA,353,0.0749,interpolated,
IA,354,0.0738,interpolated,
IA,355,0.0728,interpolated,
IA,356,0.0718,interpolated,
IA,357,0.0707,interpolated,
IA,358,0.0697,interpolated,
IA,359,0.0686,interpolated,
IA,360,0.0676,interpolated,
IA,361,0.0666,interpolated,
IA,362,0.0655,interpolated,
IA,363,0.0645,interpolated,
IA,364,0.0634,interpolated,
IA,365,0.0624,interpolated,
IA,366,0.0614,interpolated,
IA,367,0.0603,interpolated,
IA,368,0.0593,interpolated,
IA,369,0.0582,interpolated,
IA,370,0.0572,interpolated,
IA,371,0.0562,interpolated,
IA,372,0.0551,interpolated,
IA,373,0.0541,interpolated,
IA,374,0.053,interpolated,
IA,375,0.052,ok,
IA,376,0.0514,interpolated,
IA,377,0.0509,interpolated,
IA,378,0.0503,interpolated,
IA,379,0.0498,interpolated,
IA,380,0.0492,interpolated,
IA,381,0.0486,interpolated,
IA,382,0.0481,interpolated,
IA,383,0.0475,interpolated,
IA,384,0.047,interpolated,
IA,385,0.0464,interpolated,
IA,386,0.0458,interpolated,
IA,387,0.0453,interpolated,
IA,388,0.0447,interpolated,
IA,389,0.0442,interpolated,
IA,390,0.0436,interpolated,
IA,391,0.043,interpolated,
IA,392,0.0425,interpolated,
IA,393,0.0419,interpolated,
IA,394,0.0414,interpolated,
IA,395,0.0408,interpolated,
IA,396,0.0402,interpolated,
IA,397,0.0397,interpolated,
IA,398,0.0391,interpolated,
IA,399,0.0386,interpolated,
IA,400,0.038,ok,
IA,401,0.0377,interpolated,
IA,402,0.0374,interpolated,
IA,403,0.0372,interpolated,
IA,404,0.0369,interpolated,
IA,405,0.0366,interpolated,
IA,406,0.0363,interpolated,
IA,407,0.036,interpolated,
IA,408,0.0358,interpolated,
IA,409,0.0355,interpolated,
IA,410,0.0352,interpolated,
IA,411,0.0349,interpolated,
IA,412,0.0346,interpolated,
IA,413,0.0344,interpolated,
IA,414,0.0341,interpolated,
IA,415,0.0338,interpolated,
IA,416,0.0335,interpolated,
IA,417,0.0332,interpolated,
IA,418,0.033,interpolated,
IA,419,0.0327,interpolated,
IA,420,0.0324,interpolated,
IA,421,0.0321,interpolated,
IA,422,0.0318,interpolated,
IA,423,0.0316,interpolated,
IA,424,0.0313,interpolated,
IA,425,0.031,ok,
IA,426,0.0308,interpolated,
IA,427,0.0306,interpolated,
IA,428,0.0304,interpolated,
IA,429,0.0302,interpolated,
IA,430,0.03,interpolated,
IA,431,0.0298,interpolated,
IA,432,0.0296,interpolated,
IA,433,0.0294,interpolated,
IA,434,0.0292,interpolated,
IA,435,0.029,interpolated,
IA,436,0.0288,interpolated,
IA,437,0.0286,interpolated,
IA,438,0.0284,interpolated,
IA,439,0.0282,interpolated,
IA,440,0.028,interpolated,
IA,441,0.0278,interpolated,
IA,442,0.0276,interpolated,
IA,443,0.0274,interpolated,
IA,444,0.0272,interpolated,
IA,445,0.027,interpolated,
IA,446,0.0268,interpolated,
IA,447,0.0266,interpolated,
IA,448,0.0264,interpolated,
IA,449,0.0262,interpolated,
IA,450,0.026,ok,
IA,451,0.026,interpolated,
IA,452,0.0259,interpolated,
IA,453,0.0259,interpolated,
IA,454,0.0258,interpolated,
IA,455,0.0258,interpolated,
IA,456,0.0258,interpolated,
IA,457,0.0257,interpolated,
IA,458,0.0257,interpolated,
IA,459,0.0256,interpolated,
IA,460,0.0256,interpolated,
IA,461,0.0256,interpolated,
IA,462,0.0255,interpolated,
IA,463,0.0255,interpolated,
IA,464,0.0254,interpolated,
IA,465,0.0254,interpolated,
IA,466,0.0254,interpolated,
IA,467,0.0253,interpolated,
IA,468,0.0253,interpolated,
IA,469,0.0252,interpolated,
IA,470,0.0252,interpolated,
IA,471,0.0252,interpolated,
IA,472,0.0251,interpolated,
IA,473,0.0251,interpolated,
IA,474,0.025,interpolated,
IA,475,0.025,ok,
IA,476,0.0253,interpolated,
IA,477,0.0256,interpolated,
IA,478,0.0258,interpolated,
IA,479,0.0261,interpolated,
IA,480,0.0264,interpolated,
IA,481,0.0267,interpolated,
IA,482,0.027,interpolated,
IA,483,0.0272,interpolated,
IA,484,0.0275,interpolated,
IA,485,0.0278,interpolated,
IA,486,0.0281,interpolated,
IA,487,0.0284,interpolated,
IA,488,0.0286,interpolated,
IA,489,0.0289,interpolated,
IA,490,0.0292,interpolated,
IA,491,0.0295,interpolated,
IA,492,0.0298,interpolated,
IA,493,0.03,interpolated,
IA,494,0.0303,interpolated,
IA,495,0.0306,interpolated,
IA,496,0.0309,interpolated,
IA,497,0.0312,interpolated,
IA,498,0.0314,interpolated,
IA,499,0.0317,interpolated,
IA,500,0.032,ok,
IA,501,0.0326,interpolated,
IA,502,0.0333,interpolated,
IA,503,0.0339,interpolated,
IA,504,0.0346,interpolated,
IA,505,0.0352,interpolated,
IA,506,0.0358,interpolated,
IA,507,0.0365,interpolated,
IA,508,0.0371,interpolated,
IA,509,0.0378,interpolated,
IA,510,0.0384,interpolated,
IA,511,0.039,interpolated,
IA,512,0.0397,interpolated,
IA,513,0.0403,interpolated,
IA,514,0.041,interpolated,
IA,515,0.0416,interpolated,
IA,516,0.0422,interpolated,
IA,517,0.0429,interpolated,
IA,518,0.0435,interpolated,
IA,519,0.0442,interpolated,
IA,520,0.0448,interpolated,
IA,521,0.0454,interpolated,
IA,522,0.0461,interpolated,
IA,523,0.0467,interpolated,
IA,524,0.0474,interpolated,
IA,525,0.048,ok,
IA,526,0.0488,interpolated,
IA,527,0.0495,interpolated,
IA,528,0.0503,interpolated,
IA,529,0.051,interpolated,
IA,530,0.0518,interpolated,
IA,531,0.0526,interpolated,
IA,532,0.0533,interpolated,
IA,533,0.0541,interpolated,
IA,534,0.0548,interpolated,
IA,535,0.0556,interpolated,
IA,536,0.0564,interpolated,
IA,537,0.0571,interpolated,
IA,538,0.0579,interpolated,
IA,539,0.0586,interpolated,
IA,540,0.0594,interpolated,
IA,541,0.0602,interpolated,
IA,542,0.0609,interpolated,
IA,543,0.0617,interpolated,
IA,544,0.0624,interpolated,
IA,545,0.0632,interpolated,
IA,546,0.064,interpolated,
IA,547,0.0647,interpolated,
IA,548,0.0655,interpolated,
IA,549,0.0662,interpolated,
IA,550,0.067,ok,
IA,551,0.0681,interpolated,
IA,552,0.0692,interpolated,
IA,553,0.0702,interpolated,
IA,554,0.0713,interpolated,
IA,555,0.0724,interpolated,
IA,556,0.0735,interpolated,
IA,557,0.0746,interpolated,
IA,558,0.0756,interpolated,
IA,559,0.0767,interpolated,
IA,560,0.0778,interpolated,
IA,561,0.0789,interpolated,
IA,562,0.08,interpolated,
IA,563,0.081,interpolated,
IA,564,0.0821,interpolated,
IA,565,0.0832,interpolated,
IA,566,0.0843,interpolated,
IA,567,0.0854,interpolated,
IA,568,0.0864,interpolated,
IA,569,0.0875,interpolated,
IA,570,0.0886,interpolated,
IA,571,0.0897,interpolated,
IA,572,0.0908,interpolated,
IA,573,0.0918,interpolated,
IA,574,0.0929,interpolated,
IA,575,0.094,ok,
IA,576,0.0998,interpolated,
IA,577,0.1057,interpolated,
IA,578,0.1115,interpolated,
IA,579,0.1174,interpolated,
IA,580,0.1232,interpolated,
IA,581,0.129,interpolated,
IA,582,0.1349,interpolated,
IA,583,0.1407,interpolated,
IA,584,0.1466,interpolated,
IA,585,0.1524,interpolated,
IA,586,0.1582,interpolated,
IA,587,0.1641,interpolated,
IA,588,0.1699,interpolated,
IA,589,0.1758,interpolated,
IA,590,0.1816,interpolated,
IA,591,0.1874,interpolated,
IA,592,0.1933,interpolated,
IA,593,0.1991,interpolated,
IA,594,0.205,interpolated,
IA,595,0.2108,interpolated,
IA,596,0.2166,interpolated,
IA,597,0.2225,interpolated,
IA,598,0.2283,interpolated,
IA,599,0.2342,interpolated,
IA,600,0.24,ok,
IA,601,0.2428,interpolated,
IA,602,0.2456,interpolated,
IA,603,0.2484,interpolated,
IA,604,0.2512,interpolated,
IA,605,0.254,interpolated,
IA,606,0.2568,interpolated,
IA,607,0.2596,interpolated,
IA,608,0.2624,interpolated,
IA,609,0.2652,interpolated,
IA,610,0.268,interpolated,
IA,611,0.2708,interpolated,
IA,612,0.2736,interpolated,
IA,613,0.2764,interpolated,
IA,614,0.2792,interpolated,
IA,615,0.282,interpolated,
IA,616,0.2848,interpolated,
IA,617,0.2876,interpolated,
IA,618,0.2904,interpolated,
IA,619,0.2932,interpolated,
IA,620,0.296,interpolated,
IA,621,0.2988,interpolated,
IA,622,0.3016,interpolated,
IA,623,0.3044,interpolated,
IA,624,0.3072,interpolated,
IA,625,0.31,ok,
IA,626,0.3124,interpolated,
IA,627,0.3148,interpolated,
IA,628,0.3172,interpolated,
IA,629,0.3196,interpolated,
IA,630,0.322,interpolated,
IA,631,0.3244,interpolated,
IA,632,0.3268,interpolated,
IA,633,0.3292,interpolated,
IA,634,0.3316,interpolated,
IA,635,0.334,interpolated,
IA,636,0.3364,interpolated,
IA,637,0.3388,interpolated,
IA,638,0.3412,interpolated,
IA,639,0.3436,interpolated,
IA,640,0.346,interpolated,
IA,641,0.3484,interpolated,
IA,642,0.3508,interpolated,
IA,643,0.3532,interpolated,
IA,644,0.3556,interpolated,
IA,645,0.358,interpolated,
IA,646,0.3604,interpolated,
IA,647,0.3628,interpolated,
IA,648,0.3652,interpolated,
IA,649,0.3676,interpolated,
IA,650,0.37,ok,
IA,651,0.3724,interpolated,
IA,652,0.3748,interpolated,
IA,653,0.3772,interpolated,
IA,654,0.3796,interpolated,
IA,655,0.382,interpolated,
IA,656,0.3844,interpolated,
IA,657,0.3868,interpolated,
IA,658,0.3892,interpolated,
IA,659,0.3916,interpolated,
IA,660,0.394,interpolated,
IA,661,0.3964,interpolated,
IA,662,0.3988,interpolated,
IA,663,0.4012,interpolated,
IA,664,0.4036,interpolated,
IA,665,0.406,interpolated,
IA,666,0.4084,interpolated,
IA,667,0.4108,interpolated,
IA,668,0.4132,interpolated,
IA,669,0.4156,interpolated,
IA,670,0.418,interpolated,
IA,671,0.4204,interpolated,
IA,672,0.4228,interpolated,
IA,673,0.4252,interpolated,
IA,674,0.4276,interpolated,
IA,675,0.43,ok,
IA,676,0.4356,interpolated,
IA,677,0.4412,interpolated,
IA,678,0.4468,interpolated,
IA,679,0.4524,interpolated,
IA,680,0.458,interpolated,
IA,681,0.4636,interpolated,
IA,682,0.4692,interpolated,
IA,683,0.4748,interpolated,
IA,684,0.4804,interpolated,
IA,685,0.486,interpolated,
IA,686,0.4916,interpolated,
IA,687,0.4972,interpolated,
IA,688,0.5028,interpolated,
IA,689,0.5084,interpolated,
IA,690,0.514,interpolated,
IA,691,0.5196,interpolated,
IA,692,0.5252,interpolated,
IA,693,0.5308,interpolated,
IA,694,0.5364,interpolated,
IA,695,0.542,interpolated,
IA,696,0.5476,interpolated,
IA,697,0.5532,interpolated,
IA,698,0.5588,interpolated,
IA,699,0.5644,interpolated,
IA,700,0.57,ok,
IA,701,0.5756,extrapolated_by_dataset,Jerlov printed 310-700 nm; linear extrapolation in the Dstl dataset
IA,702,0.5812,extrapolated_by_dataset,Jerlov printed 310-700 nm; linear extrapolation in the Dstl dataset
IA,703,0.5868,extrapolated_by_dataset,Jerlov printed 310-700 nm; linear extrapolation in the Dstl dataset
IA,704,0.5924,extrapolated_by_dataset,Jerlov printed 310-700 nm; linear extrapolation in the Dstl dataset
IA,705,0.598,extrapolated_by_dataset,Jerlov printed 310-700 nm; linear extrapolation in the Dstl dataset
IA,706,0.6036,extrapolated_by_dataset,Jerlov printed 310-700 nm; linear extrapolation in the Dstl dataset
IA,707,0.6092,extrapolated_by_dataset,Jerlov printed 310-700 nm; linear extrapolation in the Dstl dataset
IA,708,0.6148,extrapolated_by_dataset,Jerlov printed 310-700 nm; linear extrapolation in the Dstl dataset
IA,709,0.6204,extrapolated_by_dataset,Jerlov printed 310-700 nm; linear extrapolation in the Dstl dataset
IA,710,0.626,extrapolated_by_dataset,Jerlov printed 310-700 nm; linear extrapolation in the Dstl dataset
IA,711,0.6316,extrapolated_by_dataset,Jerlov printed 310-700 nm; linear extrapolation in the Dstl dataset
IA,712,0.6372,extrapolated_by_dataset,Jerlov printed 310-700 nm; linear extrapolation in the Dstl dataset
IA,713,0.6428,extrapolated_by_dataset,Jerlov printed 310-700 nm; linear extrapolation in the Dstl dataset
IA,714,0.6484,extrapolated_by_dataset,Jerlov printed 310-700 nm; linear extrapolation in the Dstl dataset
IA,715,0.654,extrapolated_by_dataset,Jerlov printed 310-700 nm; linear extrapolation in the Dstl dataset
IB,300,0.25,extrapolated_by_dataset,Jerlov printed 310-700 nm; linear extrapolation in the Dstl dataset
IB,301,0.247,extrapolated_by_dataset,Jerlov printed 310-700 nm; linear extrapolation in the Dstl dataset
IB,302,0.244,extrapolated_by_dataset,Jerlov printed 310-700 nm; linear extrapolation in the Dstl dataset
IB,303,0.241,extrapolated_by_dataset,Jerlov printed 310-700 nm; linear extrapolation in the Dstl dataset
IB,304,0.238,extrapolated_by_dataset,Jerlov printed 310-700 nm; linear extrapolation in the Dstl dataset
IB,305,0.235,extrapolated_by_dataset,Jerlov printed 310-700 nm; linear extrapolation in the Dstl dataset
IB,306,0.232,extrapolated_by_dataset,Jerlov printed 310-700 nm; linear extrapolation in the Dstl dataset
IB,307,0.229,extrapolated_by_dataset,Jerlov printed 310-700 nm; linear extrapolation in the Dstl dataset
IB,308,0.226,extrapolated_by_dataset,Jerlov printed 310-700 nm; linear extrapolation in the Dstl dataset
IB,309,0.223,extrapolated_by_dataset,Jerlov printed 310-700 nm; linear extrapolation in the Dstl dataset
IB,310,0.22,ok,
IB,311,0.217,interpolated,
IB,312,0.214,interpolated,
IB,313,0.211,interpolated,
IB,314,0.208,interpolated,
IB,315,0.205,interpolated,
IB,316,0.202,interpolated,
IB,317,0.199,interpolated,
IB,318,0.196,interpolated,
IB,319,0.193,interpolated,
IB,320,0.19,interpolated,
IB,321,0.187,interpolated,
IB,322,0.184,interpolated,
IB,323,0.181,interpolated,
IB,324,0.178,interpolated,
IB,325,0.175,interpolated,
IB,326,0.172,interpolated,
IB,327,0.169,interpolated,
IB,328,0.166,interpolated,
IB,329,0.163,interpolated,
IB,330,0.16,interpolated,
IB,331,0.157,interpolated,
IB,332,0.154,interpolated,
IB,333,0.151,interpolated,
IB,334,0.148,interpolated,
IB,335,0.145,interpolated,
IB,336,0.142,interpolated,
IB,337,0.139,interpolated,
IB,338,0.136,interpolated,
IB,339,0.133,interpolated,
IB,340,0.13,interpolated,
IB,341,0.127,interpolated,
IB,342,0.124,interpolated,
IB,343,0.121,interpolated,
IB,344,0.118,interpolated,
IB,345,0.115,interpolated,
IB,346,0.112,interpolated,
IB,347,0.109,interpolated,
IB,348,0.106,interpolated,
IB,349,0.103,interpolated,
IB,350,0.1,ok,
IB,351,0.0986,interpolated,
IB,352,0.0973,interpolated,
IB,353,0.0959,interpolated,
IB,354,0.0946,interpolated,
IB,355,0.0932,interpolated,
IB,356,0.0918,interpolated,
IB,357,0.0905,interpolated,
IB,358,0.0891,interpolated,
IB,359,0.0878,interpolated,
IB,360,0.0864,interpolated,
IB,361,0.085,interpolated,
IB,362,0.0837,interpolated,
IB,363,0.0823,interpolated,
IB,364,0.081,interpolated,
IB,365,0.0796,interpolated,
IB,366,0.0782,interpolated,
IB,367,0.0769,interpolated,
IB,368,0.0755,interpolated,
IB,369,0.0742,interpolated,
IB,370,0.0728,interpolated,
IB,371,0.0714,interpolated,
IB,372,0.0701,interpolated,
IB,373,0.0687,interpolated,
IB,374,0.0674,interpolated,
IB,375,0.066,ok,
IB,376,0.0654,interpolated,
IB,377,0.0648,interpolated,
IB,378,0.0642,interpolated,
IB,379,0.0636,interpolated,
IB,380,0.063,interpolated,
IB,381,0.0624,interpolated,
IB,382,0.0618,interpolated,
IB,383,0.0612,interpolated,
IB,384,0.0606,interpolated,
IB,385,0.06,interpolated,
IB,386,0.0594,interpolated,
IB,387,0.0588,interpolated,
IB,388,0.0582,interpolated,
IB,389,0.0576,interpolated,
IB,390,0.057,interpolated,
IB,391,0.0564,interpolated,
IB,392,0.0558,interpolated,
IB,393,0.0552,interpolated,
IB,394,0.0546,interpolated,
IB,395,0.054,interpolated,
IB,396,0.0534,interpolated,
IB,397,0.0528,interpolated,
IB,398,0.0522,interpolated,
IB,399,0.0516,interpolated,
IB,400,0.051,ok,
IB,401,0.0506,interpolated,
IB,402,0.0503,interpolated,
IB,403,0.0499,interpolated,
IB,404,0.0496,interpolated,
IB,405,0.0492,interpolated,
IB,406,0.0488,interpolated,
IB,407,0.0485,interpolated,
IB,408,0.0481,interpolated,
IB,409,0.0478,interpolated,
IB,410,0.0474,interpolated,
IB,411,0.047,interpolated,
IB,412,0.0467,interpolated,
IB,413,0.0463,interpolated,
IB,414,0.046,interpolated,
IB,415,0.0456,interpolated,
IB,416,0.0452,interpolated,
IB,417,0.0449,interpolated,
IB,418,0.0445,interpolated,
IB,419,0.0442,interpolated,
IB,420,0.0438,interpolated,
IB,421,0.0434,interpolated,
IB,422,0.0431,interpolated,
IB,423,0.0427,interpolated,
IB,424,0.0424,interpolated,
IB,425,0.042,ok,
IB,426,0.0418,interpolated,
IB,427,0.0415,interpolated,
IB,428,0.0413,interpolated,
IB,429,0.041,interpolated,
IB,430,0.0408,interpolated,
IB,431,0.0406,interpolated,
IB,432,0.0403,interpolated,
IB,433,0.0401,interpolated,
IB,434,0.0398,interpolated,
IB,435,0.0396,interpolated,
IB,436,0.0394,interpolated,
IB,437,0.0391,interpolated,
IB,438,0.0389,interpolated,
IB,439,0.0386,interpolated,
IB,440,0.0384,interpolated,
IB,441,0.0382,interpolated,
IB,442,0.0379,interpolated,
IB,443,0.0377,interpolated,
IB,444,0.0374,interpolated,
IB,445,0.0372,interpolated,
IB,446,0.037,interpolated,
IB,447,0.0367,interpolated,
IB,448,0.0365,interpolated,
IB,449,0.0362,interpolated,
IB,450,0.036,ok,
IB,451,0.0359,interpolated,
IB,452,0.0358,interpolated,
IB,453,0.0356,interpolated,
IB,454,0.0355,interpolated,
IB,455,0.0354,interpolated,
IB,456,0.0353,interpolated,
IB,457,0.0352,interpolated,
IB,458,0.035,interpolated,
IB,459,0.0349,interpolated,
IB,460,0.0348,interpolated,
IB,461,0.0347,interpolated,
IB,462,0.0346,interpolated,
IB,463,0.0344,interpolated,
IB,464,0.0343,interpolated,
IB,465,0.0342,interpolated,
IB,466,0.0341,interpolated,
IB,467,0.034,interpolated,
IB,468,0.0338,interpolated,
IB,469,0.0337,interpolated,
IB,470,0.0336,interpolated,
IB,471,0.0335,interpolated,
IB,472,0.0334,interpolated,
IB,473,0.0332,interpolated,
IB,474,0.0331,interpolated,
IB,475,0.033,ok,
IB,476,0.0334,interpolated,
IB,477,0.0337,interpolated,
IB,478,0.0341,interpolated,
IB,479,0.0344,interpolated,
IB,480,0.0348,interpolated,
IB,481,0.0352,interpolated,
IB,482,0.0355,interpolated,
IB,483,0.0359,interpolated,
IB,484,0.0362,interpolated,
IB,485,0.0366,interpolated,
IB,486,0.037,interpolated,
IB,487,0.0373,interpolated,
IB,488,0.0377,interpolated,
IB,489,0.038,interpolated,
IB,490,0.0384,interpolated,
IB,491,0.0388,interpolated,
IB,492,0.0391,interpolated,
IB,493,0.0395,interpolated,
IB,494,0.0398,interpolated,
IB,495,0.0402,interpolated,
IB,496,0.0406,interpolated,
IB,497,0.0409,interpolated,
IB,498,0.0413,interpolated,
IB,499,0.0416,interpolated,
IB,500,0.042,ok,
IB,501,0.0425,interpolated,
IB,502,0.043,interpolated,
IB,503,0.0434,interpolated,
IB,504,0.0439,interpolated,
IB,505,0.0444,interpolated,
IB,506,0.0449,interpolated,
IB,507,0.0454,interpolated,
IB,508,0.0458,interpolated,
IB,509,0.0463,interpolated,
IB,510,0.0468,interpolated,
IB,511,0.0473,interpolated,
IB,512,0.0478,interpolated,
IB,513,0.0482,interpolated,
IB,514,0.0487,interpolated,
IB,515,0.0492,interpolated,
IB,516,0.0497,interpolated,
IB,517,0.0502,interpolated,
IB,518,0.0506,interpolated,
IB,519,0.0511,interpolated,
IB,520,0.0516,interpolated,
IB,521,0.0521,interpolated,
IB,522,0.0526,interpolated,
IB,523,0.053,interpolated,
IB,524,0.0535,interpolated,
IB,525,0.054,ok,
IB,526,0.0547,interpolated,
IB,527,0.0554,interpolated,
IB,528,0.0562,interpolated,
IB,529,0.0569,interpolated,
IB,530,0.0576,interpolated,
IB,531,0.0583,interpolated,
IB,532,0.059,interpolated,
IB,533,0.0598,interpolated,
IB,534,0.0605,interpolated,
IB,535,0.0612,interpolated,
IB,536,0.0619,interpolated,
IB,537,0.0626,interpolated,
IB,538,0.0634,interpolated,
IB,539,0.0641,interpolated,
IB,540,0.0648,interpolated,
IB,541,0.0655,interpolated,
IB,542,0.0662,interpolated,
IB,543,0.067,interpolated,
IB,544,0.0677,interpolated,
IB,545,0.0684,interpolated,
IB,546,0.0691,interpolated,
IB,547,0.0698,interpolated,
IB,548,0.0706,interpolated,
IB,549,0.0713,interpolated,
IB,550,0.072,ok,
IB,551,0.0731,interpolated,
IB,552,0.0742,interpolated,
IB,553,0.0752,interpolated,
IB,554,0.0763,interpolated,
IB,555,0.0774,interpolated,
IB,556,0.0785,interpolated,
IB,557,0.0796,interpolated,
IB,558,0.0806,interpolated,
IB,559,0.0817,interpolated,
IB,560,0.0828,interpolated,
IB,561,0.0839,interpolated,
IB,562,0.085,interpolated,
IB,563,0.086,interpolated,
IB,564,0.0871,interpolated,
IB,565,0.0882,interpolated,
IB,566,0.0893,interpolated,
IB,567,0.0904,interpolated,
IB,568,0.0914,interpolated,
IB,569,0.0925,interpolated,
IB,570,0.0936,interpolated,
IB,571,0.0947,interpolated,
IB,572,0.0958,interpolated,
IB,573,0.0968,interpolated,
IB,574,0.0979,interpolated,
IB,575,0.099,ok,
IB,576,0.1048,interpolated,
IB,577,0.1107,interpolated,
IB,578,0.1165,interpolated,
IB,579,0.1224,interpolated,
IB,580,0.1282,interpolated,
IB,581,0.134,interpolated,
IB,582,0.1399,interpolated,
IB,583,0.1457,interpolated,
IB,584,0.1516,interpolated,
IB,585,0.1574,interpolated,
IB,586,0.1632,interpolated,
IB,587,0.1691,interpolated,
IB,588,0.1749,interpolated,
IB,589,0.1808,interpolated,
IB,590,0.1866,interpolated,
IB,591,0.1924,interpolated,
IB,592,0.1983,interpolated,
IB,593,0.2041,interpolated,
IB,594,0.21,interpolated,
IB,595,0.2158,interpolated,
IB,596,0.2216,interpolated,
IB,597,0.2275,interpolated,
IB,598,0.2333,interpolated,
IB,599,0.2392,interpolated,
IB,600,0.245,ok,
IB,601,0.2478,interpolated,
IB,602,0.2506,interpolated,
IB,603,0.2534,interpolated,
IB,604,0.2562,interpolated,
IB,605,0.259,interpolated,
IB,606,0.2618,interpolated,
IB,607,0.2646,interpolated,
IB,608,0.2674,interpolated,
IB,609,0.2702,interpolated,
IB,610,0.273,interpolated,
IB,611,0.2758,interpolated,
IB,612,0.2786,interpolated,
IB,613,0.2814,interpolated,
IB,614,0.2842,interpolated,
IB,615,0.287,interpolated,
IB,616,0.2898,interpolated,
IB,617,0.2926,interpolated,
IB,618,0.2954,interpolated,
IB,619,0.2982,interpolated,
IB,620,0.301,interpolated,
IB,621,0.3038,interpolated,
IB,622,0.3066,interpolated,
IB,623,0.3094,interpolated,
IB,624,0.3122,interpolated,
IB,625,0.315,ok,
IB,626,0.3174,interpolated,
IB,627,0.3198,interpolated,
IB,628,0.3222,interpolated,
IB,629,0.3246,interpolated,
IB,630,0.327,interpolated,
IB,631,0.3294,interpolated,
IB,632,0.3318,interpolated,
IB,633,0.3342,interpolated,
IB,634,0.3366,interpolated,
IB,635,0.339,interpolated,
IB,636,0.3414,interpolated,
IB,637,0.3438,interpolated,
IB,638,0.3462,interpolated,
IB,639,0.3486,interpolated,
IB,640,0.351,interpolated,
IB,641,0.3534,interpolated,
IB,642,0.3558,interpolated,
IB,643,0.3582,interpolated,
IB,644,0.3606,interpolated,
IB,645,0.363,interpolated,
IB,646,0.3654,interpolated,
IB,647,0.3678,interpolated,
IB,648,0.3702,interpolated,
IB,649,0.3726,interpolated,
IB,650,0.375,ok,
IB,651,0.3774,interpolated,
IB,652,0.3798,interpolated,
IB,653,0.3822,interpolated,
IB,654,0.3846,interpolated,
IB,655,0.387,interpolated,
IB,656,0.3894,interpolated,
IB,657,0.3918,interpolated,
IB,658,0.3942,interpolated,
IB,659,0.3966,interpolated,
IB,660,0.399,interpolated,
IB,661,0.4014,interpolated,
IB,662,0.4038,interpolated,
IB,663,0.4062,interpolated,
IB,664,0.4086,interpolated,
IB,665,0.411,interpolated,
IB,666,0.4134,interpolated,
IB,667,0.4158,interpolated,
IB,668,0.4182,interpolated,
IB,669,0.4206,interpolated,
IB,670,0.423,interpolated,
IB,671,0.4254,interpolated,
IB,672,0.4278,interpolated,
IB,673,0.4302,interpolated,
IB,674,0.4326,interpolated,
IB,675,0.435,ok,
IB,676,0.4408,interpolated,
IB,677,0.4466,interpolated,
IB,678,0.4524,interpolated,
IB,679,0.4582,interpolated,
IB,680,0.464,interpolated,
IB,681,0.4698,interpolated,
IB,682,0.4756,interpolated,
IB,683,0.4814,interpolated,
IB,684,0.4872,interpolated,
IB,685,0.493,interpolated,
IB,686,0.4988,interpolated,
IB,687,0.5046,interpolated,
IB,688,0.5104,interpolated,
IB,689,0.5162,interpolated,
IB,690,0.522,interpolated,
IB,691,0.5278,interpolated,
IB,692,0.5336,interpolated,
IB,693,0.5394,interpolated,
IB,694,0.5452,interpolated,
IB,695,0.551,interpolated,
IB,696,0.5568,interpolated,
IB,697,0.5626,interpolated,
IB,698,0.5684,interpolated,
IB,699,0.5742,interpolated,
IB,700,0.58,ok,
IB,701,0.5858,extrapolated_by_dataset,Jerlov printed 310-700 nm; linear extrapolation in the Dstl dataset
IB,702,0.5916,extrapolated_by_dataset,Jerlov printed 310-700 nm; linear extrapolation in the Dstl dataset
IB,703,0.5974,extrapolated_by_dataset,Jerlov printed 310-700 nm; linear extrapolation in the Dstl dataset
IB,704,0.6032,extrapolated_by_dataset,Jerlov printed 310-700 nm; linear extrapolation in the Dstl dataset
IB,705,0.609,extrapolated_by_dataset,Jerlov printed 310-700 nm; linear extrapolation in the Dstl dataset
IB,706,0.6148,extrapolated_by_dataset,Jerlov printed 310-700 nm; linear extrapolation in the Dstl dataset
IB,707,0.6206,extrapolated_by_dataset,Jerlov printed 310-700 nm; linear extrapolation in the Dstl dataset
IB,708,0.6264,extrapolated_by_dataset,Jerlov printed 310-700 nm; linear extrapolation in the Dstl dataset
IB,709,0.6322,extrapolated_by_dataset,Jerlov printed 310-700 nm; linear extrapolation in the Dstl dataset
IB,710,0.638,extrapolated_by_dataset,Jerlov printed 310-700 nm; linear extrapolation in the Dstl dataset
IB,711,0.6438,extrapolated_by_dataset,Jerlov printed 310-700 nm; linear extrapolation in the Dstl dataset
IB,712,0.6496,extrapolated_by_dataset,Jerlov printed 310-700 nm; linear extrapolation in the Dstl dataset
IB,713,0.6554,extrapolated_by_dataset,Jerlov printed 310-700 nm; linear extrapolation in the Dstl dataset
IB,714,0.6612,extrapolated_by_dataset,Jerlov printed 310-700 nm; linear extrapolation in the Dstl dataset
IB,715,0.667,extrapolated_by_dataset,Jerlov printed 310-700 nm; linear extrapolation in the Dstl dataset
II,300,0.4188,extrapolated_by_dataset,Jerlov printed 310-700 nm; linear extrapolation in the Dstl dataset
II,301,0.4139,extrapolated_by_dataset,Jerlov printed 310-700 nm; linear extrapolation in the Dstl dataset
II,302,0.409,extrapolated_by_dataset,Jerlov printed 310-700 nm; linear extrapolation in the Dstl dataset
II,303,0.4041,extrapolated_by_dataset,Jerlov printed 310-700 nm; linear extrapolation in the Dstl dataset
II,304,0.3993,extrapolated_by_dataset,Jerlov printed 310-700 nm; linear extrapolation in the Dstl dataset
II,305,0.3944,extrapolated_by_dataset,Jerlov printed 310-700 nm; linear extrapolation in the Dstl dataset
II,306,0.3895,extrapolated_by_dataset,Jerlov printed 310-700 nm; linear extrapolation in the Dstl dataset
II,307,0.3846,extrapolated_by_dataset,Jerlov printed 310-700 nm; linear extrapolation in the Dstl dataset
II,308,0.3798,extrapolated_by_dataset,Jerlov printed 310-700 nm; linear extrapolation in the Dstl dataset
II,309,0.3749,extrapolated_by_dataset,Jerlov printed 310-700 nm; linear extrapolation in the Dstl dataset
II,310,0.37,ok,
II,311,0.3651,interpolated,
II,312,0.3603,interpolated,
II,313,0.3554,interpolated,
II,314,0.3505,interpolated,
II,315,0.3456,interpolated,
II,316,0.3408,interpolated,
II,317,0.3359,interpolated,
II,318,0.331,interpolated,
II,319,0.3261,interpolated,
II,320,0.3213,interpolated,
II,321,0.3164,interpolated,
II,322,0.3115,interpolated,
II,323,0.3066,interpolated,
II,324,0.3018,interpolated,
II,325,0.2969,interpolated,
II,326,0.292,interpolated,
II,327,0.2871,interpolated,
II,328,0.2823,interpolated,
II,329,0.2774,interpolated,
II,330,0.2725,interpolated,
II,331,0.2676,interpolated,
II,332,0.2628,interpolated,
II,333,0.2579,interpolated,
II,334,0.253,interpolated,
II,335,0.2481,interpolated,
II,336,0.2433,interpolated,
II,337,0.2384,interpolated,
II,338,0.2335,interpolated,
II,339,0.2286,interpolated,
II,340,0.2238,interpolated,
II,341,0.2189,interpolated,
II,342,0.214,interpolated,
II,343,0.2091,interpolated,
II,344,0.2043,interpolated,
II,345,0.1994,interpolated,
II,346,0.1945,interpolated,
II,347,0.1896,interpolated,
II,348,0.1848,interpolated,
II,349,0.1799,interpolated,
II,350,0.175,ok,
II,351,0.1729,interpolated,
II,352,0.1708,interpolated,
II,353,0.1686,interpolated,
II,354,0.1665,interpolated,
II,355,0.1644,interpolated,
II,356,0.1623,interpolated,
II,357,0.1602,interpolated,
II,358,0.158,interpolated,
II,359,0.1559,interpolated,
II,360,0.1538,interpolated,
II,361,0.1517,interpolated,
II,362,0.1496,interpolated,
II,363,0.1474,interpolated,
II,364,0.1453,interpolated,
II,365,0.1432,interpolated,
II,366,0.1411,interpolated,
II,367,0.139,interpolated,
II,368,0.1368,interpolated,
II,369,0.1347,interpolated,
II,370,0.1326,interpolated,
II,371,0.1305,interpolated,
II,372,0.1284,interpolated,
II,373,0.1262,interpolated,
II,374,0.1241,interpolated,
II,375,0.122,ok,
II,376,0.121,interpolated,
II,377,0.1199,interpolated,
II,378,0.1189,interpolated,
II,379,0.1178,interpolated,
II,380,0.1168,interpolated,
II,381,0.1158,interpolated,
II,382,0.1147,interpolated,
II,383,0.1137,interpolated,
II,384,0.1126,interpolated,
II,385,0.1116,interpolated,
II,386,0.1106,interpolated,
II,387,0.1095,interpolated,
II,388,0.1085,interpolated,
II,389,0.1074,interpolated,
II,390,0.1064,interpolated,
II,391,0.1054,interpolated,
II,392,0.1043,interpolated,
II,393,0.1033,interpolated,
II,394,0.1022,interpolated,
II,395,0.1012,interpolated,
II,396,0.1002,interpolated,
II,397,0.0991,interpolated,
II,398,0.0981,interpolated,
II,399,0.097,interpolated,
II,400,0.096,ok,
II,401,0.0954,interpolated,
II,402,0.0948,interpolated,
II,403,0.0942,interpolated,
II,404,0.0936,interpolated,
II,405,0.093,interpolated,
II,406,0.0924,interpolated,
II,407,0.0918,interpolated,
II,408,0.0912,interpolated,
II,409,0.0906,interpolated,
II,410,0.09,interpolated,
II,411,0.0894,interpolated,
II,412,0.0888,interpolated,
II,413,0.0882,interpolated,
II,414,0.0876,interpolated,
II,415,0.087,interpolated,
II,416,0.0864,interpolated,
II,417,0.0858,interpolated,
II,418,0.0852,interpolated,
II,419,0.0846,interpolated,
II,420,0.084,interpolated,
II,421,0.0834,interpolated,
II,422,0.0828,interpolated,
II,423,0.0822,interpolated,
II,424,0.0816,interpolated,
II,425,0.081,ok,
II,426,0.0805,interpolated,
II,427,0.08,interpolated,
II,428,0.0794,interpolated,
II,429,0.0789,interpolated,
II,430,0.0784,interpolated,
II,431,0.0779,interpolated,
II,432,0.0774,interpolated,
II,433,0.0768,interpolated,
II,434,0.0763,interpolated,
II,435,0.0758,interpolated,
II,436,0.0753,interpolated,
II,437,0.0748,interpolated,
II,438,0.0742,interpolated,
II,439,0.0737,interpolated,
II,440,0.0732,interpolated,
II,441,0.0727,interpolated,
II,442,0.0722,interpolated,
II,443,0.0716,interpolated,
II,444,0.0711,interpolated,
II,445,0.0706,interpolated,
II,446,0.0701,interpolated,
II,447,0.0696,interpolated,
II,448,0.069,interpolated,
II,449,0.0685,interpolated,
II,450,0.068,ok,
II,451,0.0678,interpolated,
II,452,0.0675,interpolated,
II,453,0.0673,interpolated,
II,454,0.067,interpolated,
II,455,0.0668,interpolated,
II,456,0.0666,interpolated,
II,457,0.0663,interpolated,
II,458,0.0661,interpolated,
II,459,0.0658,interpolated,
II,460,0.0656,interpolated,
II,461,0.0654,interpolated,
II,462,0.0651,interpolated,
II,463,0.0649,interpolated,
II,464,0.0646,interpolated,
II,465,0.0644,interpolated,
II,466,0.0642,interpolated,
II,467,0.0639,interpolated,
II,468,0.0637,interpolated,
II,469,0.0634,interpolated,
II,470,0.0632,interpolated,
II,471,0.063,interpolated,
II,472,0.0627,interpolated,
II,473,0.0625,interpolated,
II,474,0.0622,interpolated,
II,475,0.062,ok,
II,476,0.0623,interpolated,
II,477,0.0626,interpolated,
II,478,0.063,interpolated,
II,479,0.0633,interpolated,
II,480,0.0636,interpolated,
II,481,0.0639,interpolated,
II,482,0.0642,interpolated,
II,483,0.0646,interpolated,
II,484,0.0649,interpolated,
II,485,0.0652,interpolated,
II,486,0.0655,interpolated,
II,487,0.0658,interpolated,
II,488,0.0662,interpolated,
II,489,0.0665,interpolated,
II,490,0.0668,interpolated,
II,491,0.0671,interpolated,
II,492,0.0674,interpolated,
II,493,0.0678,interpolated,
II,494,0.0681,interpolated,
II,495,0.0684,interpolated,
II,496,0.0687,interpolated,
II,497,0.069,interpolated,
II,498,0.0694,interpolated,
II,499,0.0697,interpolated,
II,500,0.07,ok,
II,501,0.0702,interpolated,
II,502,0.0705,interpolated,
II,503,0.0707,interpolated,
II,504,0.071,interpolated,
II,505,0.0712,interpolated,
II,506,0.0714,interpolated,
II,507,0.0717,interpolated,
II,508,0.0719,interpolated,
II,509,0.0722,interpolated,
II,510,0.0724,interpolated,
II,511,0.0726,interpolated,
II,512,0.0729,interpolated,
II,513,0.0731,interpolated,
II,514,0.0734,interpolated,
II,515,0.0736,interpolated,
II,516,0.0738,interpolated,
II,517,0.0741,interpolated,
II,518,0.0743,interpolated,
II,519,0.0746,interpolated,
II,520,0.0748,interpolated,
II,521,0.075,interpolated,
II,522,0.0753,interpolated,
II,523,0.0755,interpolated,
II,524,0.0758,interpolated,
II,525,0.076,ok,
II,526,0.0765,interpolated,
II,527,0.077,interpolated,
II,528,0.0776,interpolated,
II,529,0.0781,interpolated,
II,530,0.0786,interpolated,
II,531,0.0791,interpolated,
II,532,0.0796,interpolated,
II,533,0.0802,interpolated,
II,534,0.0807,interpolated,
II,535,0.0812,interpolated,
II,536,0.0817,interpolated,
II,537,0.0822,interpolated,
II,538,0.0828,interpolated,
II,539,0.0833,interpolated,
II,540,0.0838,interpolated,
II,541,0.0843,interpolated,
II,542,0.0848,interpolated,
II,543,0.0854,interpolated,
II,544,0.0859,interpolated,
II,545,0.0864,interpolated,
II,546,0.0869,interpolated,
II,547,0.0874,interpolated,
II,548,0.088,interpolated,
II,549,0.0885,interpolated,
II,550,0.089,ok,
II,551,0.09,interpolated,
II,552,0.0911,interpolated,
II,553,0.0921,interpolated,
II,554,0.0932,interpolated,
II,555,0.0942,interpolated,
II,556,0.0952,interpolated,
II,557,0.0963,interpolated,
II,558,0.0973,interpolated,
II,559,0.0984,interpolated,
II,560,0.0994,interpolated,
II,561,0.1004,interpolated,
II,562,0.1015,interpolated,
II,563,0.1025,interpolated,
II,564,0.1036,interpolated,
II,565,0.1046,interpolated,
II,566,0.1056,interpolated,
II,567,0.1067,interpolated,
II,568,0.1077,interpolated,
II,569,0.1088,interpolated,
II,570,0.1098,interpolated,
II,571,0.1108,interpolated,
II,572,0.1119,interpolated,
II,573,0.1129,interpolated,
II,574,0.114,interpolated,
II,575,0.115,ok,
II,576,0.1208,interpolated,
II,577,0.1266,interpolated,
II,578,0.1324,interpolated,
II,579,0.1382,interpolated,
II,580,0.144,interpolated,
II,581,0.1498,interpolated,
II,582,0.1556,interpolated,
II,583,0.1614,interpolated,
II,584,0.1672,interpolated,
II,585,0.173,interpolated,
II,586,0.1788,interpolated,
II,587,0.1846,interpolated,
II,588,0.1904,interpolated,
II,589,0.1962,interpolated,
II,590,0.202,interpolated,
II,591,0.2078,interpolated,
II,592,0.2136,interpolated,
II,593,0.2194,interpolated,
II,594,0.2252,interpolated,
II,595,0.231,interpolated,
II,596,0.2368,interpolated,
II,597,0.2426,interpolated,
II,598,0.2484,interpolated,
II,599,0.2542,interpolated,
II,600,0.26,ok,
II,601,0.263,interpolated,
II,602,0.266,interpolated,
II,603,0.269,interpolated,
II,604,0.272,interpolated,
II,605,0.275,interpolated,
II,606,0.278,interpolated,
II,607,0.281,interpolated,
II,608,0.284,interpolated,
II,609,0.287,interpolated,
II,610,0.29,interpolated,
II,611,0.293,interpolated,
II,612,0.296,interpolated,
II,613,0.299,interpolated,
II,614,0.302,interpolated,
II,615,0.305,interpolated,
II,616,0.308,interpolated,
II,617,0.311,interpolated,
II,618,0.314,interpolated,
II,619,0.317,interpolated,
II,620,0.32,interpolated,
II,621,0.323,interpolated,
II,622,0.326,interpolated,
II,623,0.329,interpolated,
II,624,0.332,interpolated,
II,625,0.335,ok,
II,626,0.3376,interpolated,
II,627,0.3402,interpolated,
II,628,0.3428,interpolated,
II,629,0.3454,interpolated,
II,630,0.348,interpolated,
II,631,0.3506,interpolated,
II,632,0.3532,interpolated,
II,633,0.3558,interpolated,
II,634,0.3584,interpolated,
II,635,0.361,interpolated,
II,636,0.3636,interpolated,
II,637,0.3662,interpolated,
II,638,0.3688,interpolated,
II,639,0.3714,interpolated,
II,640,0.374,interpolated,
II,641,0.3766,interpolated,
II,642,0.3792,interpolated,
II,643,0.3818,interpolated,
II,644,0.3844,interpolated,
II,645,0.387,interpolated,
II,646,0.3896,interpolated,
II,647,0.3922,interpolated,
II,648,0.3948,interpolated,
II,649,0.3974,interpolated,
II,650,0.4,ok,
II,651,0.4026,interpolated,
II,652,0.4052,interpolated,
II,653,0.4078,interpolated,
II,654,0.4104,interpolated,
II,655,0.413,interpolated,
II,656,0.4156,interpolated,
II,657,0.4182,interpolated,
II,658,0.4208,interpolated,
II,659,0.4234,interpolated,
II,660,0.426,interpolated,
II,661,0.4286,interpolated,
II,662,0.4312,interpolated,
II,663,0.4338,interpolated,
II,664,0.4364,interpolated,
II,665,0.439,interpolated,
II,666,0.4416,interpolated,
II,667,0.4442,interpolated,
II,668,0.4468,interpolated,
II,669,0.4494,interpolated,
II,670,0.452,interpolated,
II,671,0.4546,interpolated,
II,672,0.4572,interpolated,
II,673,0.4598,interpolated,
II,674,0.4624,interpolated,
II,675,0.465,ok,
II,676,0.4708,interpolated,
II,677,0.4766,interpolated,
II,678,0.4824,interpolated,
II,679,0.4882,interpolated,
II,680,0.494,interpolated,
II,681,0.4998,interpolated,
II,682,0.5056,interpolated,
II,683,0.5114,interpolated,
II,684,0.5172,interpolated,
II,685,0.523,interpolated,
II,686,0.5288,interpolated,
II,687,0.5346,interpolated,
II,688,0.5404,interpolated,
II,689,0.5462,interpolated,
II,690,0.552,interpolated,
II,691,0.5578,interpolated,
II,692,0.5636,interpolated,
II,693,0.5694,interpolated,
II,694,0.5752,interpolated,
II,695,0.581,interpolated,
II,696,0.5868,interpolated,
II,697,0.5926,interpolated,
II,698,0.5984,interpolated,
II,699,0.6042,interpolated,
II,700,0.61,ok,
II,701,0.6158,extrapolated_by_dataset,Jerlov printed 310-700 nm; linear extrapolation in the Dstl dataset
II,702,0.6216,extrapolated_by_dataset,Jerlov printed 310-700 nm; linear extrapolation in the Dstl dataset
II,703,0.6274,extrapolated_by_dataset,Jerlov printed 310-700 nm; linear extrapolation in the Dstl dataset
II,704,0.6332,extrapolated_by_dataset,Jerlov printed 310-700 nm; linear extrapolation in the Dstl dataset
II,705,0.639,extrapolated_by_dataset,Jerlov printed 310-700 nm; linear extrapolation in the Dstl dataset
II,706,0.6448,extrapolated_by_dataset,Jerlov printed 310-700 nm; linear extrapolation in the Dstl dataset
II,707,0.6506,extrapolated_by_dataset,Jerlov printed 310-700 nm; linear extrapolation in the Dstl dataset
II,708,0.6564,extrapolated_by_dataset,Jerlov printed 310-700 nm; linear extrapolation in the Dstl dataset
II,709,0.6622,extrapolated_by_dataset,Jerlov printed 310-700 nm; linear extrapolation in the Dstl dataset
II,710,0.668,extrapolated_by_dataset,Jerlov printed 310-700 nm; linear extrapolation in the Dstl dataset
II,711,0.6738,extrapolated_by_dataset,Jerlov printed 310-700 nm; linear extrapolation in the Dstl dataset
II,712,0.6796,extrapolated_by_dataset,Jerlov printed 310-700 nm; linear extrapolation in the Dstl dataset
II,713,0.6854,extrapolated_by_dataset,Jerlov printed 310-700 nm; linear extrapolation in the Dstl dataset
II,714,0.6912,extrapolated_by_dataset,Jerlov printed 310-700 nm; linear extrapolation in the Dstl dataset
II,715,0.697,extrapolated_by_dataset,Jerlov printed 310-700 nm; linear extrapolation in the Dstl dataset
III,300,0.7325,extrapolated_by_dataset,Jerlov printed 310-700 nm; linear extrapolation in the Dstl dataset
III,301,0.7243,extrapolated_by_dataset,Jerlov printed 310-700 nm; linear extrapolation in the Dstl dataset
III,302,0.716,extrapolated_by_dataset,Jerlov printed 310-700 nm; linear extrapolation in the Dstl dataset
III,303,0.7078,extrapolated_by_dataset,Jerlov printed 310-700 nm; linear extrapolation in the Dstl dataset
III,304,0.6995,extrapolated_by_dataset,Jerlov printed 310-700 nm; linear extrapolation in the Dstl dataset
III,305,0.6913,extrapolated_by_dataset,Jerlov printed 310-700 nm; linear extrapolation in the Dstl dataset
III,306,0.683,extrapolated_by_dataset,Jerlov printed 310-700 nm; linear extrapolation in the Dstl dataset
III,307,0.6748,extrapolated_by_dataset,Jerlov printed 310-700 nm; linear extrapolation in the Dstl dataset
III,308,0.6665,extrapolated_by_dataset,Jerlov printed 310-700 nm; linear extrapolation in the Dstl dataset
III,309,0.6583,extrapolated_by_dataset,Jerlov printed 310-700 nm; linear extrapolation in the Dstl dataset
III,310,0.65,ok,
III,311,0.6418,interpolated,
III,312,0.6335,interpolated,
III,313,0.6253,interpolated,
III,314,0.617,interpolated,
III,315,0.6088,interpolated,
III,316,0.6005,interpolated,
III,317,0.5923,interpolated,
III,318,0.584,interpolated,
III,319,0.5758,interpolated,
III,320,0.5675,interpolated,
III,321,0.5593,interpolated,
III,322,0.551,interpolated,
III,323,0.5428,interpolated,
III,324,0.5345,interpolated,
III,325,0.5263,interpolated,
III,326,0.518,interpolated,
III,327,0.5098,interpolated,
III,328,0.5015,interpolated,
III,329,0.4933,interpolated,
III,330,0.485,interpolated,
III,331,0.4768,interpolated,
III,332,0.4685,interpolated,
III,333,0.4603,interpolated,
III,334,0.452,interpolated,
III,335,0.4438,interpolated,
III,336,0.4355,interpolated,
III,337,0.4273,interpolated,
III,338,0.419,interpolated,
III,339,0.4108,interpolated,
III,340,0.4025,interpolated,
III,341,0.3943,interpolated,
III,342,0.386,interpolated,
III,343,0.3778,interpolated,
III,344,0.3695,interpolated,
III,345,0.3613,interpolated,
III,346,0.353,interpolated,
III,347,0.3448,interpolated,
III,348,0.3365,interpolated,
III,349,0.3283,interpolated,
III,350,0.32,ok,
III,351,0.316,interpolated,
III,352,0.312,interpolated,
III,353,0.308,interpolated,
III,354,0.304,interpolated,
III,355,0.3,interpolated,
III,356,0.296,interpolated,
III,357,0.292,interpolated,
III,358,0.288,interpolated,
III,359,0.284,interpolated,
III,360,0.28,interpolated,
III,361,0.276,interpolated,
III,362,0.272,interpolated,
III,363,0.268,interpolated,
III,364,0.264,interpolated,
III,365,0.26,interpolated,
III,366,0.256,interpolated,
III,367,0.252,interpolated,
III,368,0.248,interpolated,
III,369,0.244,interpolated,
III,370,0.24,interpolated,
III,371,0.236,interpolated,
III,372,0.232,interpolated,
III,373,0.228,interpolated,
III,374,0.224,interpolated,
III,375,0.22,ok,
III,376,0.2186,interpolated,
III,377,0.2172,interpolated,
III,378,0.2158,interpolated,
III,379,0.2144,interpolated,
III,380,0.213,interpolated,
III,381,0.2116,interpolated,
III,382,0.2102,interpolated,
III,383,0.2088,interpolated,
III,384,0.2074,interpolated,
III,385,0.206,interpolated,
III,386,0.2046,interpolated,
III,387,0.2032,interpolated,
III,388,0.2018,interpolated,
III,389,0.2004,interpolated,
III,390,0.199,interpolated,
III,391,0.1976,interpolated,
III,392,0.1962,interpolated,
III,393,0.1948,interpolated,
III,394,0.1934,interpolated,
III,395,0.192,interpolated,
III,396,0.1906,interpolated,
III,397,0.1892,interpolated,
III,398,0.1878,interpolated,
III,399,0.1864,interpolated,
III,400,0.185,ok,
III,401,0.184,interpolated,
III,402,0.183,interpolated,
III,403,0.182,interpolated,
III,404,0.181,interpolated,
III,405,0.18,interpolated,
III,406,0.179,interpolated,
III,407,0.178,interpolated,
III,408,0.177,interpolated,
III,409,0.176,interpolated,
III,410,0.175,interpolated,
III,411,0.174,interpolated,
III,412,0.173,interpolated,
III,413,0.172,interpolated,
III,414,0.171,interpolated,
III,415,0.17,interpolated,
III,416,0.169,interpolated,
III,417,0.168,interpolated,
III,418,0.167,interpolated,
III,419,0.166,interpolated,
III,420,0.165,interpolated,
III,421,0.164,interpolated,
III,422,0.163,interpolated,
III,423,0.162,interpolated,
III,424,0.161,interpolated,
III,425,0.16,ok,
III,426,0.159,interpolated,
III,427,0.158,interpolated,
III,428,0.157,interpolated,
III,429,0.156,interpolated,
III,430,0.155,interpolated,
III,431,0.154,interpolated,
III,432,0.153,interpolated,
III,433,0.152,interpolated,
III,434,0.151,interpolated,
III,435,0.15,interpolated,
III,436,0.149,interpolated,
III,437,0.148,interpolated,
III,438,0.147,interpolated,
III,439,0.146,interpolated,
III,440,0.145,interpolated,
III,441,0.144,interpolated,
III,442,0.143,interpolated,
III,443,0.142,interpolated,
III,444,0.141,interpolated,
III,445,0.14,interpolated,
III,446,0.139,interpolated,
III,447,0.138,interpolated,
III,448,0.137,interpolated,
III,449,0.136,interpolated,
III,450,0.135,ok,
III,451,0.1342,interpolated,
III,452,0.1335,interpolated,
III,453,0.1327,interpolated,
III,454,0.132,interpolated,
III,455,0.1312,interpolated,
III,456,0.1304,interpolated,
III,457,0.1297,interpolated,
III,458,0.1289,interpolated,
III,459,0.1282,interpolated,
III,460,0.1274,interpolated,
III,461,0.1266,interpolated,
III,462,0.1259,interpolated,
III,463,0.1251,interpolated,
III,464,0.1244,interpolated,
III,465,0.1236,interpolated,
III,466,0.1228,interpolated,
III,467,0.1221,interpolated,
III,468,0.1213,interpolated,
III,469,0.1206,interpolated,
III,470,0.1198,interpolated,
III,471,0.119,interpolated,
III,472,0.1183,interpolated,
III,473,0.1175,interpolated,
III,474,0.1168,interpolated,
III,475,0.116,ok,
III,476,0.116,interpolated,
III,477,0.1159,interpolated,
III,478,0.1159,interpolated,
III,479,0.1158,interpolated,
III,480,0.1158,interpolated,
III,481,0.1158,interpolated,
III,482,0.1157,interpolated,
III,483,0.1157,interpolated,
III,484,0.1156,interpolated,
III,485,0.1156,interpolated,
III,486,0.1156,interpolated,
III,487,0.1155,interpolated,
III,488,0.1155,interpolated,
III,489,0.1154,interpolated,
III,490,0.1154,interpolated,
III,491,0.1154,interpolated,
III,492,0.1153,interpolated,
III,493,0.1153,interpolated,
III,494,0.1152,interpolated,
III,495,0.1152,interpolated,
III,496,0.1152,interpolated,
III,497,0.1151,interpolated,
III,498,0.1151,interpolated,
III,499,0.115,interpolated,
III,500,0.115,ok,
III,501,0.115,interpolated,
III,502,0.1151,interpolated,
III,503,0.1151,interpolated,
III,504,0.1152,interpolated,
III,505,0.1152,interpolated,
III,506,0.1152,interpolated,
III,507,0.1153,interpolated,
III,508,0.1153,interpolated,
III,509,0.1154,interpolated,
III,510,0.1154,interpolated,
III,511,0.1154,interpolated,
III,512,0.1155,interpolated,
III,513,0.1155,interpolated,
III,514,0.1156,interpolated,
III,515,0.1156,interpolated,
III,516,0.1156,interpolated,
III,517,0.1157,interpolated,
III,518,0.1157,interpolated,
III,519,0.1158,interpolated,
III,520,0.1158,interpolated,
III,521,0.1158,interpolated,
III,522,0.1159,interpolated,
III,523,0.1159,interpolated,
III,524,0.116,interpolated,
III,525,0.116,ok,
III,526,0.1162,interpolated,
III,527,0.1163,interpolated,
III,528,0.1165,interpolated,
III,529,0.1166,interpolated,
III,530,0.1168,interpolated,
III,531,0.117,interpolated,
III,532,0.1171,interpolated,
III,533,0.1173,interpolated,
III,534,0.1174,interpolated,
III,535,0.1176,interpolated,
III,536,0.1178,interpolated,
III,537,0.1179,interpolated,
III,538,0.1181,interpolated,
III,539,0.1182,interpolated,
III,540,0.1184,interpolated,
III,541,0.1186,interpolated,
III,542,0.1187,interpolated,
III,543,0.1189,interpolated,
III,544,0.119,interpolated,
III,545,0.1192,interpolated,
III,546,0.1194,interpolated,
III,547,0.1195,interpolated,
III,548,0.1197,interpolated,
III,549,0.1198,interpolated,
III,550,0.12,ok,
III,551,0.1211,interpolated,
III,552,0.1222,interpolated,
III,553,0.1234,interpolated,
III,554,0.1245,interpolated,
III,555,0.1256,interpolated,
III,556,0.1267,interpolated,
III,557,0.1278,interpolated,
III,558,0.129,interpolated,
III,559,0.1301,interpolated,
III,560,0.1312,interpolated,
III,561,0.1323,interpolated,
III,562,0.1334,interpolated,
III,563,0.1346,interpolated,
III,564,0.1357,interpolated,
III,565,0.1368,interpolated,
III,566,0.1379,interpolated,
III,567,0.139,interpolated,
III,568,0.1402,interpolated,
III,569,0.1413,interpolated,
III,570,0.1424,interpolated,
III,571,0.1435,interpolated,
III,572,0.1446,interpolated,
III,573,0.1458,interpolated,
III,574,0.1469,interpolated,
III,575,0.148,ok,
III,576,0.1539,interpolated,
III,577,0.1598,interpolated,
III,578,0.1656,interpolated,
III,579,0.1715,interpolated,
III,580,0.1774,interpolated,
III,581,0.1833,interpolated,
III,582,0.1892,interpolated,
III,583,0.195,interpolated,
III,584,0.2009,interpolated,
III,585,0.2068,interpolated,
III,586,0.2127,interpolated,
III,587,0.2186,interpolated,
III,588,0.2244,interpolated,
III,589,0.2303,interpolated,
III,590,0.2362,interpolated,
III,591,0.2421,interpolated,
III,592,0.248,interpolated,
III,593,0.2538,interpolated,
III,594,0.2597,interpolated,
III,595,0.2656,interpolated,
III,596,0.2715,interpolated,
III,597,0.2774,interpolated,
III,598,0.2832,interpolated,
III,599,0.2891,interpolated,
III,600,0.295,ok,
III,601,0.2982,interpolated,
III,602,0.3014,interpolated,
III,603,0.3046,interpolated,
III,604,0.3078,interpolated,
III,605,0.311,interpolated,
III,606,0.3142,interpolated,
III,607,0.3174,interpolated,
III,608,0.3206,interpolated,
III,609,0.3238,interpolated,
III,610,0.327,interpolated,
III,611,0.3302,interpolated,
III,612,0.3334,interpolated,
III,613,0.3366,interpolated,
III,614,0.3398,interpolated,
III,615,0.343,interpolated,
III,616,0.3462,interpolated,
III,617,0.3494,interpolated,
III,618,0.3526,interpolated,
III,619,0.3558,interpolated,
III,620,0.359,interpolated,
III,621,0.3622,interpolated,
III,622,0.3654,interpolated,
III,623,0.3686,interpolated,
III,624,0.3718,interpolated,
III,625,0.375,ok,
III,626,0.3778,interpolated,
III,627,0.3806,interpolated,
III,628,0.3834,interpolated,
III,629,0.3862,interpolated,
III,630,0.389,interpolated,
III,631,0.3918,interpolated,
III,632,0.3946,interpolated,
III,633,0.3974,interpolated,
III,634,0.4002,interpolated,
III,635,0.403,interpolated,
III,636,0.4058,interpolated,
III,637,0.4086,interpolated,
III,638,0.4114,interpolated,
III,639,0.4142,interpolated,
III,640,0.417,interpolated,
III,641,0.4198,interpolated,
III,642,0.4226,interpolated,
III,643,0.4254,interpolated,
III,644,0.4282,interpolated,
III,645,0.431,interpolated,
III,646,0.4338,interpolated,
III,647,0.4366,interpolated,
III,648,0.4394,interpolated,
III,649,0.4422,interpolated,
III,650,0.445,ok,
III,651,0.448,interpolated,
III,652,0.451,interpolated,
III,653,0.454,interpolated,
III,654,0.457,interpolated,
III,655,0.46,interpolated,
III,656,0.463,interpolated,
III,657,0.466,interpolated,
III,658,0.469,interpolated,
III,659,0.472,interpolated,
III,660,0.475,interpolated,
III,661,0.478,interpolated,
III,662,0.481,interpolated,
III,663,0.484,interpolated,
III,664,0.487,interpolated,
III,665,0.49,interpolated,
III,666,0.493,interpolated,
III,667,0.496,interpolated,
III,668,0.499,interpolated,
III,669,0.502,interpolated,
III,670,0.505,interpolated,
III,671,0.508,interpolated,
III,672,0.511,interpolated,
III,673,0.514,interpolated,
III,674,0.517,interpolated,
III,675,0.52,ok,
III,676,0.5256,interpolated,
III,677,0.5312,interpolated,
III,678,0.5368,interpolated,
III,679,0.5424,interpolated,
III,680,0.548,interpolated,
III,681,0.5536,interpolated,
III,682,0.5592,interpolated,
III,683,0.5648,interpolated,
III,684,0.5704,interpolated,
III,685,0.576,interpolated,
III,686,0.5816,interpolated,
III,687,0.5872,interpolated,
III,688,0.5928,interpolated,
III,689,0.5984,interpolated,
III,690,0.604,interpolated,
III,691,0.6096,interpolated,
III,692,0.6152,interpolated,
III,693,0.6208,interpolated,
III,694,0.6264,interpolated,
III,695,0.632,interpolated,
III,696,0.6376,interpolated,
III,697,0.6432,interpolated,
III,698,0.6488,interpolated,
III,699,0.6544,interpolated,
III,700,0.66,ok,
III,701,0.6656,extrapolated_by_dataset,Jerlov printed 310-700 nm; linear extrapolation in the Dstl dataset
III,702,0.6712,extrapolated_by_dataset,Jerlov printed 310-700 nm; linear extrapolation in the Dstl dataset
III,703,0.6768,extrapolated_by_dataset,Jerlov printed 310-700 nm; linear extrapolation in the Dstl dataset
III,704,0.6824,extrapolated_by_dataset,Jerlov printed 310-700 nm; linear extrapolation in the Dstl dataset
III,705,0.688,extrapolated_by_dataset,Jerlov printed 310-700 nm; linear extrapolation in the Dstl dataset
III,706,0.6936,extrapolated_by_dataset,Jerlov printed 310-700 nm; linear extrapolation in the Dstl dataset
III,707,0.6992,extrapolated_by_dataset,Jerlov printed 310-700 nm; linear extrapolation in the Dstl dataset
III,708,0.7048,extrapolated_by_dataset,Jerlov printed 310-700 nm; linear extrapolation in the Dstl dataset
III,709,0.7104,extrapolated_by_dataset,Jerlov printed 310-700 nm; linear extrapolation in the Dstl dataset
III,710,0.716,extrapolated_by_dataset,Jerlov printed 310-700 nm; linear extrapolation in the Dstl dataset
III,711,0.7216,extrapolated_by_dataset,Jerlov printed 310-700 nm; linear extrapolation in the Dstl dataset
III,712,0.7272,extrapolated_by_dataset,Jerlov printed 310-700 nm; linear extrapolation in the Dstl dataset
III,713,0.7328,extrapolated_by_dataset,Jerlov printed 310-700 nm; linear extrapolation in the Dstl dataset
III,714,0.7384,extrapolated_by_dataset,Jerlov printed 310-700 nm; linear extrapolation in the Dstl dataset
III,715,0.744,extrapolated_by_dataset,Jerlov printed 310-700 nm; linear extrapolation in the Dstl dataset
1C,300,1.95,extrapolated_by_dataset,Jerlov printed 310-700 nm; linear extrapolation in the Dstl dataset
1C,301,1.935,extrapolated_by_dataset,Jerlov printed 310-700 nm; linear extrapolation in the Dstl dataset
1C,302,1.92,extrapolated_by_dataset,Jerlov printed 310-700 nm; linear extrapolation in the Dstl dataset
1C,303,1.905,extrapolated_by_dataset,Jerlov printed 310-700 nm; linear extrapolation in the Dstl dataset
1C,304,1.89,extrapolated_by_dataset,Jerlov printed 310-700 nm; linear extrapolation in the Dstl dataset
1C,305,1.875,extrapolated_by_dataset,Jerlov printed 310-700 nm; linear extrapolation in the Dstl dataset
1C,306,1.86,extrapolated_by_dataset,Jerlov printed 310-700 nm; linear extrapolation in the Dstl dataset
1C,307,1.845,extrapolated_by_dataset,Jerlov printed 310-700 nm; linear extrapolation in the Dstl dataset
1C,308,1.83,extrapolated_by_dataset,Jerlov printed 310-700 nm; linear extrapolation in the Dstl dataset
1C,309,1.815,extrapolated_by_dataset,Jerlov printed 310-700 nm; linear extrapolation in the Dstl dataset
1C,310,1.8,ok,
1C,311,1.785,interpolated,
1C,312,1.77,interpolated,
1C,313,1.755,interpolated,
1C,314,1.74,interpolated,
1C,315,1.725,interpolated,
1C,316,1.71,interpolated,
1C,317,1.695,interpolated,
1C,318,1.68,interpolated,
1C,319,1.665,interpolated,
1C,320,1.65,interpolated,
1C,321,1.635,interpolated,
1C,322,1.62,interpolated,
1C,323,1.605,interpolated,
1C,324,1.59,interpolated,
1C,325,1.575,interpolated,
1C,326,1.56,interpolated,
1C,327,1.545,interpolated,
1C,328,1.53,interpolated,
1C,329,1.515,interpolated,
1C,330,1.5,interpolated,
1C,331,1.485,interpolated,
1C,332,1.47,interpolated,
1C,333,1.455,interpolated,
1C,334,1.44,interpolated,
1C,335,1.425,interpolated,
1C,336,1.41,interpolated,
1C,337,1.395,interpolated,
1C,338,1.38,interpolated,
1C,339,1.365,interpolated,
1C,340,1.35,interpolated,
1C,341,1.335,interpolated,
1C,342,1.32,interpolated,
1C,343,1.305,interpolated,
1C,344,1.29,interpolated,
1C,345,1.275,interpolated,
1C,346,1.26,interpolated,
1C,347,1.245,interpolated,
1C,348,1.23,interpolated,
1C,349,1.215,interpolated,
1C,350,1.2,ok,
1C,351,1.184,interpolated,
1C,352,1.168,interpolated,
1C,353,1.152,interpolated,
1C,354,1.136,interpolated,
1C,355,1.12,interpolated,
1C,356,1.104,interpolated,
1C,357,1.088,interpolated,
1C,358,1.072,interpolated,
1C,359,1.056,interpolated,
1C,360,1.04,interpolated,
1C,361,1.024,interpolated,
1C,362,1.008,interpolated,
1C,363,0.992,interpolated,
1C,364,0.976,interpolated,
1C,365,0.96,interpolated,
1C,366,0.944,interpolated,
1C,367,0.928,interpolated,
1C,368,0.912,interpolated,
1C,369,0.896,interpolated,
1C,370,0.88,interpolated,
1C,371,0.864,interpolated,
1C,372,0.848,interpolated,
1C,373,0.832,interpolated,
1C,374,0.816,interpolated,
1C,375,0.8,ok,
1C,376,0.7884,interpolated,
1C,377,0.7768,interpolated,
1C,378,0.7652,interpolated,
1C,379,0.7536,interpolated,
1C,380,0.742,interpolated,
1C,381,0.7304,interpolated,
1C,382,0.7188,interpolated,
1C,383,0.7072,interpolated,
1C,384,0.6956,interpolated,
1C,385,0.684,interpolated,
1C,386,0.6724,interpolated,
1C,387,0.6608,interpolated,
1C,388,0.6492,interpolated,
1C,389,0.6376,interpolated,
1C,390,0.626,interpolated,
1C,391,0.6144,interpolated,
1C,392,0.6028,interpolated,
1C,393,0.5912,interpolated,
1C,394,0.5796,interpolated,
1C,395,0.568,interpolated,
1C,396,0.5564,interpolated,
1C,397,0.5448,interpolated,
1C,398,0.5332,interpolated,
1C,399,0.5216,interpolated,
1C,400,0.51,ok,
1C,401,0.504,interpolated,
1C,402,0.498,interpolated,
1C,403,0.492,interpolated,
1C,404,0.486,interpolated,
1C,405,0.48,interpolated,
1C,406,0.474,interpolated,
1C,407,0.468,interpolated,
1C,408,0.462,interpolated,
1C,409,0.456,interpolated,
1C,410,0.45,interpolated,
1C,411,0.444,interpolated,
1C,412,0.438,interpolated,
1C,413,0.432,interpolated,
1C,414,0.426,interpolated,
1C,415,0.42,interpolated,
1C,416,0.414,interpolated,
1C,417,0.408,interpolated,
1C,418,0.402,interpolated,
1C,419,0.396,interpolated,
1C,420,0.39,interpolated,
1C,421,0.384,interpolated,
1C,422,0.378,interpolated,
1C,423,0.372,interpolated,
1C,424,0.366,interpolated,
1C,425,0.36,ok,
1C,426,0.3556,interpolated,
1C,427,0.3512,interpolated,
1C,428,0.3468,interpolated,
1C,429,0.3424,interpolated,
1C,430,0.338,interpolated,
1C,431,0.3336,interpolated,
1C,432,0.3292,interpolated,
1C,433,0.3248,interpolated,
1C,434,0.3204,interpolated,
1C,435,0.316,interpolated,
1C,436,0.3116,interpolated,
1C,437,0.3072,interpolated,
1C,438,0.3028,interpolated,
1C,439,0.2984,interpolated,
1C,440,0.294,interpolated,
1C,441,0.2896,interpolated,
1C,442,0.2852,interpolated,
1C,443,0.2808,interpolated,
1C,444,0.2764,interpolated,
1C,445,0.272,interpolated,
1C,446,0.2676,interpolated,
1C,447,0.2632,interpolated,
1C,448,0.2588,interpolated,
1C,449,0.2544,interpolated,
1C,450,0.25,ok,
1C,451,0.2468,interpolated,
1C,452,0.2436,interpolated,
1C,453,0.2404,interpolated,
1C,454,0.2372,interpolated,
1C,455,0.234,interpolated,
1C,456,0.2308,interpolated,
1C,457,0.2276,interpolated,
1C,458,0.2244,interpolated,
1C,459,0.2212,interpolated,
1C,460,0.218,interpolated,
1C,461,0.2148,interpolated,
1C,462,0.2116,interpolated,
1C,463,0.2084,interpolated,
1C,464,0.2052,interpolated,
1C,465,0.202,interpolated,
1C,466,0.1988,interpolated,
1C,467,0.1956,interpolated,
1C,468,0.1924,interpolated,
1C,469,0.1892,interpolated,
1C,470,0.186,interpolated,
1C,471,0.1828,interpolated,
1C,472,0.1796,interpolated,
1C,473,0.1764,interpolated,
1C,474,0.1732,interpolated,
1C,475,0.17,ok,
1C,476,0.1688,interpolated,
1C,477,0.1676,interpolated,
1C,478,0.1664,interpolated,
1C,479,0.1652,interpolated,
1C,480,0.164,interpolated,
1C,481,0.1628,interpolated,
1C,482,0.1616,interpolated,
1C,483,0.1604,interpolated,
1C,484,0.1592,interpolated,
1C,485,0.158,interpolated,
1C,486,0.1568,interpolated,
1C,487,0.1556,interpolated,
1C,488,0.1544,interpolated,
1C,489,0.1532,interpolated,
1C,490,0.152,interpolated,
1C,491,0.1508,interpolated,
1C,492,0.1496,interpolated,
1C,493,0.1484,interpolated,
1C,494,0.1472,interpolated,
1C,495,0.146,interpolated,
1C,496,0.1448,interpolated,
1C,497,0.1436,interpolated,
1C,498,0.1424,interpolated,
1C,499,0.1412,interpolated,
1C,500,0.14,ok,
1C,501,0.1396,interpolated,
1C,502,0.1392,interpolated,
1C,503,0.1388,interpolated,
1C,504,0.1384,interpolated,
1C,505,0.138,interpolated,
1C,506,0.1376,interpolated,
1C,507,0.1372,interpolated,
1C,508,0.1368,interpolated,
1C,509,0.1364,interpolated,
1C,510,0.136,interpolated,
1C,511,0.1356,interpolated,
1C,512,0.1352,interpolated,
1C,513,0.1348,interpolated,
1C,514,0.1344,interpolated,
1C,515,0.134,interpolated,
1C,516,0.1336,interpolated,
1C,517,0.1332,interpolated,
1C,518,0.1328,interpolated,
1C,519,0.1324,interpolated,
1C,520,0.132,interpolated,
1C,521,0.1316,interpolated,
1C,522,0.1312,interpolated,
1C,523,0.1308,interpolated,
1C,524,0.1304,interpolated,
1C,525,0.13,ok,
1C,526,0.1296,interpolated,
1C,527,0.1292,interpolated,
1C,528,0.1288,interpolated,
1C,529,0.1284,interpolated,
1C,530,0.128,interpolated,
1C,531,0.1276,interpolated,
1C,532,0.1272,interpolated,
1C,533,0.1268,interpolated,
1C,534,0.1264,interpolated,
1C,535,0.126,interpolated,
1C,536,0.1256,interpolated,
1C,537,0.1252,interpolated,
1C,538,0.1248,interpolated,
1C,539,0.1244,interpolated,
1C,540,0.124,interpolated,
1C,541,0.1236,interpolated,
1C,542,0.1232,interpolated,
1C,543,0.1228,interpolated,
1C,544,0.1224,interpolated,
1C,545,0.122,interpolated,
1C,546,0.1216,interpolated,
1C,547,0.1212,interpolated,
1C,548,0.1208,interpolated,
1C,549,0.1204,interpolated,
1C,550,0.12,ok,
1C,551,0.1212,interpolated,
1C,552,0.1224,interpolated,
1C,553,0.1236,interpolated,
1C,554,0.1248,interpolated,
1C,555,0.126,interpolated,
1C,556,0.1272,interpolated,
1C,557,0.1284,interpolated,
1C,558,0.1296,interpolated,
1C,559,0.1308,interpolated,
1C,560,0.132,interpolated,
1C,561,0.1332,interpolated,
1C,562,0.1344,interpolated,
1C,563,0.1356,interpolated,
1C,564,0.1368,interpolated,
1C,565,0.138,interpolated,
1C,566,0.1392,interpolated,
1C,567,0.1404,interpolated,
1C,568,0.1416,interpolated,
1C,569,0.1428,interpolated,
1C,570,0.144,interpolated,
1C,571,0.1452,interpolated,
1C,572,0.1464,interpolated,
1C,573,0.1476,interpolated,
1C,574,0.1488,interpolated,
1C,575,0.15,ok,
1C,576,0.156,interpolated,
1C,577,0.162,interpolated,
1C,578,0.168,interpolated,
1C,579,0.174,interpolated,
1C,580,0.18,interpolated,
1C,581,0.186,interpolated,
1C,582,0.192,interpolated,
1C,583,0.198,interpolated,
1C,584,0.204,interpolated,
1C,585,0.21,interpolated,
1C,586,0.216,interpolated,
1C,587,0.222,interpolated,
1C,588,0.228,interpolated,
1C,589,0.234,interpolated,
1C,590,0.24,interpolated,
1C,591,0.246,interpolated,
1C,592,0.252,interpolated,
1C,593,0.258,interpolated,
1C,594,0.264,interpolated,
1C,595,0.27,interpolated,
1C,596,0.276,interpolated,
1C,597,0.282,interpolated,
1C,598,0.288,interpolated,
1C,599,0.294,interpolated,
1C,600,0.3,ok,
1C,601,0.3028,interpolated,
1C,602,0.3056,interpolated,
1C,603,0.3084,interpolated,
1C,604,0.3112,interpolated,
1C,605,0.314,interpolated,
1C,606,0.3168,interpolated,
1C,607,0.3196,interpolated,
1C,608,0.3224,interpolated,
1C,609,0.3252,interpolated,
1C,610,0.328,interpolated,
1C,611,0.3308,interpolated,
1C,612,0.3336,interpolated,
1C,613,0.3364,interpolated,
1C,614,0.3392,interpolated,
1C,615,0.342,interpolated,
1C,616,0.3448,interpolated,
1C,617,0.3476,interpolated,
1C,618,0.3504,interpolated,
1C,619,0.3532,interpolated,
1C,620,0.356,interpolated,
1C,621,0.3588,interpolated,
1C,622,0.3616,interpolated,
1C,623,0.3644,interpolated,
1C,624,0.3672,interpolated,
1C,625,0.37,ok,
1C,626,0.3732,interpolated,
1C,627,0.3764,interpolated,
1C,628,0.3796,interpolated,
1C,629,0.3828,interpolated,
1C,630,0.386,interpolated,
1C,631,0.3892,interpolated,
1C,632,0.3924,interpolated,
1C,633,0.3956,interpolated,
1C,634,0.3988,interpolated,
1C,635,0.402,interpolated,
1C,636,0.4052,interpolated,
1C,637,0.4084,interpolated,
1C,638,0.4116,interpolated,
1C,639,0.4148,interpolated,
1C,640,0.418,interpolated,
1C,641,0.4212,interpolated,
1C,642,0.4244,interpolated,
1C,643,0.4276,interpolated,
1C,644,0.4308,interpolated,
1C,645,0.434,interpolated,
1C,646,0.4372,interpolated,
1C,647,0.4404,interpolated,
1C,648,0.4436,interpolated,
1C,649,0.4468,interpolated,
1C,650,0.45,ok,
1C,651,0.4524,interpolated,
1C,652,0.4548,interpolated,
1C,653,0.4572,interpolated,
1C,654,0.4596,interpolated,
1C,655,0.462,interpolated,
1C,656,0.4644,interpolated,
1C,657,0.4668,interpolated,
1C,658,0.4692,interpolated,
1C,659,0.4716,interpolated,
1C,660,0.474,interpolated,
1C,661,0.4764,interpolated,
1C,662,0.4788,interpolated,
1C,663,0.4812,interpolated,
1C,664,0.4836,interpolated,
1C,665,0.486,interpolated,
1C,666,0.4884,interpolated,
1C,667,0.4908,interpolated,
1C,668,0.4932,interpolated,
1C,669,0.4956,interpolated,
1C,670,0.498,interpolated,
1C,671,0.5004,interpolated,
1C,672,0.5028,interpolated,
1C,673,0.5052,interpolated,
1C,674,0.5076,interpolated,
1C,675,0.51,ok,
1C,676,0.5156,interpolated,
1C,677,0.5212,interpolated,
1C,678,0.5268,interpolated,
1C,679,0.5324,interpolated,
1C,680,0.538,interpolated,
1C,681,0.5436,interpolated,
1C,682,0.5492,interpolated,
1C,683,0.5548,interpolated,
1C,684,0.5604,interpolated,
1C,685,0.566,interpolated,
1C,686,0.5716,interpolated,
1C,687,0.5772,interpolated,
1C,688,0.5828,interpolated,
1C,689,0.5884,interpolated,
1C,690,0.594,interpolated,
1C,691,0.5996,interpolated,
1C,692,0.6052,interpolated,
1C,693,0.6108,interpolated,
1C,694,0.6164,interpolated,
1C,695,0.622,interpolated,
1C,696,0.6276,interpolated,
1C,697,0.6332,interpolated,
1C,698,0.6388,interpolated,
1C,699,0.6444,interpolated,
1C,700,0.65,ok,
1C,701,0.6556,extrapolated_by_dataset,Jerlov printed 310-700 nm; linear extrapolation in the Dstl dataset
1C,702,0.6612,extrapolated_by_dataset,Jerlov printed 310-700 nm; linear extrapolation in the Dstl dataset
1C,703,0.6668,extrapolated_by_dataset,Jerlov printed 310-700 nm; linear extrapolation in the Dstl dataset
1C,704,0.6724,extrapolated_by_dataset,Jerlov printed 310-700 nm; linear extrapolation in the Dstl dataset
1C,705,0.678,extrapolated_by_dataset,Jerlov printed 310-700 nm; linear extrapolation in the Dstl dataset
1C,706,0.6836,extrapolated_by_dataset,Jerlov printed 310-700 nm; linear extrapolation in the Dstl dataset
1C,707,0.6892,extrapolated_by_dataset,Jerlov printed 310-700 nm; linear extrapolation in the Dstl dataset
1C,708,0.6948,extrapolated_by_dataset,Jerlov printed 310-700 nm; linear extrapolation in the Dstl dataset
1C,709,0.7004,extrapolated_by_dataset,Jerlov printed 310-700 nm; linear extrapolation in the Dstl dataset
1C,710,0.706,extrapolated_by_dataset,Jerlov printed 310-700 nm; linear extrapolation in the Dstl dataset
1C,711,0.7116,extrapolated_by_dataset,Jerlov printed 310-700 nm; linear extrapolation in the Dstl dataset
1C,712,0.7172,extrapolated_by_dataset,Jerlov printed 310-700 nm; linear extrapolation in the Dstl dataset
1C,713,0.7228,extrapolated_by_dataset,Jerlov printed 310-700 nm; linear extrapolation in the Dstl dataset
1C,714,0.7284,extrapolated_by_dataset,Jerlov printed 310-700 nm; linear extrapolation in the Dstl dataset
1C,715,0.734,extrapolated_by_dataset,Jerlov printed 310-700 nm; linear extrapolation in the Dstl dataset
3C,300,2.575,extrapolated_by_dataset,Jerlov printed 310-700 nm; linear extrapolation in the Dstl dataset
3C,301,2.5575,extrapolated_by_dataset,Jerlov printed 310-700 nm; linear extrapolation in the Dstl dataset
3C,302,2.54,extrapolated_by_dataset,Jerlov printed 310-700 nm; linear extrapolation in the Dstl dataset
3C,303,2.5225,extrapolated_by_dataset,Jerlov printed 310-700 nm; linear extrapolation in the Dstl dataset
3C,304,2.505,extrapolated_by_dataset,Jerlov printed 310-700 nm; linear extrapolation in the Dstl dataset
3C,305,2.4875,extrapolated_by_dataset,Jerlov printed 310-700 nm; linear extrapolation in the Dstl dataset
3C,306,2.47,extrapolated_by_dataset,Jerlov printed 310-700 nm; linear extrapolation in the Dstl dataset
3C,307,2.4525,extrapolated_by_dataset,Jerlov printed 310-700 nm; linear extrapolation in the Dstl dataset
3C,308,2.435,extrapolated_by_dataset,Jerlov printed 310-700 nm; linear extrapolation in the Dstl dataset
3C,309,2.4175,extrapolated_by_dataset,Jerlov printed 310-700 nm; linear extrapolation in the Dstl dataset
3C,310,2.4,ok,
3C,311,2.3825,interpolated,
3C,312,2.365,interpolated,
3C,313,2.3475,interpolated,
3C,314,2.33,interpolated,
3C,315,2.3125,interpolated,
3C,316,2.295,interpolated,
3C,317,2.2775,interpolated,
3C,318,2.26,interpolated,
3C,319,2.2425,interpolated,
3C,320,2.225,interpolated,
3C,321,2.2075,interpolated,
3C,322,2.19,interpolated,
3C,323,2.1725,interpolated,
3C,324,2.155,interpolated,
3C,325,2.1375,interpolated,
3C,326,2.12,interpolated,
3C,327,2.1025,interpolated,
3C,328,2.085,interpolated,
3C,329,2.0675,interpolated,
3C,330,2.05,interpolated,
3C,331,2.0325,interpolated,
3C,332,2.015,interpolated,
3C,333,1.9975,interpolated,
3C,334,1.98,interpolated,
3C,335,1.9625,interpolated,
3C,336,1.945,interpolated,
3C,337,1.9275,interpolated,
3C,338,1.91,interpolated,
3C,339,1.8925,interpolated,
3C,340,1.875,interpolated,
3C,341,1.8575,interpolated,
3C,342,1.84,interpolated,
3C,343,1.8225,interpolated,
3C,344,1.805,interpolated,
3C,345,1.7875,interpolated,
3C,346,1.77,interpolated,
3C,347,1.7525,interpolated,
3C,348,1.735,interpolated,
3C,349,1.7175,interpolated,
3C,350,1.7,ok,
3C,351,1.676,interpolated,
3C,352,1.652,interpolated,
3C,353,1.628,interpolated,
3C,354,1.604,interpolated,
3C,355,1.58,interpolated,
3C,356,1.556,interpolated,
3C,357,1.532,interpolated,
3C,358,1.508,interpolated,
3C,359,1.484,interpolated,
3C,360,1.46,interpolated,
3C,361,1.436,interpolated,
3C,362,1.412,interpolated,
3C,363,1.388,interpolated,
3C,364,1.364,interpolated,
3C,365,1.34,interpolated,
3C,366,1.316,interpolated,
3C,367,1.292,interpolated,
3C,368,1.268,interpolated,
3C,369,1.244,interpolated,
3C,370,1.22,interpolated,
3C,371,1.196,interpolated,
3C,372,1.172,interpolated,
3C,373,1.148,interpolated,
3C,374,1.124,interpolated,
3C,375,1.1,ok,
3C,376,1.0872,interpolated,
3C,377,1.0744,interpolated,
3C,378,1.0616,interpolated,
3C,379,1.0488,interpolated,
3C,380,1.036,interpolated,
3C,381,1.0232,interpolated,
3C,382,1.0104,interpolated,
3C,383,0.9976,interpolated,
3C,384,0.9848,interpolated,
3C,385,0.972,interpolated,
3C,386,0.9592,interpolated,
3C,387,0.9464,interpolated,
3C,388,0.9336,interpolated,
3C,389,0.9208,interpolated,
3C,390,0.908,interpolated,
3C,391,0.8952,interpolated,
3C,392,0.8824,interpolated,
3C,393,0.8696,interpolated,
3C,394,0.8568,interpolated,
3C,395,0.844,interpolated,
3C,396,0.8312,interpolated,
3C,397,0.8184,interpolated,
3C,398,0.8056,interpolated,
3C,399,0.7928,interpolated,
3C,400,0.78,ok,
3C,401,0.7704,interpolated,
3C,402,0.7608,interpolated,
3C,403,0.7512,interpolated,
3C,404,0.7416,interpolated,
3C,405,0.732,interpolated,
3C,406,0.7224,interpolated,
3C,407,0.7128,interpolated,
3C,408,0.7032,interpolated,
3C,409,0.6936,interpolated,
3C,410,0.684,interpolated,
3C,411,0.6744,interpolated,
3C,412,0.6648,interpolated,
3C,413,0.6552,interpolated,
3C,414,0.6456,interpolated,
3C,415,0.636,interpolated,
3C,416,0.6264,interpolated,
3C,417,0.6168,interpolated,
3C,418,0.6072,interpolated,
3C,419,0.5976,interpolated,
3C,420,0.588,interpolated,
3C,421,0.5784,interpolated,
3C,422,0.5688,interpolated,
3C,423,0.5592,interpolated,
3C,424,0.5496,interpolated,
3C,425,0.54,ok,
3C,426,0.534,interpolated,
3C,427,0.528,interpolated,
3C,428,0.522,interpolated,
3C,429,0.516,interpolated,
3C,430,0.51,interpolated,
3C,431,0.504,interpolated,
3C,432,0.498,interpolated,
3C,433,0.492,interpolated,
3C,434,0.486,interpolated,
3C,435,0.48,interpolated,
3C,436,0.474,interpolated,
3C,437,0.468,interpolated,
3C,438,0.462,interpolated,
3C,439,0.456,interpolated,
3C,440,0.45,interpolated,
3C,441,0.444,interpolated,
3C,442,0.438,interpolated,
3C,443,0.432,interpolated,
3C,444,0.426,interpolated,
3C,445,0.42,interpolated,
3C,446,0.414,interpolated,
3C,447,0.408,interpolated,
3C,448,0.402,interpolated,
3C,449,0.396,interpolated,
3C,450,0.39,ok,
3C,451,0.386,interpolated,
3C,452,0.382,interpolated,
3C,453,0.378,interpolated,
3C,454,0.374,interpolated,
3C,455,0.37,interpolated,
3C,456,0.366,interpolated,
3C,457,0.362,interpolated,
3C,458,0.358,interpolated,
3C,459,0.354,interpolated,
3C,460,0.35,interpolated,
3C,461,0.346,interpolated,
3C,462,0.342,interpolated,
3C,463,0.338,interpolated,
3C,464,0.334,interpolated,
3C,465,0.33,interpolated,
3C,466,0.326,interpolated,
3C,467,0.322,interpolated,
3C,468,0.318,interpolated,
3C,469,0.314,interpolated,
3C,470,0.31,interpolated,
3C,471,0.306,interpolated,
3C,472,0.302,interpolated,
3C,473,0.298,interpolated,
3C,474,0.294,interpolated,
3C,475,0.29,ok,
3C,476,0.2872,interpolated,
3C,477,0.2844,interpolated,
3C,478,0.2816,interpolated,
3C,479,0.2788,interpolated,
3C,480,0.276,interpolated,
3C,481,0.2732,interpolated,
3C,482,0.2704,interpolated,
3C,483,0.2676,interpolated,
3C,484,0.2648,interpolated,
3C,485,0.262,interpolated,
3C,486,0.2592,interpolated,
3C,487,0.2564,interpolated,
3C,488,0.2536,interpolated,
3C,489,0.2508,interpolated,
3C,490,0.248,interpolated,
3C,491,0.2452,interpolated,
3C,492,0.2424,interpolated,
3C,493,0.2396,interpolated,
3C,494,0.2368,interpolated,
3C,495,0.234,interpolated,
3C,496,0.2312,interpolated,
3C,497,0.2284,interpolated,
3C,498,0.2256,interpolated,
3C,499,0.2228,interpolated,
3C,500,0.22,ok,
3C,501,0.2192,interpolated,
3C,502,0.2184,interpolated,
3C,503,0.2176,interpolated,
3C,504,0.2168,interpolated,
3C,505,0.216,interpolated,
3C,506,0.2152,interpolated,
3C,507,0.2144,interpolated,
3C,508,0.2136,interpolated,
3C,509,0.2128,interpolated,
3C,510,0.212,interpolated,
3C,511,0.2112,interpolated,
3C,512,0.2104,interpolated,
3C,513,0.2096,interpolated,
3C,514,0.2088,interpolated,
3C,515,0.208,interpolated,
3C,516,0.2072,interpolated,
3C,517,0.2064,interpolated,
3C,518,0.2056,interpolated,
3C,519,0.2048,interpolated,
3C,520,0.204,interpolated,
3C,521,0.2032,interpolated,
3C,522,0.2024,interpolated,
3C,523,0.2016,interpolated,
3C,524,0.2008,interpolated,
3C,525,0.2,ok,
3C,526,0.1996,interpolated,
3C,527,0.1992,interpolated,
3C,528,0.1988,interpolated,
3C,529,0.1984,interpolated,
3C,530,0.198,interpolated,
3C,531,0.1976,interpolated,
3C,532,0.1972,interpolated,
3C,533,0.1968,interpolated,
3C,534,0.1964,interpolated,
3C,535,0.196,interpolated,
3C,536,0.1956,interpolated,
3C,537,0.1952,interpolated,
3C,538,0.1948,interpolated,
3C,539,0.1944,interpolated,
3C,540,0.194,interpolated,
3C,541,0.1936,interpolated,
3C,542,0.1932,interpolated,
3C,543,0.1928,interpolated,
3C,544,0.1924,interpolated,
3C,545,0.192,interpolated,
3C,546,0.1916,interpolated,
3C,547,0.1912,interpolated,
3C,548,0.1908,interpolated,
3C,549,0.1904,interpolated,
3C,550,0.19,ok,
3C,551,0.1908,interpolated,
3C,552,0.1916,interpolated,
3C,553,0.1924,interpolated,
3C,554,0.1932,interpolated,
3C,555,0.194,interpolated,
3C,556,0.1948,interpolated,
3C,557,0.1956,interpolated,
3C,558,0.1964,interpolated,
3C,559,0.1972,interpolated,
3C,560,0.198,interpolated,
3C,561,0.1988,interpolated,
3C,562,0.1996,interpolated,
3C,563,0.2004,interpolated,
3C,564,0.2012,interpolated,
3C,565,0.202,interpolated,
3C,566,0.2028,interpolated,
3C,567,0.2036,interpolated,
3C,568,0.2044,interpolated,
3C,569,0.2052,interpolated,
3C,570,0.206,interpolated,
3C,571,0.2068,interpolated,
3C,572,0.2076,interpolated,
3C,573,0.2084,interpolated,
3C,574,0.2092,interpolated,
3C,575,0.21,ok,
3C,576,0.2148,interpolated,
3C,577,0.2196,interpolated,
3C,578,0.2244,interpolated,
3C,579,0.2292,interpolated,
3C,580,0.234,interpolated,
3C,581,0.2388,interpolated,
3C,582,0.2436,interpolated,
3C,583,0.2484,interpolated,
3C,584,0.2532,interpolated,
3C,585,0.258,interpolated,
3C,586,0.2628,interpolated,
3C,587,0.2676,interpolated,
3C,588,0.2724,interpolated,
3C,589,0.2772,interpolated,
3C,590,0.282,interpolated,
3C,591,0.2868,interpolated,
3C,592,0.2916,interpolated,
3C,593,0.2964,interpolated,
3C,594,0.3012,interpolated,
3C,595,0.306,interpolated,
3C,596,0.3108,interpolated,
3C,597,0.3156,interpolated,
3C,598,0.3204,interpolated,
3C,599,0.3252,interpolated,
3C,600,0.33,ok,
3C,601,0.3328,interpolated,
3C,602,0.3356,interpolated,
3C,603,0.3384,interpolated,
3C,604,0.3412,interpolated,
3C,605,0.344,interpolated,
3C,606,0.3468,interpolated,
3C,607,0.3496,interpolated,
3C,608,0.3524,interpolated,
3C,609,0.3552,interpolated,
3C,610,0.358,interpolated,
3C,611,0.3608,interpolated,
3C,612,0.3636,interpolated,
3C,613,0.3664,interpolated,
3C,614,0.3692,interpolated,
3C,615,0.372,interpolated,
3C,616,0.3748,interpolated,
3C,617,0.3776,interpolated,
3C,618,0.3804,interpolated,
3C,619,0.3832,interpolated,
3C,620,0.386,interpolated,
3C,621,0.3888,interpolated,
3C,622,0.3916,interpolated,
3C,623,0.3944,interpolated,
3C,624,0.3972,interpolated,
3C,625,0.4,ok,
3C,626,0.4024,interpolated,
3C,627,0.4048,interpolated,
3C,628,0.4072,interpolated,
3C,629,0.4096,interpolated,
3C,630,0.412,interpolated,
3C,631,0.4144,interpolated,
3C,632,0.4168,interpolated,
3C,633,0.4192,interpolated,
3C,634,0.4216,interpolated,
3C,635,0.424,interpolated,
3C,636,0.4264,interpolated,
3C,637,0.4288,interpolated,
3C,638,0.4312,interpolated,
3C,639,0.4336,interpolated,
3C,640,0.436,interpolated,
3C,641,0.4384,interpolated,
3C,642,0.4408,interpolated,
3C,643,0.4432,interpolated,
3C,644,0.4456,interpolated,
3C,645,0.448,interpolated,
3C,646,0.4504,interpolated,
3C,647,0.4528,interpolated,
3C,648,0.4552,interpolated,
3C,649,0.4576,interpolated,
3C,650,0.46,ok,
3C,651,0.464,interpolated,
3C,652,0.468,interpolated,
3C,653,0.472,interpolated,
3C,654,0.476,interpolated,
3C,655,0.48,interpolated,
3C,656,0.484,interpolated,
3C,657,0.488,interpolated,
3C,658,0.492,interpolated,
3C,659,0.496,interpolated,
3C,660,0.5,interpolated,
3C,661,0.504,interpolated,
3C,662,0.508,interpolated,
3C,663,0.512,interpolated,
3C,664,0.516,interpolated,
3C,665,0.52,interpolated,
3C,666,0.524,interpolated,
3C,667,0.528,interpolated,
3C,668,0.532,interpolated,
3C,669,0.536,interpolated,
3C,670,0.54,interpolated,
3C,671,0.544,interpolated,
3C,672,0.548,interpolated,
3C,673,0.552,interpolated,
3C,674,0.556,interpolated,
3C,675,0.56,ok,
3C,676,0.566,interpolated,
3C,677,0.572,interpolated,
3C,678,0.578,interpolated,
3C,679,0.584,interpolated,
3C,680,0.59,interpolated,
3C,681,0.596,interpolated,
3C,682,0.602,interpolated,
3C,683,0.608,interpolated,
3C,684,0.614,interpolated,
3C,685,0.62,interpolated,
3C,686,0.626,interpolated,
3C,687,0.632,interpolated,
3C,688,0.638,interpolated,
3C,689,0.644,interpolated,
3C,690,0.65,interpolated,
3C,691,0.656,interpolated,
3C,692,0.662,interpolated,
3C,693,0.668,interpolated,
3C,694,0.674,interpolated,
3C,695,0.68,interpolated,
3C,696,0.686,interpolated,
3C,697,0.692,interpolated,
3C,698,0.698,interpolated,
3C,699,0.704,interpolated,
3C,700,0.71,ok,
3C,701,0.716,extrapolated_by_dataset,Jerlov printed 310-700 nm; linear extrapolation in the Dstl dataset
3C,702,0.722,extrapolated_by_dataset,Jerlov printed 310-700 nm; linear extrapolation in the Dstl dataset
3C,703,0.728,extrapolated_by_dataset,Jerlov printed 310-700 nm; linear extrapolation in the Dstl dataset
3C,704,0.734,extrapolated_by_dataset,Jerlov printed 310-700 nm; linear extrapolation in the Dstl dataset
3C,705,0.74,extrapolated_by_dataset,Jerlov printed 310-700 nm; linear extrapolation in the Dstl dataset
3C,706,0.746,extrapolated_by_dataset,Jerlov printed 310-700 nm; linear extrapolation in the Dstl dataset
3C,707,0.752,extrapolated_by_dataset,Jerlov printed 310-700 nm; linear extrapolation in the Dstl dataset
3C,708,0.758,extrapolated_by_dataset,Jerlov printed 310-700 nm; linear extrapolation in the Dstl dataset
3C,709,0.764,extrapolated_by_dataset,Jerlov printed 310-700 nm; linear extrapolation in the Dstl dataset
3C,710,0.77,extrapolated_by_dataset,Jerlov printed 310-700 nm; linear extrapolation in the Dstl dataset
3C,711,0.776,extrapolated_by_dataset,Jerlov printed 310-700 nm; linear extrapolation in the Dstl dataset
3C,712,0.782,extrapolated_by_dataset,Jerlov printed 310-700 nm; linear extrapolation in the Dstl dataset
3C,713,0.788,extrapolated_by_dataset,Jerlov printed 310-700 nm; linear extrapolation in the Dstl dataset
3C,714,0.794,extrapolated_by_dataset,Jerlov printed 310-700 nm; linear extrapolation in the Dstl dataset
3C,715,0.8,extrapolated_by_dataset,Jerlov printed 310-700 nm; linear extrapolation in the Dstl dataset
5C,300,3.8,extrapolated_by_dataset,Jerlov printed 310-700 nm; linear extrapolation in the Dstl dataset
5C,301,3.77,extrapolated_by_dataset,Jerlov printed 310-700 nm; linear extrapolation in the Dstl dataset
5C,302,3.74,extrapolated_by_dataset,Jerlov printed 310-700 nm; linear extrapolation in the Dstl dataset
5C,303,3.71,extrapolated_by_dataset,Jerlov printed 310-700 nm; linear extrapolation in the Dstl dataset
5C,304,3.68,extrapolated_by_dataset,Jerlov printed 310-700 nm; linear extrapolation in the Dstl dataset
5C,305,3.65,extrapolated_by_dataset,Jerlov printed 310-700 nm; linear extrapolation in the Dstl dataset
5C,306,3.62,extrapolated_by_dataset,Jerlov printed 310-700 nm; linear extrapolation in the Dstl dataset
5C,307,3.59,extrapolated_by_dataset,Jerlov printed 310-700 nm; linear extrapolation in the Dstl dataset
5C,308,3.56,extrapolated_by_dataset,Jerlov printed 310-700 nm; linear extrapolation in the Dstl dataset
5C,309,3.53,extrapolated_by_dataset,Jerlov printed 310-700 nm; linear extrapolation in the Dstl dataset
5C,310,3.5,ok,
5C,311,3.47,interpolated,
5C,312,3.44,interpolated,
5C,313,3.41,interpolated,
5C,314,3.38,interpolated,
5C,315,3.35,interpolated,
5C,316,3.32,interpolated,
5C,317,3.29,interpolated,
5C,318,3.26,interpolated,
5C,319,3.23,interpolated,
5C,320,3.2,interpolated,
5C,321,3.17,interpolated,
5C,322,3.14,interpolated,
5C,323,3.11,interpolated,
5C,324,3.08,interpolated,
5C,325,3.05,interpolated,
5C,326,3.02,interpolated,
5C,327,2.99,interpolated,
5C,328,2.96,interpolated,
5C,329,2.93,interpolated,
5C,330,2.9,interpolated,
5C,331,2.87,interpolated,
5C,332,2.84,interpolated,
5C,333,2.81,interpolated,
5C,334,2.78,interpolated,
5C,335,2.75,interpolated,
5C,336,2.72,interpolated,
5C,337,2.69,interpolated,
5C,338,2.66,interpolated,
5C,339,2.63,interpolated,
5C,340,2.6,interpolated,
5C,341,2.57,interpolated,
5C,342,2.54,interpolated,
5C,343,2.51,interpolated,
5C,344,2.48,interpolated,
5C,345,2.45,interpolated,
5C,346,2.42,interpolated,
5C,347,2.39,interpolated,
5C,348,2.36,interpolated,
5C,349,2.33,interpolated,
5C,350,2.3,ok,
5C,351,2.272,interpolated,
5C,352,2.244,interpolated,
5C,353,2.216,interpolated,
5C,354,2.188,interpolated,
5C,355,2.16,interpolated,
5C,356,2.132,interpolated,
5C,357,2.104,interpolated,
5C,358,2.076,interpolated,
5C,359,2.048,interpolated,
5C,360,2.02,interpolated,
5C,361,1.992,interpolated,
5C,362,1.964,interpolated,
5C,363,1.936,interpolated,
5C,364,1.908,interpolated,
5C,365,1.88,interpolated,
5C,366,1.852,interpolated,
5C,367,1.824,interpolated,
5C,368,1.796,interpolated,
5C,369,1.768,interpolated,
5C,370,1.74,interpolated,
5C,371,1.712,interpolated,
5C,372,1.684,interpolated,
5C,373,1.656,interpolated,
5C,374,1.628,interpolated,
5C,375,1.6,ok,
5C,376,1.58,interpolated,
5C,377,1.56,interpolated,
5C,378,1.54,interpolated,
5C,379,1.52,interpolated,
5C,380,1.5,interpolated,
5C,381,1.48,interpolated,
5C,382,1.46,interpolated,
5C,383,1.44,interpolated,
5C,384,1.42,interpolated,
5C,385,1.4,interpolated,
5C,386,1.38,interpolated,
5C,387,1.36,interpolated,
5C,388,1.34,interpolated,
5C,389,1.32,interpolated,
5C,390,1.3,interpolated,
5C,391,1.28,interpolated,
5C,392,1.26,interpolated,
5C,393,1.24,interpolated,
5C,394,1.22,interpolated,
5C,395,1.2,interpolated,
5C,396,1.18,interpolated,
5C,397,1.16,interpolated,
5C,398,1.14,interpolated,
5C,399,1.12,interpolated,
5C,400,1.1,ok,
5C,401,1.0872,interpolated,
5C,402,1.0744,interpolated,
5C,403,1.0616,interpolated,
5C,404,1.0488,interpolated,
5C,405,1.036,interpolated,
5C,406,1.0232,interpolated,
5C,407,1.0104,interpolated,
5C,408,0.9976,interpolated,
5C,409,0.9848,interpolated,
5C,410,0.972,interpolated,
5C,411,0.9592,interpolated,
5C,412,0.9464,interpolated,
5C,413,0.9336,interpolated,
5C,414,0.9208,interpolated,
5C,415,0.908,interpolated,
5C,416,0.8952,interpolated,
5C,417,0.8824,interpolated,
5C,418,0.8696,interpolated,
5C,419,0.8568,interpolated,
5C,420,0.844,interpolated,
5C,421,0.8312,interpolated,
5C,422,0.8184,interpolated,
5C,423,0.8056,interpolated,
5C,424,0.7928,interpolated,
5C,425,0.78,ok,
5C,426,0.7712,interpolated,
5C,427,0.7624,interpolated,
5C,428,0.7536,interpolated,
5C,429,0.7448,interpolated,
5C,430,0.736,interpolated,
5C,431,0.7272,interpolated,
5C,432,0.7184,interpolated,
5C,433,0.7096,interpolated,
5C,434,0.7008,interpolated,
5C,435,0.692,interpolated,
5C,436,0.6832,interpolated,
5C,437,0.6744,interpolated,
5C,438,0.6656,interpolated,
5C,439,0.6568,interpolated,
5C,440,0.648,interpolated,
5C,441,0.6392,interpolated,
5C,442,0.6304,interpolated,
5C,443,0.6216,interpolated,
5C,444,0.6128,interpolated,
5C,445,0.604,interpolated,
5C,446,0.5952,interpolated,
5C,447,0.5864,interpolated,
5C,448,0.5776,interpolated,
5C,449,0.5688,interpolated,
5C,450,0.56,ok,
5C,451,0.5548,interpolated,
5C,452,0.5496,interpolated,
5C,453,0.5444,interpolated,
5C,454,0.5392,interpolated,
5C,455,0.534,interpolated,
5C,456,0.5288,interpolated,
5C,457,0.5236,interpolated,
5C,458,0.5184,interpolated,
5C,459,0.5132,interpolated,
5C,460,0.508,interpolated,
5C,461,0.5028,interpolated,
5C,462,0.4976,interpolated,
5C,463,0.4924,interpolated,
5C,464,0.4872,interpolated,
5C,465,0.482,interpolated,
5C,466,0.4768,interpolated,
5C,467,0.4716,interpolated,
5C,468,0.4664,interpolated,
5C,469,0.4612,interpolated,
5C,470,0.456,interpolated,
5C,471,0.4508,interpolated,
5C,472,0.4456,interpolated,
5C,473,0.4404,interpolated,
5C,474,0.4352,interpolated,
5C,475,0.43,ok,
5C,476,0.4272,interpolated,
5C,477,0.4244,interpolated,
5C,478,0.4216,interpolated,
5C,479,0.4188,interpolated,
5C,480,0.416,interpolated,
5C,481,0.4132,interpolated,
5C,482,0.4104,interpolated,
5C,483,0.4076,interpolated,
5C,484,0.4048,interpolated,
5C,485,0.402,interpolated,
5C,486,0.3992,interpolated,
5C,487,0.3964,interpolated,
5C,488,0.3936,interpolated,
5C,489,0.3908,interpolated,
5C,490,0.388,interpolated,
5C,491,0.3852,interpolated,
5C,492,0.3824,interpolated,
5C,493,0.3796,interpolated,
5C,494,0.3768,interpolated,
5C,495,0.374,interpolated,
5C,496,0.3712,interpolated,
5C,497,0.3684,interpolated,
5C,498,0.3656,interpolated,
5C,499,0.3628,interpolated,
5C,500,0.36,ok,
5C,501,0.358,interpolated,
5C,502,0.356,interpolated,
5C,503,0.354,interpolated,
5C,504,0.352,interpolated,
5C,505,0.35,interpolated,
5C,506,0.348,interpolated,
5C,507,0.346,interpolated,
5C,508,0.344,interpolated,
5C,509,0.342,interpolated,
5C,510,0.34,interpolated,
5C,511,0.338,interpolated,
5C,512,0.336,interpolated,
5C,513,0.334,interpolated,
5C,514,0.332,interpolated,
5C,515,0.33,interpolated,
5C,516,0.328,interpolated,
5C,517,0.326,interpolated,
5C,518,0.324,interpolated,
5C,519,0.322,interpolated,
5C,520,0.32,interpolated,
5C,521,0.318,interpolated,
5C,522,0.316,interpolated,
5C,523,0.314,interpolated,
5C,524,0.312,interpolated,
5C,525,0.31,ok,
5C,526,0.3096,interpolated,
5C,527,0.3092,interpolated,
5C,528,0.3088,interpolated,
5C,529,0.3084,interpolated,
5C,530,0.308,interpolated,
5C,531,0.3076,interpolated,
5C,532,0.3072,interpolated,
5C,533,0.3068,interpolated,
5C,534,0.3064,interpolated,
5C,535,0.306,interpolated,
5C,536,0.3056,interpolated,
5C,537,0.3052,interpolated,
5C,538,0.3048,interpolated,
5C,539,0.3044,interpolated,
5C,540,0.304,interpolated,
5C,541,0.3036,interpolated,
5C,542,0.3032,interpolated,
5C,543,0.3028,interpolated,
5C,544,0.3024,interpolated,
5C,545,0.302,interpolated,
5C,546,0.3016,interpolated,
5C,547,0.3012,interpolated,
5C,548,0.3008,interpolated,
5C,549,0.3004,interpolated,
5C,550,0.3,ok,
5C,551,0.3012,interpolated,
5C,552,0.3024,interpolated,
5C,553,0.3036,interpolated,
5C,554,0.3048,interpolated,
5C,555,0.306,interpolated,
5C,556,0.3072,interpolated,
5C,557,0.3084,interpolated,
5C,558,0.3096,interpolated,
5C,559,0.3108,interpolated,
5C,560,0.312,interpolated,
5C,561,0.3132,interpolated,
5C,562,0.3144,interpolated,
5C,563,0.3156,interpolated,
5C,564,0.3168,interpolated,
5C,565,0.318,interpolated,
5C,566,0.3192,interpolated,
5C,567,0.3204,interpolated,
5C,568,0.3216,interpolated,
5C,569,0.3228,interpolated,
5C,570,0.324,interpolated,
5C,571,0.3252,interpolated,
5C,572,0.3264,interpolated,
5C,573,0.3276,interpolated,
5C,574,0.3288,interpolated,
5C,575,0.33,ok,
5C,576,0.3328,interpolated,
5C,577,0.3356,interpolated,
5C,578,0.3384,interpolated,
5C,579,0.3412,interpolated,
5C,580,0.344,interpolated,
5C,581,0.3468,interpolated,
5C,582,0.3496,interpolated,
5C,583,0.3524,interpolated,
5C,584,0.3552,interpolated,
5C,585,0.358,interpolated,
5C,586,0.3608,interpolated,
5C,587,0.3636,interpolated,
5C,588,0.3664,interpolated,
5C,589,0.3692,interpolated,
5C,590,0.372,interpolated,
5C,591,0.3748,interpolated,
5C,592,0.3776,interpolated,
5C,593,0.3804,interpolated,
5C,594,0.3832,interpolated,
5C,595,0.386,interpolated,
5C,596,0.3888,interpolated,
5C,597,0.3916,interpolated,
5C,598,0.3944,interpolated,
5C,599,0.3972,interpolated,
5C,600,0.4,ok,
5C,601,0.4032,interpolated,
5C,602,0.4064,interpolated,
5C,603,0.4096,interpolated,
5C,604,0.4128,interpolated,
5C,605,0.416,interpolated,
5C,606,0.4192,interpolated,
5C,607,0.4224,interpolated,
5C,608,0.4256,interpolated,
5C,609,0.4288,interpolated,
5C,610,0.432,interpolated,
5C,611,0.4352,interpolated,
5C,612,0.4384,interpolated,
5C,613,0.4416,interpolated,
5C,614,0.4448,interpolated,
5C,615,0.448,interpolated,
5C,616,0.4512,interpolated,
5C,617,0.4544,interpolated,
5C,618,0.4576,interpolated,
5C,619,0.4608,interpolated,
5C,620,0.464,interpolated,
5C,621,0.4672,interpolated,
5C,622,0.4704,interpolated,
5C,623,0.4736,interpolated,
5C,624,0.4768,interpolated,
5C,625,0.48,ok,
5C,626,0.4824,interpolated,
5C,627,0.4848,interpolated,
5C,628,0.4872,interpolated,
5C,629,0.4896,interpolated,
5C,630,0.492,interpolated,
5C,631,0.4944,interpolated,
5C,632,0.4968,interpolated,
5C,633,0.4992,interpolated,
5C,634,0.5016,interpolated,
5C,635,0.504,interpolated,
5C,636,0.5064,interpolated,
5C,637,0.5088,interpolated,
5C,638,0.5112,interpolated,
5C,639,0.5136,interpolated,
5C,640,0.516,interpolated,
5C,641,0.5184,interpolated,
5C,642,0.5208,interpolated,
5C,643,0.5232,interpolated,
5C,644,0.5256,interpolated,
5C,645,0.528,interpolated,
5C,646,0.5304,interpolated,
5C,647,0.5328,interpolated,
5C,648,0.5352,interpolated,
5C,649,0.5376,interpolated,
5C,650,0.54,ok,
5C,651,0.5444,interpolated,
5C,652,0.5488,interpolated,
5C,653,0.5532,interpolated,
5C,654,0.5576,interpolated,
5C,655,0.562,interpolated,
5C,656,0.5664,interpolated,
5C,657,0.5708,interpolated,
5C,658,0.5752,interpolated,
5C,659,0.5796,interpolated,
5C,660,0.584,interpolated,
5C,661,0.5884,interpolated,
5C,662,0.5928,interpolated,
5C,663,0.5972,interpolated,
5C,664,0.6016,interpolated,
5C,665,0.606,interpolated,
5C,666,0.6104,interpolated,
5C,667,0.6148,interpolated,
5C,668,0.6192,interpolated,
5C,669,0.6236,interpolated,
5C,670,0.628,interpolated,
5C,671,0.6324,interpolated,
5C,672,0.6368,interpolated,
5C,673,0.6412,interpolated,
5C,674,0.6456,interpolated,
5C,675,0.65,ok,
5C,676,0.656,interpolated,
5C,677,0.662,interpolated,
5C,678,0.668,interpolated,
5C,679,0.674,interpolated,
5C,680,0.68,interpolated,
5C,681,0.686,interpolated,
5C,682,0.692,interpolated,
5C,683,0.698,interpolated,
5C,684,0.704,interpolated,
5C,685,0.71,interpolated,
5C,686,0.716,interpolated,
5C,687,0.722,interpolated,
5C,688,0.728,interpolated,
5C,689,0.734,interpolated,
5C,690,0.74,interpolated,
5C,691,0.746,interpolated,
5C,692,0.752,interpolated,
5C,693,0.758,interpolated,
5C,694,0.764,interpolated,
5C,695,0.77,interpolated,
5C,696,0.776,interpolated,
5C,697,0.782,interpolated,
5C,698,0.788,interpolated,
5C,699,0.794,interpolated,
5C,700,0.8,ok,
5C,701,0.806,extrapolated_by_dataset,Jerlov printed 310-700 nm; linear extrapolation in the Dstl dataset
5C,702,0.812,extrapolated_by_dataset,Jerlov printed 310-700 nm; linear extrapolation in the Dstl dataset
5C,703,0.818,extrapolated_by_dataset,Jerlov printed 310-700 nm; linear extrapolation in the Dstl dataset
5C,704,0.824,extrapolated_by_dataset,Jerlov printed 310-700 nm; linear extrapolation in the Dstl dataset
5C,705,0.83,extrapolated_by_dataset,Jerlov printed 310-700 nm; linear extrapolation in the Dstl dataset
5C,706,0.836,extrapolated_by_dataset,Jerlov printed 310-700 nm; linear extrapolation in the Dstl dataset
5C,707,0.842,extrapolated_by_dataset,Jerlov printed 310-700 nm; linear extrapolation in the Dstl dataset
5C,708,0.848,extrapolated_by_dataset,Jerlov printed 310-700 nm; linear extrapolation in the Dstl dataset
5C,709,0.854,extrapolated_by_dataset,Jerlov printed 310-700 nm; linear extrapolation in the Dstl dataset
5C,710,0.86,extrapolated_by_dataset,Jerlov printed 310-700 nm; linear extrapolation in the Dstl dataset
5C,711,0.866,extrapolated_by_dataset,Jerlov printed 310-700 nm; linear extrapolation in the Dstl dataset
5C,712,0.872,extrapolated_by_dataset,Jerlov printed 310-700 nm; linear extrapolation in the Dstl dataset
5C,713,0.878,extrapolated_by_dataset,Jerlov printed 310-700 nm; linear extrapolation in the Dstl dataset
5C,714,0.884,extrapolated_by_dataset,Jerlov printed 310-700 nm; linear extrapolation in the Dstl dataset
5C,715,0.89,extrapolated_by_dataset,Jerlov printed 310-700 nm; linear extrapolation in the Dstl dataset
7C,300,,missing,Jerlov 1976 has no value at this wavelength
7C,301,,missing,Jerlov 1976 has no value at this wavelength
7C,302,,missing,Jerlov 1976 has no value at this wavelength
7C,303,,missing,Jerlov 1976 has no value at this wavelength
7C,304,,missing,Jerlov 1976 has no value at this wavelength
7C,305,,missing,Jerlov 1976 has no value at this wavelength
7C,306,,missing,Jerlov 1976 has no value at this wavelength
7C,307,,missing,Jerlov 1976 has no value at this wavelength
7C,308,,missing,Jerlov 1976 has no value at this wavelength
7C,309,,missing,Jerlov 1976 has no value at this wavelength
7C,310,,missing,Jerlov 1976 has no value at this wavelength
7C,311,,missing,Jerlov 1976 has no value at this wavelength
7C,312,,missing,Jerlov 1976 has no value at this wavelength
7C,313,,missing,Jerlov 1976 has no value at this wavelength
7C,314,,missing,Jerlov 1976 has no value at this wavelength
7C,315,,missing,Jerlov 1976 has no value at this wavelength
7C,316,,missing,Jerlov 1976 has no value at this wavelength
7C,317,,missing,Jerlov 1976 has no value at this wavelength
7C,318,,missing,Jerlov 1976 has no value at this wavelength
7C,319,,missing,Jerlov 1976 has no value at this wavelength
7C,320,,missing,Jerlov 1976 has no value at this wavelength
7C,321,,missing,Jerlov 1976 has no value at this wavelength
7C,322,,missing,Jerlov 1976 has no value at this wavelength
7C,323,,missing,Jerlov 1976 has no value at this wavelength
7C,324,,missing,Jerlov 1976 has no value at this wavelength
7C,325,,missing,Jerlov 1976 has no value at this wavelength
7C,326,,missing,Jerlov 1976 has no value at this wavelength
7C,327,,missing,Jerlov 1976 has no value at this wavelength
7C,328,,missing,Jerlov 1976 has no value at this wavelength
7C,329,,missing,Jerlov 1976 has no value at this wavelength
7C,330,,missing,Jerlov 1976 has no value at this wavelength
7C,331,,missing,Jerlov 1976 has no value at this wavelength
7C,332,,missing,Jerlov 1976 has no value at this wavelength
7C,333,,missing,Jerlov 1976 has no value at this wavelength
7C,334,,missing,Jerlov 1976 has no value at this wavelength
7C,335,,missing,Jerlov 1976 has no value at this wavelength
7C,336,,missing,Jerlov 1976 has no value at this wavelength
7C,337,,missing,Jerlov 1976 has no value at this wavelength
7C,338,,missing,Jerlov 1976 has no value at this wavelength
7C,339,,missing,Jerlov 1976 has no value at this wavelength
7C,340,,missing,Jerlov 1976 has no value at this wavelength
7C,341,,missing,Jerlov 1976 has no value at this wavelength
7C,342,,missing,Jerlov 1976 has no value at this wavelength
7C,343,,missing,Jerlov 1976 has no value at this wavelength
7C,344,,missing,Jerlov 1976 has no value at this wavelength
7C,345,,missing,Jerlov 1976 has no value at this wavelength
7C,346,,missing,Jerlov 1976 has no value at this wavelength
7C,347,,missing,Jerlov 1976 has no value at this wavelength
7C,348,,missing,Jerlov 1976 has no value at this wavelength
7C,349,,missing,Jerlov 1976 has no value at this wavelength
7C,350,3,ok,
7C,351,2.964,interpolated,
7C,352,2.928,interpolated,
7C,353,2.892,interpolated,
7C,354,2.856,interpolated,
7C,355,2.82,interpolated,
7C,356,2.784,interpolated,
7C,357,2.748,interpolated,
7C,358,2.712,interpolated,
7C,359,2.676,interpolated,
7C,360,2.64,interpolated,
7C,361,2.604,interpolated,
7C,362,2.568,interpolated,
7C,363,2.532,interpolated,
7C,364,2.496,interpolated,
7C,365,2.46,interpolated,
7C,366,2.424,interpolated,
7C,367,2.388,interpolated,
7C,368,2.352,interpolated,
7C,369,2.316,interpolated,
7C,370,2.28,interpolated,
7C,371,2.244,interpolated,
7C,372,2.208,interpolated,
7C,373,2.172,interpolated,
7C,374,2.136,interpolated,
7C,375,2.1,ok,
7C,376,2.08,interpolated,
7C,377,2.06,interpolated,
7C,378,2.04,interpolated,
7C,379,2.02,interpolated,
7C,380,2,interpolated,
7C,381,1.98,interpolated,
7C,382,1.96,interpolated,
7C,383,1.94,interpolated,
7C,384,1.92,interpolated,
7C,385,1.9,interpolated,
7C,386,1.88,interpolated,
7C,387,1.86,interpolated,
7C,388,1.84,interpolated,
7C,389,1.82,interpolated,
7C,390,1.8,interpolated,
7C,391,1.78,interpolated,
7C,392,1.76,interpolated,
7C,393,1.74,interpolated,
7C,394,1.72,interpolated,
7C,395,1.7,interpolated,
7C,396,1.68,interpolated,
7C,397,1.66,interpolated,
7C,398,1.64,interpolated,
7C,399,1.62,interpolated,
7C,400,1.6,ok,
7C,401,1.584,interpolated,
7C,402,1.568,interpolated,
7C,403,1.552,interpolated,
7C,404,1.536,interpolated,
7C,405,1.52,interpolated,
7C,406,1.504,interpolated,
7C,407,1.488,interpolated,
7C,408,1.472,interpolated,
7C,409,1.456,interpolated,
7C,410,1.44,interpolated,
7C,411,1.424,interpolated,
7C,412,1.408,interpolated,
7C,413,1.392,interpolated,
7C,414,1.376,interpolated,
7C,415,1.36,interpolated,
7C,416,1.344,interpolated,
7C,417,1.328,interpolated,
7C,418,1.312,interpolated,
7C,419,1.296,interpolated,
7C,420,1.28,interpolated,
7C,421,1.264,interpolated,
7C,422,1.248,interpolated,
7C,423,1.232,interpolated,
7C,424,1.216,interpolated,
7C,425,1.2,ok,
7C,426,1.1876,interpolated,
7C,427,1.1752,interpolated,
7C,428,1.1628,interpolated,
7C,429,1.1504,interpolated,
7C,430,1.138,interpolated,
7C,431,1.1256,interpolated,
7C,432,1.1132,interpolated,
7C,433,1.1008,interpolated,
7C,434,1.0884,interpolated,
7C,435,1.076,interpolated,
7C,436,1.0636,interpolated,
7C,437,1.0512,interpolated,
7C,438,1.0388,interpolated,
7C,439,1.0264,interpolated,
7C,440,1.014,interpolated,
7C,441,1.0016,interpolated,
7C,442,0.9892,interpolated,
7C,443,0.9768,interpolated,
7C,444,0.9644,interpolated,
7C,445,0.952,interpolated,
7C,446,0.9396,interpolated,
7C,447,0.9272,interpolated,
7C,448,0.9148,interpolated,
7C,449,0.9024,interpolated,
7C,450,0.89,ok,
7C,451,0.8828,interpolated,
7C,452,0.8756,interpolated,
7C,453,0.8684,interpolated,
7C,454,0.8612,interpolated,
7C,455,0.854,interpolated,
7C,456,0.8468,interpolated,
7C,457,0.8396,interpolated,
7C,458,0.8324,interpolated,
7C,459,0.8252,interpolated,
7C,460,0.818,interpolated,
7C,461,0.8108,interpolated,
7C,462,0.8036,interpolated,
7C,463,0.7964,interpolated,
7C,464,0.7892,interpolated,
7C,465,0.782,interpolated,
7C,466,0.7748,interpolated,
7C,467,0.7676,interpolated,
7C,468,0.7604,interpolated,
7C,469,0.7532,interpolated,
7C,470,0.746,interpolated,
7C,471,0.7388,interpolated,
7C,472,0.7316,interpolated,
7C,473,0.7244,interpolated,
7C,474,0.7172,interpolated,
7C,475,0.71,ok,
7C,476,0.7048,interpolated,
7C,477,0.6996,interpolated,
7C,478,0.6944,interpolated,
7C,479,0.6892,interpolated,
7C,480,0.684,interpolated,
7C,481,0.6788,interpolated,
7C,482,0.6736,interpolated,
7C,483,0.6684,interpolated,
7C,484,0.6632,interpolated,
7C,485,0.658,interpolated,
7C,486,0.6528,interpolated,
7C,487,0.6476,interpolated,
7C,488,0.6424,interpolated,
7C,489,0.6372,interpolated,
7C,490,0.632,interpolated,
7C,491,0.6268,interpolated,
7C,492,0.6216,interpolated,
7C,493,0.6164,interpolated,
7C,494,0.6112,interpolated,
7C,495,0.606,interpolated,
7C,496,0.6008,interpolated,
7C,497,0.5956,interpolated,
7C,498,0.5904,interpolated,
7C,499,0.5852,interpolated,
7C,500,0.58,ok,
7C,501,0.5764,interpolated,
7C,502,0.5728,interpolated,
7C,503,0.5692,interpolated,
7C,504,0.5656,interpolated,
7C,505,0.562,interpolated,
7C,506,0.5584,interpolated,
7C,507,0.5548,interpolated,
7C,508,0.5512,interpolated,
7C,509,0.5476,interpolated,
7C,510,0.544,interpolated,
7C,511,0.5404,interpolated,
7C,512,0.5368,interpolated,
7C,513,0.5332,interpolated,
7C,514,0.5296,interpolated,
7C,515,0.526,interpolated,
7C,516,0.5224,interpolated,
7C,517,0.5188,interpolated,
7C,518,0.5152,interpolated,
7C,519,0.5116,interpolated,
7C,520,0.508,interpolated,
7C,521,0.5044,interpolated,
7C,522,0.5008,interpolated,
7C,523,0.4972,interpolated,
7C,524,0.4936,interpolated,
7C,525,0.49,ok,
7C,526,0.4888,interpolated,
7C,527,0.4876,interpolated,
7C,528,0.4864,interpolated,
7C,529,0.4852,interpolated,
7C,530,0.484,interpolated,
7C,531,0.4828,interpolated,
7C,532,0.4816,interpolated,
7C,533,0.4804,interpolated,
7C,534,0.4792,interpolated,
7C,535,0.478,interpolated,
7C,536,0.4768,interpolated,
7C,537,0.4756,interpolated,
7C,538,0.4744,interpolated,
7C,539,0.4732,interpolated,
7C,540,0.472,interpolated,
7C,541,0.4708,interpolated,
7C,542,0.4696,interpolated,
7C,543,0.4684,interpolated,
7C,544,0.4672,interpolated,
7C,545,0.466,interpolated,
7C,546,0.4648,interpolated,
7C,547,0.4636,interpolated,
7C,548,0.4624,interpolated,
7C,549,0.4612,interpolated,
7C,550,0.46,ok,
7C,551,0.46,interpolated,
7C,552,0.46,interpolated,
7C,553,0.46,interpolated,
7C,554,0.46,interpolated,
7C,555,0.46,interpolated,
7C,556,0.46,interpolated,
7C,557,0.46,interpolated,
7C,558,0.46,interpolated,
7C,559,0.46,interpolated,
7C,560,0.46,interpolated,
7C,561,0.46,interpolated,
7C,562,0.46,interpolated,
7C,563,0.46,interpolated,
7C,564,0.46,interpolated,
7C,565,0.46,interpolated,
7C,566,0.46,interpolated,
7C,567,0.46,interpolated,
7C,568,0.46,interpolated,
7C,569,0.46,interpolated,
7C,570,0.46,interpolated,
7C,571,0.46,interpolated,
7C,572,0.46,interpolated,
7C,573,0.46,interpolated,
7C,574,0.46,interpolated,
7C,575,0.46,ok,
7C,576,0.4608,interpolated,
7C,577,0.4616,interpolated,
7C,578,0.4624,interpolated,
7C,579,0.4632,interpolated,
7C,580,0.464,interpolated,
7C,581,0.4648,interpolated,
7C,582,0.4656,interpolated,
7C,583,0.4664,interpolated,
7C,584,0.4672,interpolated,
7C,585,0.468,interpolated,
7C,586,0.4688,interpolated,
7C,587,0.4696,interpolated,
7C,588,0.4704,interpolated,
7C,589,0.4712,interpolated,
7C,590,0.472,interpolated,
7C,591,0.4728,interpolated,
7C,592,0.4736,interpolated,
7C,593,0.4744,interpolated,
7C,594,0.4752,interpolated,
7C,595,0.476,interpolated,
7C,596,0.4768,interpolated,
7C,597,0.4776,interpolated,
7C,598,0.4784,interpolated,
7C,599,0.4792,interpolated,
7C,600,0.48,ok,
7C,601,0.4824,interpolated,
7C,602,0.4848,interpolated,
7C,603,0.4872,interpolated,
7C,604,0.4896,interpolated,
7C,605,0.492,interpolated,
7C,606,0.4944,interpolated,
7C,607,0.4968,interpolated,
7C,608,0.4992,interpolated,
7C,609,0.5016,interpolated,
7C,610,0.504,interpolated,
7C,611,0.5064,interpolated,
7C,612,0.5088,interpolated,
7C,613,0.5112,interpolated,
7C,614,0.5136,interpolated,
7C,615,0.516,interpolated,
7C,616,0.5184,interpolated,
7C,617,0.5208,interpolated,
7C,618,0.5232,interpolated,
7C,619,0.5256,interpolated,
7C,620,0.528,interpolated,
7C,621,0.5304,interpolated,
7C,622,0.5328,interpolated,
7C,623,0.5352,interpolated,
7C,624,0.5376,interpolated,
7C,625,0.54,ok,
7C,626,0.5436,interpolated,
7C,627,0.5472,interpolated,
7C,628,0.5508,interpolated,
7C,629,0.5544,interpolated,
7C,630,0.558,interpolated,
7C,631,0.5616,interpolated,
7C,632,0.5652,interpolated,
7C,633,0.5688,interpolated,
7C,634,0.5724,interpolated,
7C,635,0.576,interpolated,
7C,636,0.5796,interpolated,
7C,637,0.5832,interpolated,
7C,638,0.5868,interpolated,
7C,639,0.5904,interpolated,
7C,640,0.594,interpolated,
7C,641,0.5976,interpolated,
7C,642,0.6012,interpolated,
7C,643,0.6048,interpolated,
7C,644,0.6084,interpolated,
7C,645,0.612,interpolated,
7C,646,0.6156,interpolated,
7C,647,0.6192,interpolated,
7C,648,0.6228,interpolated,
7C,649,0.6264,interpolated,
7C,650,0.63,ok,
7C,651,0.636,interpolated,
7C,652,0.642,interpolated,
7C,653,0.648,interpolated,
7C,654,0.654,interpolated,
7C,655,0.66,interpolated,
7C,656,0.666,interpolated,
7C,657,0.672,interpolated,
7C,658,0.678,interpolated,
7C,659,0.684,interpolated,
7C,660,0.69,interpolated,
7C,661,0.696,interpolated,
7C,662,0.702,interpolated,
7C,663,0.708,interpolated,
7C,664,0.714,interpolated,
7C,665,0.72,interpolated,
7C,666,0.726,interpolated,
7C,667,0.732,interpolated,
7C,668,0.738,interpolated,
7C,669,0.744,interpolated,
7C,670,0.75,interpolated,
7C,671,0.756,interpolated,
7C,672,0.762,interpolated,
7C,673,0.768,interpolated,
7C,674,0.774,interpolated,
7C,675,0.78,ok,
7C,676,0.7856,interpolated,
7C,677,0.7912,interpolated,
7C,678,0.7968,interpolated,
7C,679,0.8024,interpolated,
7C,680,0.808,interpolated,
7C,681,0.8136,interpolated,
7C,682,0.8192,interpolated,
7C,683,0.8248,interpolated,
7C,684,0.8304,interpolated,
7C,685,0.836,interpolated,
7C,686,0.8416,interpolated,
7C,687,0.8472,interpolated,
7C,688,0.8528,interpolated,
7C,689,0.8584,interpolated,
7C,690,0.864,interpolated,
7C,691,0.8696,interpolated,
7C,692,0.8752,interpolated,
7C,693,0.8808,interpolated,
7C,694,0.8864,interpolated,
7C,695,0.892,interpolated,
7C,696,0.8976,interpolated,
7C,697,0.9032,interpolated,
7C,698,0.9088,interpolated,
7C,699,0.9144,interpolated,
7C,700,0.92,ok,
7C,701,0.9256,extrapolated_by_dataset,Jerlov printed 350-700 nm; linear extrapolation in the Dstl dataset
7C,702,0.9312,extrapolated_by_dataset,Jerlov printed 350-700 nm; linear extrapolation in the Dstl dataset
7C,703,0.9368,extrapolated_by_dataset,Jerlov printed 350-700 nm; linear extrapolation in the Dstl dataset
7C,704,0.9424,extrapolated_by_dataset,Jerlov printed 350-700 nm; linear extrapolation in the Dstl dataset
7C,705,0.948,extrapolated_by_dataset,Jerlov printed 350-700 nm; linear extrapolation in the Dstl dataset
7C,706,0.9536,extrapolated_by_dataset,Jerlov printed 350-700 nm; linear extrapolation in the Dstl dataset
7C,707,0.9592,extrapolated_by_dataset,Jerlov printed 350-700 nm; linear extrapolation in the Dstl dataset
7C,708,0.9648,extrapolated_by_dataset,Jerlov printed 350-700 nm; linear extrapolation in the Dstl dataset
7C,709,0.9704,extrapolated_by_dataset,Jerlov printed 350-700 nm; linear extrapolation in the Dstl dataset
7C,710,0.976,extrapolated_by_dataset,Jerlov printed 350-700 nm; linear extrapolation in the Dstl dataset
7C,711,0.9816,extrapolated_by_dataset,Jerlov printed 350-700 nm; linear extrapolation in the Dstl dataset
7C,712,0.9872,extrapolated_by_dataset,Jerlov printed 350-700 nm; linear extrapolation in the Dstl dataset
7C,713,0.9928,extrapolated_by_dataset,Jerlov printed 350-700 nm; linear extrapolation in the Dstl dataset
7C,714,0.9984,extrapolated_by_dataset,Jerlov printed 350-700 nm; linear extrapolation in the Dstl dataset
7C,715,1.004,extrapolated_by_dataset,Jerlov printed 350-700 nm; linear extrapolation in the Dstl dataset
9C,300,,missing,Jerlov 1976 has no value at this wavelength
9C,301,,missing,Jerlov 1976 has no value at this wavelength
9C,302,,missing,Jerlov 1976 has no value at this wavelength
9C,303,,missing,Jerlov 1976 has no value at this wavelength
9C,304,,missing,Jerlov 1976 has no value at this wavelength
9C,305,,missing,Jerlov 1976 has no value at this wavelength
9C,306,,missing,Jerlov 1976 has no value at this wavelength
9C,307,,missing,Jerlov 1976 has no value at this wavelength
9C,308,,missing,Jerlov 1976 has no value at this wavelength
9C,309,,missing,Jerlov 1976 has no value at this wavelength
9C,310,,missing,Jerlov 1976 has no value at this wavelength
9C,311,,missing,Jerlov 1976 has no value at this wavelength
9C,312,,missing,Jerlov 1976 has no value at this wavelength
9C,313,,missing,Jerlov 1976 has no value at this wavelength
9C,314,,missing,Jerlov 1976 has no value at this wavelength
9C,315,,missing,Jerlov 1976 has no value at this wavelength
9C,316,,missing,Jerlov 1976 has no value at this wavelength
9C,317,,missing,Jerlov 1976 has no value at this wavelength
9C,318,,missing,Jerlov 1976 has no value at this wavelength
9C,319,,missing,Jerlov 1976 has no value at this wavelength
9C,320,,missing,Jerlov 1976 has no value at this wavelength
9C,321,,missing,Jerlov 1976 has no value at this wavelength
9C,322,,missing,Jerlov 1976 has no value at this wavelength
9C,323,,missing,Jerlov 1976 has no value at this wavelength
9C,324,,missing,Jerlov 1976 has no value at this wavelength
9C,325,,missing,Jerlov 1976 has no value at this wavelength
9C,326,,missing,Jerlov 1976 has no value at this wavelength
9C,327,,missing,Jerlov 1976 has no value at this wavelength
9C,328,,missing,Jerlov 1976 has no value at this wavelength
9C,329,,missing,Jerlov 1976 has no value at this wavelength
9C,330,,missing,Jerlov 1976 has no value at this wavelength
9C,331,,missing,Jerlov 1976 has no value at this wavelength
9C,332,,missing,Jerlov 1976 has no value at this wavelength
9C,333,,missing,Jerlov 1976 has no value at this wavelength
9C,334,,missing,Jerlov 1976 has no value at this wavelength
9C,335,,missing,Jerlov 1976 has no value at this wavelength
9C,336,,missing,Jerlov 1976 has no value at this wavelength
9C,337,,missing,Jerlov 1976 has no value at this wavelength
9C,338,,missing,Jerlov 1976 has no value at this wavelength
9C,339,,missing,Jerlov 1976 has no value at this wavelength
9C,340,,missing,Jerlov 1976 has no value at this wavelength
9C,341,,missing,Jerlov 1976 has no value at this wavelength
9C,342,,missing,Jerlov 1976 has no value at this wavelength
9C,343,,missing,Jerlov 1976 has no value at this wavelength
9C,344,,missing,Jerlov 1976 has no value at this wavelength
9C,345,,missing,Jerlov 1976 has no value at this wavelength
9C,346,,missing,Jerlov 1976 has no value at this wavelength
9C,347,,missing,Jerlov 1976 has no value at this wavelength
9C,348,,missing,Jerlov 1976 has no value at this wavelength
9C,349,,missing,Jerlov 1976 has no value at this wavelength
9C,350,3.9,ok,
9C,351,3.864,interpolated,
9C,352,3.828,interpolated,
9C,353,3.792,interpolated,
9C,354,3.756,interpolated,
9C,355,3.72,interpolated,
9C,356,3.684,interpolated,
9C,357,3.648,interpolated,
9C,358,3.612,interpolated,
9C,359,3.576,interpolated,
9C,360,3.54,interpolated,
9C,361,3.504,interpolated,
9C,362,3.468,interpolated,
9C,363,3.432,interpolated,
9C,364,3.396,interpolated,
9C,365,3.36,interpolated,
9C,366,3.324,interpolated,
9C,367,3.288,interpolated,
9C,368,3.252,interpolated,
9C,369,3.216,interpolated,
9C,370,3.18,interpolated,
9C,371,3.144,interpolated,
9C,372,3.108,interpolated,
9C,373,3.072,interpolated,
9C,374,3.036,interpolated,
9C,375,3,ok,
9C,376,2.976,interpolated,
9C,377,2.952,interpolated,
9C,378,2.928,interpolated,
9C,379,2.904,interpolated,
9C,380,2.88,interpolated,
9C,381,2.856,interpolated,
9C,382,2.832,interpolated,
9C,383,2.808,interpolated,
9C,384,2.784,interpolated,
9C,385,2.76,interpolated,
9C,386,2.736,interpolated,
9C,387,2.712,interpolated,
9C,388,2.688,interpolated,
9C,389,2.664,interpolated,
9C,390,2.64,interpolated,
9C,391,2.616,interpolated,
9C,392,2.592,interpolated,
9C,393,2.568,interpolated,
9C,394,2.544,interpolated,
9C,395,2.52,interpolated,
9C,396,2.496,interpolated,
9C,397,2.472,interpolated,
9C,398,2.448,interpolated,
9C,399,2.424,interpolated,
9C,400,2.4,ok,
9C,401,2.38,interpolated,
9C,402,2.36,interpolated,
9C,403,2.34,interpolated,
9C,404,2.32,interpolated,
9C,405,2.3,interpolated,
9C,406,2.28,interpolated,
9C,407,2.26,interpolated,
9C,408,2.24,interpolated,
9C,409,2.22,interpolated,
9C,410,2.2,interpolated,
9C,411,2.18,interpolated,
9C,412,2.16,interpolated,
9C,413,2.14,interpolated,
9C,414,2.12,interpolated,
9C,415,2.1,interpolated,
9C,416,2.08,interpolated,
9C,417,2.06,interpolated,
9C,418,2.04,interpolated,
9C,419,2.02,interpolated,
9C,420,2,interpolated,
9C,421,1.98,interpolated,
9C,422,1.96,interpolated,
9C,423,1.94,interpolated,
9C,424,1.92,interpolated,
9C,425,1.9,ok,
9C,426,1.888,interpolated,
9C,427,1.876,interpolated,
9C,428,1.864,interpolated,
9C,429,1.852,interpolated,
9C,430,1.84,interpolated,
9C,431,1.828,interpolated,
9C,432,1.816,interpolated,
9C,433,1.804,interpolated,
9C,434,1.792,interpolated,
9C,435,1.78,interpolated,
9C,436,1.768,interpolated,
9C,437,1.756,interpolated,
9C,438,1.744,interpolated,
9C,439,1.732,interpolated,
9C,440,1.72,interpolated,
9C,441,1.708,interpolated,
9C,442,1.696,interpolated,
9C,443,1.684,interpolated,
9C,444,1.672,interpolated,
9C,445,1.66,interpolated,
9C,446,1.648,interpolated,
9C,447,1.636,interpolated,
9C,448,1.624,interpolated,
9C,449,1.612,interpolated,
9C,450,1.6,ok,
9C,451,1.5852,interpolated,
9C,452,1.5704,interpolated,
9C,453,1.5556,interpolated,
9C,454,1.5408,interpolated,
9C,455,1.526,interpolated,
9C,456,1.5112,interpolated,
9C,457,1.4964,interpolated,
9C,458,1.4816,interpolated,
9C,459,1.4668,interpolated,
9C,460,1.452,interpolated,
9C,461,1.4372,interpolated,
9C,462,1.4224,interpolated,
9C,463,1.4076,interpolated,
9C,464,1.3928,interpolated,
9C,465,1.378,interpolated,
9C,466,1.3632,interpolated,
9C,467,1.3484,interpolated,
9C,468,1.3336,interpolated,
9C,469,1.3188,interpolated,
9C,470,1.304,interpolated,
9C,471,1.2892,interpolated,
9C,472,1.2744,interpolated,
9C,473,1.2596,interpolated,
9C,474,1.2448,interpolated,
9C,475,1.23,ok,
9C,476,1.2204,interpolated,
9C,477,1.2108,interpolated,
9C,478,1.2012,interpolated,
9C,479,1.1916,interpolated,
9C,480,1.182,interpolated,
9C,481,1.1724,interpolated,
9C,482,1.1628,interpolated,
9C,483,1.1532,interpolated,
9C,484,1.1436,interpolated,
9C,485,1.134,interpolated,
9C,486,1.1244,interpolated,
9C,487,1.1148,interpolated,
9C,488,1.1052,interpolated,
9C,489,1.0956,interpolated,
9C,490,1.086,interpolated,
9C,491,1.0764,interpolated,
9C,492,1.0668,interpolated,
9C,493,1.0572,interpolated,
9C,494,1.0476,interpolated,
9C,495,1.038,interpolated,
9C,496,1.0284,interpolated,
9C,497,1.0188,interpolated,
9C,498,1.0092,interpolated,
9C,499,0.9996,interpolated,
9C,500,0.99,ok,
9C,501,0.9816,interpolated,
9C,502,0.9732,interpolated,
9C,503,0.9648,interpolated,
9C,504,0.9564,interpolated,
9C,505,0.948,interpolated,
9C,506,0.9396,interpolated,
9C,507,0.9312,interpolated,
9C,508,0.9228,interpolated,
9C,509,0.9144,interpolated,
9C,510,0.906,interpolated,
9C,511,0.8976,interpolated,
9C,512,0.8892,interpolated,
9C,513,0.8808,interpolated,
9C,514,0.8724,interpolated,
9C,515,0.864,interpolated,
9C,516,0.8556,interpolated,
9C,517,0.8472,interpolated,
9C,518,0.8388,interpolated,
9C,519,0.8304,interpolated,
9C,520,0.822,interpolated,
9C,521,0.8136,interpolated,
9C,522,0.8052,interpolated,
9C,523,0.7968,interpolated,
9C,524,0.7884,interpolated,
9C,525,0.78,ok,
9C,526,0.774,interpolated,
9C,527,0.768,interpolated,
9C,528,0.762,interpolated,
9C,529,0.756,interpolated,
9C,530,0.75,interpolated,
9C,531,0.744,interpolated,
9C,532,0.738,interpolated,
9C,533,0.732,interpolated,
9C,534,0.726,interpolated,
9C,535,0.72,interpolated,
9C,536,0.714,interpolated,
9C,537,0.708,interpolated,
9C,538,0.702,interpolated,
9C,539,0.696,interpolated,
9C,540,0.69,interpolated,
9C,541,0.684,interpolated,
9C,542,0.678,interpolated,
9C,543,0.672,interpolated,
9C,544,0.666,interpolated,
9C,545,0.66,interpolated,
9C,546,0.654,interpolated,
9C,547,0.648,interpolated,
9C,548,0.642,interpolated,
9C,549,0.636,interpolated,
9C,550,0.63,ok,
9C,551,0.628,interpolated,
9C,552,0.626,interpolated,
9C,553,0.624,interpolated,
9C,554,0.622,interpolated,
9C,555,0.62,interpolated,
9C,556,0.618,interpolated,
9C,557,0.616,interpolated,
9C,558,0.614,interpolated,
9C,559,0.612,interpolated,
9C,560,0.61,interpolated,
9C,561,0.608,interpolated,
9C,562,0.606,interpolated,
9C,563,0.604,interpolated,
9C,564,0.602,interpolated,
9C,565,0.6,interpolated,
9C,566,0.598,interpolated,
9C,567,0.596,interpolated,
9C,568,0.594,interpolated,
9C,569,0.592,interpolated,
9C,570,0.59,interpolated,
9C,571,0.588,interpolated,
9C,572,0.586,interpolated,
9C,573,0.584,interpolated,
9C,574,0.582,interpolated,
9C,575,0.58,ok,
9C,576,0.5808,interpolated,
9C,577,0.5816,interpolated,
9C,578,0.5824,interpolated,
9C,579,0.5832,interpolated,
9C,580,0.584,interpolated,
9C,581,0.5848,interpolated,
9C,582,0.5856,interpolated,
9C,583,0.5864,interpolated,
9C,584,0.5872,interpolated,
9C,585,0.588,interpolated,
9C,586,0.5888,interpolated,
9C,587,0.5896,interpolated,
9C,588,0.5904,interpolated,
9C,589,0.5912,interpolated,
9C,590,0.592,interpolated,
9C,591,0.5928,interpolated,
9C,592,0.5936,interpolated,
9C,593,0.5944,interpolated,
9C,594,0.5952,interpolated,
9C,595,0.596,interpolated,
9C,596,0.5968,interpolated,
9C,597,0.5976,interpolated,
9C,598,0.5984,interpolated,
9C,599,0.5992,interpolated,
9C,600,0.6,ok,
9C,601,0.602,interpolated,
9C,602,0.604,interpolated,
9C,603,0.606,interpolated,
9C,604,0.608,interpolated,
9C,605,0.61,interpolated,
9C,606,0.612,interpolated,
9C,607,0.614,interpolated,
9C,608,0.616,interpolated,
9C,609,0.618,interpolated,
9C,610,0.62,interpolated,
9C,611,0.622,interpolated,
9C,612,0.624,interpolated,
9C,613,0.626,interpolated,
9C,614,0.628,interpolated,
9C,615,0.63,interpolated,
9C,616,0.632,interpolated,
9C,617,0.634,interpolated,
9C,618,0.636,interpolated,
9C,619,0.638,interpolated,
9C,620,0.64,interpolated,
9C,621,0.642,interpolated,
9C,622,0.644,interpolated,
9C,623,0.646,interpolated,
9C,624,0.648,interpolated,
9C,625,0.65,ok,
9C,626,0.6544,interpolated,
9C,627,0.6588,interpolated,
9C,628,0.6632,interpolated,
9C,629,0.6676,interpolated,
9C,630,0.672,interpolated,
9C,631,0.6764,interpolated,
9C,632,0.6808,interpolated,
9C,633,0.6852,interpolated,
9C,634,0.6896,interpolated,
9C,635,0.694,interpolated,
9C,636,0.6984,interpolated,
9C,637,0.7028,interpolated,
9C,638,0.7072,interpolated,
9C,639,0.7116,interpolated,
9C,640,0.716,interpolated,
9C,641,0.7204,interpolated,
9C,642,0.7248,interpolated,
9C,643,0.7292,interpolated,
9C,644,0.7336,interpolated,
9C,645,0.738,interpolated,
9C,646,0.7424,interpolated,
9C,647,0.7468,interpolated,
9C,648,0.7512,interpolated,
9C,649,0.7556,interpolated,
9C,650,0.76,ok,
9C,651,0.7664,interpolated,
9C,652,0.7728,interpolated,
9C,653,0.7792,interpolated,
9C,654,0.7856,interpolated,
9C,655,0.792,interpolated,
9C,656,0.7984,interpolated,
9C,657,0.8048,interpolated,
9C,658,0.8112,interpolated,
9C,659,0.8176,interpolated,
9C,660,0.824,interpolated,
9C,661,0.8304,interpolated,
9C,662,0.8368,interpolated,
9C,663,0.8432,interpolated,
9C,664,0.8496,interpolated,
9C,665,0.856,interpolated,
9C,666,0.8624,interpolated,
9C,667,0.8688,interpolated,
9C,668,0.8752,interpolated,
9C,669,0.8816,interpolated,
9C,670,0.888,interpolated,
9C,671,0.8944,interpolated,
9C,672,0.9008,interpolated,
9C,673,0.9072,interpolated,
9C,674,0.9136,interpolated,
9C,675,0.92,ok,
9C,676,0.9272,interpolated,
9C,677,0.9344,interpolated,
9C,678,0.9416,interpolated,
9C,679,0.9488,interpolated,
9C,680,0.956,interpolated,
9C,681,0.9632,interpolated,
9C,682,0.9704,interpolated,
9C,683,0.9776,interpolated,
9C,684,0.9848,interpolated,
9C,685,0.992,interpolated,
9C,686,0.9992,interpolated,
9C,687,1.0064,interpolated,
9C,688,1.0136,interpolated,
9C,689,1.0208,interpolated,
9C,690,1.028,interpolated,
9C,691,1.0352,interpolated,
9C,692,1.0424,interpolated,
9C,693,1.0496,interpolated,
9C,694,1.0568,interpolated,
9C,695,1.064,interpolated,
9C,696,1.0712,interpolated,
9C,697,1.0784,interpolated,
9C,698,1.0856,interpolated,
9C,699,1.0928,interpolated,
9C,700,1.1,ok,
9C,701,1.1072,extrapolated_by_dataset,Jerlov printed 350-700 nm; linear extrapolation in the Dstl dataset
9C,702,1.1144,extrapolated_by_dataset,Jerlov printed 350-700 nm; linear extrapolation in the Dstl dataset
9C,703,1.1216,extrapolated_by_dataset,Jerlov printed 350-700 nm; linear extrapolation in the Dstl dataset
9C,704,1.1288,extrapolated_by_dataset,Jerlov printed 350-700 nm; linear extrapolation in the Dstl dataset
9C,705,1.136,extrapolated_by_dataset,Jerlov printed 350-700 nm; linear extrapolation in the Dstl dataset
9C,706,1.1432,extrapolated_by_dataset,Jerlov printed 350-700 nm; linear extrapolation in the Dstl dataset
9C,707,1.1504,extrapolated_by_dataset,Jerlov printed 350-700 nm; linear extrapolation in the Dstl dataset
9C,708,1.1576,extrapolated_by_dataset,Jerlov printed 350-700 nm; linear extrapolation in the Dstl dataset
9C,709,1.1648,extrapolated_by_dataset,Jerlov printed 350-700 nm; linear extrapolation in the Dstl dataset
9C,710,1.172,extrapolated_by_dataset,Jerlov printed 350-700 nm; linear extrapolation in the Dstl dataset
9C,711,1.1792,extrapolated_by_dataset,Jerlov printed 350-700 nm; linear extrapolation in the Dstl dataset
9C,712,1.1864,extrapolated_by_dataset,Jerlov printed 350-700 nm; linear extrapolation in the Dstl dataset
9C,713,1.1936,extrapolated_by_dataset,Jerlov printed 350-700 nm; linear extrapolation in the Dstl dataset
9C,714,1.2008,extrapolated_by_dataset,Jerlov printed 350-700 nm; linear extrapolation in the Dstl dataset
9C,715,1.208,extrapolated_by_dataset,Jerlov printed 350-700 nm; linear extrapolation in the Dstl dataset
